tanggal_lengkap,tanggal,hari,waktu,sub_suasana_hati,aktivitas,suasana_hati,sentimen
07/10/2020,Oct-07,Rabu,9:11 pm,bingung,Belajar | Seni | Berdoa | Berpuasa | Membaca Quran | Jalan Kaki | Mandi | Buku Audio | Menonton Serial | Berita Terkini | Makan Enak | Reddit | Belajar Bahasa | Streaming | YouTube | Memasak | Traveling | Membersihkan Rumah | Penelitian | Hal Baru | Tidur Siang Singkat | Dokumenter | Sahabat Pena | Coding | Tutorial,Biasa,Netral
25/10/2018,Oct-25,Kamis,10:03 am,bertanya-tanya,Berita Terkini | Sahabat Pena,Biasa,Netral
04/05/2019,May-04,Sabtu,10:15 am,tersulut emosi,Dota 2 | Podcast | Buku Audio | Berita Terkini | Makan Enak | Reddit | Streaming | YouTube | Surel | Mendengarkan Lagu | Desain | Catatan Berat Badan,Sangat Buruk,Negatif
03/03/2018,Mar-03,Sabtu,2:00 pm,keren,Streaming | YouTube | Penelitian | Hal Baru | Surel | Program Doktor,Luar Biasa,Positif
07/08/2020,Aug-07,Jumat,7:19 am,marah,Membaca | Belajar | Seni | Berdoa | Berpuasa | Membaca Quran | Jalan Kaki | Meditasi | Mandi | Dota 2 | Podcast | Buku Audio | Menulis | Menonton Serial | Berita Terkini | Makan Enak | Reddit | Belajar Bahasa | Streaming | YouTube | Menonton Film | Bermain Game | Hal Baru | Keluarga | Tidur Siang Singkat | Mendengarkan Lagu | Desain | Dokumenter | Cinta | Rekaman,Sangat Buruk,Negatif
21/05/2020,May-21,Kamis,8:00 pm,biasa saja,Membaca | Belajar | Seni | Menulis Jurnal | Berdoa | Berpuasa | Membaca Quran | Meditasi | Mandi | Buku Audio | Menulis | Berita Terkini | Makan Enak | Reddit | Belajar Bahasa | Streaming | YouTube | Penelitian | Hal Baru | Tidur Siang Singkat | Mendengarkan Lagu | Sahabat Pena | Catatan Berat Badan,Biasa,Netral
05/03/2018,Mar-05,Senin,7:02 pm,marah,Dota 2 | Streaming | YouTube,Sangat Buruk,Negatif
20/07/2020,Jul-20,Senin,9:12 pm,bertanya-tanya,Membaca | Belajar | Seni | Menulis Jurnal | Berdoa | Membaca Quran | Jalan Kaki | Meditasi | Mandi | Dota 2 | Podcast | Buku Audio | Menulis | Menonton Serial | Berita Terkini | Makan Enak | Reddit | Belajar Bahasa | Streaming | YouTube | Membersihkan Rumah | Penelitian | Hal Baru | Tidur Siang Singkat | Mendengarkan Lagu | Desain | Dokumenter | Tutorial | Cinta,Biasa,Netral
04/02/2018,Feb-04,Minggu,8:19 pm,santai totalitas,Menulis Jurnal | Jalan Kaki | Meditasi | Buku Audio | Makan Enak | Streaming | YouTube | Hal Baru,Baik,Positif
02/05/2018,May-02,Rabu,10:33 am,bingung,,Biasa,Netral
22/09/2020,Sep-22,Selasa,9:00 pm,lemah,Belajar | Seni | Berdoa | Berpuasa | Membaca Quran | Jalan Kaki | Buku Audio | Menulis | Menonton Serial | Berita Terkini | Makan Enak | Reddit | Belajar Bahasa | Streaming | YouTube | Memasak | Membersihkan Rumah | Penelitian | Hal Baru | Tidur Siang Singkat | Mendengarkan Lagu | Sahabat Pena | Coding | Tutorial,Biasa,Netral
12/09/2018,Sep-12,Rabu,2:13 pm,tersulut emosi,Dota 2,Sangat Buruk,Negatif
15/08/2020,Aug-15,Sabtu,9:00 pm,buruk,Seni | Jalan Kaki | Podcast | Buku Audio | Menonton Serial | Reddit | Belajar Bahasa | Streaming | YouTube,Buruk,Negatif
09/07/2018,Jul-09,Senin,9:58 am,bingung,,Biasa,Netral
12/09/2018,Sep-12,Rabu,7:03 pm,sakit,Dota 2 | YouTube,Buruk,Negatif
22/04/2020,Apr-22,Rabu,10:02 am,takut,Seni | Berdoa | Membaca Quran | Jalan Kaki | Meditasi | Mandi | Menulis | Menonton Serial | Berita Terkini | Makan Enak | Reddit | Streaming | YouTube | Tidur Siang Singkat | Mendengarkan Lagu | Desain | Sahabat Pena,Buruk,Negatif
21/11/2018,Nov-21,Rabu,10:08 am,diberkati,Berpuasa | Meditasi | Dota 2 | Podcast | Buku Audio | Berita Terkini | Makan Enak | Streaming | YouTube | Bermain Game | Traveling | Sahabat Pena | Pesta | Catatan Berat Badan,Baik,Positif
13/11/2018,Nov-13,Selasa,12:00 pm,santai totalitas,Membaca | Meditasi | Buku Audio | Sahabat Pena,Baik,Positif
24/04/2018,Apr-24,Selasa,2:00 pm,bingung,,Biasa,Netral
07/03/2020,Mar-07,Sabtu,9:00 pm,bersemangat,Berdoa | Berpuasa | Jalan Kaki | Meditasi | Podcast | Buku Audio | Menulis | Menonton Serial | Berita Terkini | Makan Enak | Reddit | Streaming | YouTube | Mendengarkan Lagu | Sahabat Pena,Luar Biasa,Positif
05/03/2018,Mar-05,Senin,7:02 pm,marah,Dota 2 | Streaming | YouTube,Sangat Buruk,Negatif
26/12/2018,Dec-26,Rabu,7:46 pm,lapar,Meditasi | Dota 2 | Berita Terkini | Makan Enak | Streaming | YouTube | Bermain Game | Tidur Siang Singkat,Baik,Positif
27/06/2020,Jun-27,Sabtu,9:20 pm,bersemangat,Membaca | Belajar | Seni | Berdoa | Berpuasa | Membaca Quran | Jalan Kaki | Meditasi | Mandi | Buku Audio | Menulis | Menonton Serial | Berita Terkini | Makan Enak | Reddit | Streaming | YouTube | Menonton Film | Keluarga | Tidur Siang Singkat | Mendengarkan Lagu | Dokumenter | Tutorial | Cinta,Luar Biasa,Positif
13/09/2018,Sep-13,Kamis,2:07 pm,tersulut emosi,Dota 2,Sangat Buruk,Negatif
20/03/2018,Mar-20,Selasa,10:08 am,khawatir,Dota 2 | Streaming | YouTube | Penelitian,Buruk,Negatif
07/07/2018,Jul-07,Sabtu,2:03 pm,tersulut emosi,Dota 2,Sangat Buruk,Negatif
12/02/2018,Feb-12,Senin,2:35 pm,santai,Dota 2 | Streaming | Mendengarkan Lagu,Baik,Positif
28/05/2020,May-28,Kamis,10:27 pm,santai totalitas,Belajar | Menulis Jurnal | Berdoa | Berpuasa | Membaca Quran | Jalan Kaki | Meditasi | Mandi | Buku Audio | Menulis | Menonton Serial | Berita Terkini | Makan Enak | Reddit | Belajar Bahasa | Streaming | YouTube | Hal Baru | Tidur Siang Singkat | Mendengarkan Lagu | Sahabat Pena,Baik,Positif
29/08/2020,Aug-29,Sabtu,9:01 pm,takut,Belajar | Seni | Berdoa | Berpuasa | Membaca Quran | Jalan Kaki | Meditasi | Mandi | Podcast | Buku Audio | Menonton Serial | Berita Terkini | Makan Enak | Reddit | Belajar Bahasa | Streaming | YouTube | Traveling | Dokumenter | Coding | Rekaman,Buruk,Negatif
09/09/2020,Sep-09,Rabu,9:00 pm,keren,Belajar | Berdoa | Membaca Quran | Jalan Kaki | Meditasi | Mandi | Buku Audio | Menulis | Menonton Serial | Berita Terkini | Makan Enak | Reddit | Belajar Bahasa | Bercukur | Poetry | Streaming | YouTube | Memasak | Penelitian | Hal Baru | Keluarga | Surel | Mendengarkan Lagu | Dokumenter | Belanja | Coding | Tutorial | Rekaman,Luar Biasa,Positif
04/04/2018,Apr-04,Rabu,10:00 am,sangat sedih,Dota 2 | Streaming,Sangat Buruk,Negatif
03/02/2018,Feb-03,Sabtu,3:12 pm,biasa saja,Jalan Kaki | Meditasi | Dota 2 | Buku Audio | Streaming | Traveling | Penelitian | Hal Baru,Biasa,Netral
28/11/2020,Nov-28,Sabtu,10:54 am,fokus,Membaca | Berdoa | Berpuasa | Jalan Kaki | Meditasi | Mandi | Buku Audio | Menulis | Menonton Serial | Berita Terkini | Makan Enak | Reddit | Streaming | YouTube | Memasak | Membersihkan Rumah | Penelitian | Tidur Siang Singkat | Mendengarkan Lagu | Sahabat Pena | Coding | Tutorial | Cinta,Baik,Positif
26/06/2018,Jun-26,Selasa,2:08 pm,bersemangat,Membaca | Menulis Jurnal | Berdoa | Mandi | Buku Audio | Menonton Serial | Hal Baru | Surel | Catatan Berat Badan,Luar Biasa,Positif
16/08/2020,Aug-16,Minggu,9:16 pm,sangat buruk,Seni | Menulis Jurnal | Berdoa | Berpuasa | Membaca Quran | Jalan Kaki | Meditasi | Mandi | Podcast | Buku Audio | Menonton Serial | Berita Terkini | Makan Enak | Reddit | Belajar Bahasa | Streaming | YouTube | Penelitian | Dokumenter,Sangat Buruk,Negatif
18/01/2020,Jan-18,Sabtu,9:01 pm,bersemangat,Berpuasa | Jalan Kaki | Meditasi | Podcast | Buku Audio | Menonton Serial | Makan Enak | Reddit | Streaming | YouTube | Diet Keto,Luar Biasa,Positif
06/12/2019,Dec-06,Jumat,9:03 pm,lapar,Berpuasa | Jalan Kaki | Meditasi | Mandi | Dota 2 | Buku Audio | Menonton Serial | Berita Terkini | Reddit | Streaming | YouTube | Diet Keto,Baik,Positif
15/08/2020,Aug-15,Sabtu,9:00 pm,buruk,Seni | Jalan Kaki | Podcast | Buku Audio | Menonton Serial | Reddit | Belajar Bahasa | Streaming | YouTube,Buruk,Negatif
26/05/2018,May-26,Sabtu,10:05 am,khawatir,,Buruk,Negatif
11/01/2021,Jan-11,Senin,9:55 pm,keren,Membaca | Berpuasa | Meditasi | Mandi | Buku Audio | Menulis | Menonton Serial | Berita Terkini | Makan Enak | Reddit | Belajar Bahasa | Yoga | Streaming | YouTube | Membersihkan Rumah | Penelitian | Keluarga | Tidur Siang Singkat | Perbaikan | Dokumenter | Sahabat Pena | Coding | Tutorial | Cinta,Luar Biasa,Positif
09/03/2018,Mar-09,Jumat,10:06 am,lemah,Jalan Kaki,Biasa,Netral
11/03/2018,Mar-11,Minggu,7:01 pm,sangat sedih,,Sangat Buruk,Negatif
25/11/2018,Nov-25,Minggu,6:21 pm,bingung,Meditasi | Dota 2 | Podcast | Buku Audio | Menonton Serial | Berita Terkini | Makan Enak | YouTube | Bermain Game | Surel | Sahabat Pena | Catatan Berat Badan,Biasa,Netral
26/03/2018,Mar-26,Senin,8:44 am,khawatir,Streaming,Buruk,Negatif
10/08/2020,Aug-10,Senin,9:15 pm,bertanya-tanya,Membaca | Seni | Berdoa | Berpuasa | Membaca Quran | Jalan Kaki | Meditasi | Mandi | Dota 2 | Buku Audio | Menulis | Menonton Serial | Berita Terkini | Makan Enak | Reddit | Belajar Bahasa | Bercukur | Merapikan Rambut | Streaming | YouTube | Membersihkan Rumah | Tidur Siang Singkat | Mendengarkan Lagu | Dokumenter | Cinta,Biasa,Netral
06/12/2020,Dec-06,Minggu,10:30 pm,takut,Membaca | Belajar | Berdoa | Berpuasa | Jalan Kaki | Meditasi | Mandi | Buku Audio | Menulis | Menonton Serial | Berita Terkini | Makan Enak | Reddit | Belajar Bahasa | Streaming | YouTube | Memasak | Hal Baru | Tidur Siang Singkat | Mendengarkan Lagu | Dokumenter | Sahabat Pena | Coding | Tutorial | Cinta,Buruk,Negatif
06/02/2018,Feb-06,Selasa,8:39 pm,sakit,Dota 2 | Streaming | Keluarga,Buruk,Negatif
22/01/2021,Jan-22,Jumat,1:19 pm,marah,Membaca | Belajar | Berdoa | Berpuasa | Jalan Kaki | Buku Audio | Menulis | Menonton Serial | Makan Enak | Reddit | Belajar Bahasa | Streaming | YouTube | Memasak | Membersihkan Rumah | Penelitian | Hal Baru | Tidur Siang Singkat | Dokumenter | Sahabat Pena | Coding | Tutorial,Sangat Buruk,Negatif
18/09/2020,Sep-18,Jumat,7:44 pm,tersulut emosi,Belajar | Berdoa | Berpuasa | Membaca Quran | Jalan Kaki | Meditasi | Mandi | Buku Audio | Menulis | Menonton Serial | Berita Terkini | Reddit | Belajar Bahasa | Streaming | YouTube | Memasak | Membersihkan Rumah | Penelitian | Hal Baru | Mendengarkan Lagu | Dokumenter | Sahabat Pena | Coding | Tutorial,Sangat Buruk,Negatif
02/05/2018,May-02,Rabu,11:22 am,khawatir,YouTube | Surel,Buruk,Negatif
19/12/2019,Dec-19,Kamis,9:01 pm,fokus,Berpuasa | Jalan Kaki | Meditasi | Mandi | Dota 2 | Buku Audio | Berita Terkini | Makan Enak | Reddit | Streaming | YouTube | Diet Keto | Catatan Berat Badan,Baik,Positif
11/02/2018,Feb-11,Minggu,10:29 am,biasa saja,Dota 2 | YouTube | Tidur Siang Singkat,Biasa,Netral
19/05/2020,May-19,Selasa,3:14 pm,khawatir,Membaca | Belajar | Seni | Menulis Jurnal | Berdoa | Berpuasa | Membaca Quran | Jalan Kaki | Meditasi | Mandi | Podcast | Buku Audio | Menulis | Menonton Serial | Berita Terkini | Makan Enak | Reddit | Belajar Bahasa | Streaming | YouTube | Penelitian | Hal Baru | Keluarga | Mendengarkan Lagu | Desain | Catatan Berat Badan,Buruk,Negatif
17/07/2018,Jul-17,Selasa,7:17 pm,sangat sedih,Dota 2 | Podcast | Makan Enak | Streaming | YouTube | Catatan Berat Badan,Sangat Buruk,Negatif
01/05/2019,May-01,Rabu,8:00 pm,bingung,Jalan Kaki | Podcast | Buku Audio | Berita Terkini | Makan Enak | Reddit | Streaming | YouTube | Surel | Desain | Catatan Berat Badan,Biasa,Netral
05/08/2020,Aug-05,Rabu,2:43 pm,sangat buruk,Membaca | Belajar | Seni | Berdoa | Berpuasa | Membaca Quran | Jalan Kaki | Meditasi | Mandi | Dota 2 | Podcast | Buku Audio | Menulis | Menonton Serial | Berita Terkini | Makan Enak | Reddit | Belajar Bahasa | Streaming | YouTube | Penelitian | Keluarga | Tidur Siang Singkat | Mendengarkan Lagu | Dokumenter | Cinta,Sangat Buruk,Negatif
31/03/2018,Mar-31,Sabtu,10:00 am,bingung,,Biasa,Netral
02/09/2020,Sep-02,Rabu,9:11 pm,bertanya-tanya,Membaca | Belajar | Seni | Berdoa | Berpuasa | Membaca Quran | Jalan Kaki | Meditasi | Mandi | Menonton Serial | Berita Terkini | Makan Enak | Reddit | Belajar Bahasa | Bercukur | Streaming | YouTube | Memasak | Meditasi Holotropik | Keluarga | Tidur Siang Singkat | Mendengarkan Lagu | Dokumenter | Sahabat Pena | Belanja | Coding | Pekerjaan | Rekaman,Biasa,Netral
17/03/2018,Mar-17,Sabtu,10:04 am,bertanya-tanya,Menonton Film,Biasa,Netral
11/12/2020,Dec-11,Jumat,9:04 pm,sangat sedih,Belajar | Jalan Kaki | Buku Audio | Menulis | Menonton Serial | Streaming | YouTube | Membersihkan Rumah | Penelitian | Hal Baru | Sahabat Pena | Coding | Tutorial | Cinta,Sangat Buruk,Negatif
05/03/2018,Mar-05,Senin,10:44 am,tersulut emosi,Dota 2,Sangat Buruk,Negatif
03/02/2018,Feb-03,Sabtu,7:52 pm,marah,Menulis Jurnal | Dota 2 | Streaming | Belanja,Sangat Buruk,Negatif
06/02/2018,Feb-06,Selasa,8:39 pm,sakit,Dota 2 | Streaming | Keluarga,Buruk,Negatif
22/01/2021,Jan-22,Jumat,1:19 pm,marah,Membaca | Belajar | Berdoa | Berpuasa | Jalan Kaki | Buku Audio | Menulis | Menonton Serial | Makan Enak | Reddit | Belajar Bahasa | Streaming | YouTube | Memasak | Membersihkan Rumah | Penelitian | Hal Baru | Tidur Siang Singkat | Dokumenter | Sahabat Pena | Coding | Tutorial,Sangat Buruk,Negatif
19/05/2020,May-19,Selasa,3:14 pm,khawatir,Membaca | Belajar | Seni | Menulis Jurnal | Berdoa | Berpuasa | Membaca Quran | Jalan Kaki | Meditasi | Mandi | Podcast | Buku Audio | Menulis | Menonton Serial | Berita Terkini | Makan Enak | Reddit | Belajar Bahasa | Streaming | YouTube | Penelitian | Hal Baru | Keluarga | Mendengarkan Lagu | Desain | Catatan Berat Badan,Buruk,Negatif
26/08/2020,Aug-26,Rabu,8:11 pm,biasa saja,Seni | Meditasi | Mandi | Podcast | Buku Audio | Menulis | Berita Terkini | Makan Enak | Reddit | Belajar Bahasa | Poetry | Streaming | YouTube | Penelitian | Keluarga | Dokumenter | Coding | Rekaman,Biasa,Netral
01/05/2018,May-01,Selasa,2:51 pm,khawatir,Membaca | Menulis Jurnal | YouTube | Penelitian,Buruk,Negatif
27/03/2020,Mar-27,Jumat,11:03 pm,keren,Berdoa | Berpuasa | Meditasi | Mandi | Buku Audio | Menonton Serial | Berita Terkini | Makan Enak | Reddit | Streaming | YouTube | Tidur Siang Singkat | Mendengarkan Lagu | Sahabat Pena,Luar Biasa,Positif
18/01/2020,Jan-18,Sabtu,9:01 pm,bersemangat,Berpuasa | Jalan Kaki | Meditasi | Podcast | Buku Audio | Menonton Serial | Makan Enak | Reddit | Streaming | YouTube | Diet Keto,Luar Biasa,Positif
06/11/2019,Nov-06,Rabu,7:11 pm,sangat bahagia,Menulis Jurnal | Berdoa | Berpuasa | Jalan Kaki | Meditasi | Podcast | Buku Audio | Menonton Serial | Berita Terkini | Reddit | Streaming | YouTube | Mendengarkan Lagu | Kabbalah | Diet Keto | Catatan Berat Badan,Luar Biasa,Positif
20/03/2018,Mar-20,Selasa,2:00 pm,lapar,,Baik,Positif
25/08/2020,Aug-25,Selasa,10:00 pm,sangat buruk,Seni | Berpuasa | Olahraga | Meditasi | Buku Audio | Menulis | Menonton Serial | Reddit | Belajar Bahasa | Streaming | YouTube | Tidur Siang Singkat | Dokumenter | Coding | Rekaman,Sangat Buruk,Negatif
27/04/2018,Apr-27,Jumat,7:46 pm,bertanya-tanya,Dota 2,Biasa,Netral
20/03/2018,Mar-20,Selasa,10:08 am,khawatir,Dota 2 | Streaming | YouTube | Penelitian,Buruk,Negatif
16/08/2020,Aug-16,Minggu,6:31 pm,sangat sedih,Seni | Berpuasa | Meditasi | Podcast | Buku Audio | Berita Terkini | Makan Enak | Reddit | Belajar Bahasa | YouTube | Cinta,Sangat Buruk,Negatif
11/09/2018,Sep-11,Selasa,7:43 pm,santai,Dota 2 | Berita Terkini | YouTube,Baik,Positif
01/05/2018,May-01,Selasa,2:51 pm,khawatir,Membaca | Menulis Jurnal | YouTube | Penelitian,Buruk,Negatif
14/02/2018,Feb-14,Rabu,7:01 pm,tersulut emosi,Jalan Kaki | YouTube | Mendengarkan Lagu,Sangat Buruk,Negatif
23/10/2018,Oct-23,Selasa,7:12 pm,bingung,Berdoa | Jalan Kaki | Podcast | Tidur Siang Singkat | Sahabat Pena,Biasa,Netral
09/07/2018,Jul-09,Senin,9:58 am,bingung,,Biasa,Netral
06/03/2018,Mar-06,Selasa,10:00 am,bertanya-tanya,Dota 2 | YouTube | Surel,Biasa,Netral
04/04/2018,Apr-04,Rabu,10:00 am,sangat sedih,Dota 2 | Streaming,Sangat Buruk,Negatif
02/12/2020,Dec-02,Rabu,2:59 am,bertanya-tanya,Membaca | Belajar | Seni | Berdoa | Berpuasa | Jalan Kaki | Meditasi | Mandi | Buku Audio | Menulis | Menonton Serial | Berita Terkini | Makan Enak | Reddit | Belajar Bahasa | Streaming | YouTube | Memasak | Membersihkan Rumah | Penelitian | Hal Baru | Tidur Siang Singkat | Dokumenter | Sahabat Pena | Coding | Tutorial | Cinta,Biasa,Netral
29/09/2020,Sep-29,Selasa,9:41 pm,takut,Seni | Berpuasa | Jalan Kaki | Menonton Serial | Berita Terkini | Makan Enak | Reddit | Streaming | YouTube | Memasak | Penelitian | Hal Baru | Tidur Siang Singkat | Dokumenter | Sahabat Pena | Coding | Tutorial,Buruk,Negatif
26/02/2018,Feb-26,Senin,7:00 pm,hari paling bahagia,Dota 2 | Streaming | Membersihkan Rumah | Surel,Luar Biasa,Positif
16/10/2020,Oct-16,Jumat,9:18 pm,lemah,Belajar | Seni | Berdoa | Berpuasa | Jalan Kaki | Meditasi | Mandi | Dota 2 | Buku Audio | Menulis | Menonton Serial | Berita Terkini | Makan Enak | Reddit | Belajar Bahasa | Streaming | YouTube | Memasak | Membersihkan Rumah | Penelitian | Hal Baru | Tidur Siang Singkat | Mendengarkan Lagu | Dokumenter | Sahabat Pena | Coding | Tutorial,Biasa,Netral
07/05/2018,May-07,Senin,12:06 pm,bingung,,Biasa,Netral
05/04/2018,Apr-05,Kamis,2:00 pm,sakit,Streaming,Buruk,Negatif
17/08/2020,Aug-17,Senin,7:40 pm,bingung,Berdoa | Berpuasa | Membaca Quran | Jalan Kaki | Meditasi | Mandi | Buku Audio | Menonton Serial | Berita Terkini | Makan Enak | Reddit | Belajar Bahasa | Streaming | YouTube | Tidur Siang Singkat | Dokumenter | Cinta,Biasa,Netral
12/09/2020,Sep-12,Sabtu,8:57 pm,bersemangat,Belajar | Seni | Berdoa | Berpuasa | Membaca Quran | Jalan Kaki | Meditasi | Podcast | Buku Audio | Menonton Serial | Berita Terkini | Makan Enak | Reddit | Belajar Bahasa | Streaming | YouTube | Penelitian | Mendengarkan Lagu | Sahabat Pena | Coding | Tutorial | Rekaman,Luar Biasa,Positif
12/03/2021,Mar-12,Jumat,9:01 pm,fokus,Membaca | Belajar | Berdoa | Berpuasa | Jalan Kaki | Meditasi | Podcast | Buku Audio | Menulis | Menonton Serial | Makan Enak | Reddit | Belajar Bahasa | Streaming | YouTube | Memasak | Membersihkan Rumah | Penelitian | Hal Baru | Tidur Siang Singkat | Mendengarkan Lagu | Dokumenter | Sahabat Pena | Coding | Tutorial,Baik,Positif
19/02/2021,Feb-19,Jumat,11:51 pm,keren,Membaca | Berdoa | Berpuasa | Jalan Kaki | Mandi | Buku Audio | Menulis | Menonton Serial | Makan Enak | Reddit | Belajar Bahasa | Streaming | YouTube | Memasak | Membersihkan Rumah | Penelitian | Hal Baru | Tidur Siang Singkat | Dokumenter | Sahabat Pena | Coding | Tutorial,Luar Biasa,Positif
05/03/2018,Mar-05,Senin,10:44 am,tersulut emosi,Dota 2,Sangat Buruk,Negatif
19/05/2020,May-19,Selasa,3:14 pm,khawatir,Membaca | Belajar | Seni | Menulis Jurnal | Berdoa | Berpuasa | Membaca Quran | Jalan Kaki | Meditasi | Mandi | Podcast | Buku Audio | Menulis | Menonton Serial | Berita Terkini | Makan Enak | Reddit | Belajar Bahasa | Streaming | YouTube | Penelitian | Hal Baru | Keluarga | Mendengarkan Lagu | Desain | Catatan Berat Badan,Buruk,Negatif
18/09/2019,Sep-18,Rabu,2:01 pm,lemah,Menulis Jurnal | Berpuasa | Meditasi | Dota 2 | Berita Terkini,Biasa,Netral
05/11/2018,Nov-05,Senin,12:56 pm,diberkati,Meditasi | Berita Terkini | YouTube | Sahabat Pena,Baik,Positif
25/04/2018,Apr-25,Rabu,3:33 pm,diberkati,Berdoa | Dota 2 | Menonton Serial | Streaming | YouTube | Menonton Film | Surel,Baik,Positif
07/02/2018,Feb-07,Rabu,7:00 pm,lemah,Makan Enak | Traveling | Penelitian | Rumah Sakit | Catatan Berat Badan,Biasa,Netral
01/05/2018,May-01,Selasa,2:51 pm,khawatir,Membaca | Menulis Jurnal | YouTube | Penelitian,Buruk,Negatif
22/04/2020,Apr-22,Rabu,10:02 am,takut,Seni | Berdoa | Membaca Quran | Jalan Kaki | Meditasi | Mandi | Menulis | Menonton Serial | Berita Terkini | Makan Enak | Reddit | Streaming | YouTube | Tidur Siang Singkat | Mendengarkan Lagu | Desain | Sahabat Pena,Buruk,Negatif
22/02/2020,Feb-22,Sabtu,3:55 pm,keren,Berdoa | Berpuasa | Jalan Kaki | Meditasi | Mandi | Podcast | Buku Audio | Menonton Serial | Berita Terkini | Makan Enak | Reddit | Streaming | YouTube | Tidur Siang Singkat | Mendengarkan Lagu | Sahabat Pena | Diet Keto,Luar Biasa,Positif
12/02/2018,Feb-12,Senin,7:12 pm,tersulut emosi,Dota 2 | Streaming | YouTube | Hal Baru | Keluarga | Surel | Mendengarkan Lagu,Sangat Buruk,Negatif
26/01/2021,Jan-26,Selasa,9:43 pm,keren,Membaca | Belajar | Berdoa | Berpuasa | Jalan Kaki | Meditasi | Mandi | Buku Audio | Menulis | Menonton Serial | Makan Enak | Reddit | Belajar Bahasa | Streaming | YouTube | Menonton Film | Memasak | Meditasi Holotropik | Penelitian | Hal Baru | Tidur Siang Singkat | Dokumenter | Sahabat Pena | Coding | Tutorial,Luar Biasa,Positif
05/12/2018,Dec-05,Rabu,7:37 pm,takut,Jalan Kaki | Dota 2 | Podcast | Menonton Serial | Berita Terkini | Makan Enak | Streaming | YouTube | Desain,Buruk,Negatif
23/04/2018,Apr-23,Senin,10:34 am,bingung,Tidur Siang Singkat,Biasa,Netral
21/10/2018,Oct-21,Minggu,7:00 pm,diberkati,Berdoa | Buku Audio | YouTube | Hal Baru | Sahabat Pena,Baik,Positif
01/08/2020,Aug-01,Sabtu,10:09 pm,bertanya-tanya,Seni | Berdoa | Berpuasa | Membaca Quran | Jalan Kaki | Meditasi | Mandi | Dota 2 | Podcast | Buku Audio | Menulis | Menonton Serial | Berita Terkini | Makan Enak | Reddit | Belajar Bahasa | Streaming | YouTube | Menonton Film | Membersihkan Rumah | Tidur Siang Singkat | Mendengarkan Lagu | Desain | Perbaikan | Dokumenter | Cinta,Biasa,Netral
03/05/2018,May-03,Kamis,11:32 am,biasa saja,,Biasa,Netral
07/04/2020,Apr-07,Selasa,7:27 pm,bingung,Seni | Menulis Jurnal | Berdoa | Jalan Kaki | Meditasi | Mandi | Podcast | Buku Audio | Menulis | Menonton Serial | Berita Terkini | Makan Enak | Reddit | Streaming | YouTube | Membersihkan Rumah | Keluarga | Tidur Siang Singkat | Mendengarkan Lagu | Sahabat Pena,Biasa,Netral
20/07/2020,Jul-20,Senin,9:12 pm,bertanya-tanya,Membaca | Belajar | Seni | Menulis Jurnal | Berdoa | Membaca Quran | Jalan Kaki | Meditasi | Mandi | Dota 2 | Podcast | Buku Audio | Menulis | Menonton Serial | Berita Terkini | Makan Enak | Reddit | Belajar Bahasa | Streaming | YouTube | Membersihkan Rumah | Penelitian | Hal Baru | Tidur Siang Singkat | Mendengarkan Lagu | Desain | Dokumenter | Tutorial | Cinta,Biasa,Netral
05/03/2018,Mar-05,Senin,10:44 am,tersulut emosi,Dota 2,Sangat Buruk,Negatif
05/07/2020,Jul-05,Minggu,10:48 am,bertanya-tanya,Membaca | Seni | Menulis Jurnal | Berdoa | Membaca Quran | Meditasi | Mandi | Dota 2 | Podcast | Buku Audio | Berita Terkini | Makan Enak | Reddit | Bercukur | Merapikan Rambut | Streaming | YouTube | Tidur Siang Singkat | Cinta,Biasa,Netral
02/05/2018,May-02,Rabu,8:23 pm,sangat sedih,Dota 2 | Streaming | YouTube,Sangat Buruk,Negatif
27/04/2018,Apr-27,Jumat,7:46 pm,bertanya-tanya,Dota 2,Biasa,Netral
21/07/2020,Jul-21,Selasa,9:48 pm,lapar,Membaca | Belajar | Menulis Jurnal | Berdoa | Membaca Quran | Jalan Kaki | Meditasi | Mandi | Dota 2 | Podcast | Buku Audio | Menulis | Menonton Serial | Berita Terkini | Makan Enak | Reddit | Belajar Bahasa | Streaming | YouTube | Menonton Film | Membersihkan Rumah | Penelitian | Hal Baru | Tidur Siang Singkat | Mendengarkan Lagu | Desain,Baik,Positif
02/09/2020,Sep-02,Rabu,9:11 pm,bertanya-tanya,Membaca | Belajar | Seni | Berdoa | Berpuasa | Membaca Quran | Jalan Kaki | Meditasi | Mandi | Menonton Serial | Berita Terkini | Makan Enak | Reddit | Belajar Bahasa | Bercukur | Streaming | YouTube | Memasak | Meditasi Holotropik | Keluarga | Tidur Siang Singkat | Mendengarkan Lagu | Dokumenter | Sahabat Pena | Belanja | Coding | Pekerjaan | Rekaman,Biasa,Netral
24/02/2018,Feb-24,Sabtu,9:31 am,takut,Berdoa | Tidur Siang Singkat,Buruk,Negatif
01/12/2018,Dec-01,Sabtu,7:10 pm,marah,Buku Audio | Berita Terkini | Traveling | Keluarga,Sangat Buruk,Negatif
14/04/2020,Apr-14,Selasa,9:13 pm,bersemangat,Seni | Berdoa | Jalan Kaki | Meditasi | Buku Audio | Menonton Serial | Berita Terkini | Makan Enak | Reddit | Streaming | YouTube | Hal Baru | Tidur Siang Singkat | Mendengarkan Lagu | Sahabat Pena,Luar Biasa,Positif
17/06/2018,Jun-17,Minggu,2:01 pm,khawatir,Streaming | YouTube | Menonton Film,Buruk,Negatif
29/02/2020,Feb-29,Sabtu,9:04 pm,bersemangat,Berdoa | Jalan Kaki | Meditasi | Menonton Serial | Berita Terkini | Makan Enak | Reddit | Streaming | YouTube | Tidur Siang Singkat | Mendengarkan Lagu | Sahabat Pena,Luar Biasa,Positif
16/02/2021,Feb-16,Selasa,9:02 pm,lemah,Membaca | Belajar | Jalan Kaki | Meditasi | Reddit | Belajar Bahasa | Streaming | YouTube | Memasak | Membersihkan Rumah | Penelitian | Hal Baru | Tidur Siang Singkat | Dokumenter,Biasa,Netral
27/03/2018,Mar-27,Selasa,2:09 pm,bertanya-tanya,Dota 2 | Streaming | YouTube | Penelitian | Surel,Biasa,Netral
27/03/2018,Mar-27,Selasa,2:09 pm,bertanya-tanya,Dota 2 | Streaming | YouTube | Penelitian | Surel,Biasa,Netral
30/12/2019,Dec-30,Senin,9:00 pm,sangat bahagia,Berpuasa | Jalan Kaki | Meditasi | Podcast | Buku Audio | Menonton Serial | Berita Terkini | Makan Enak | Reddit | Streaming | YouTube | Diet Keto,Luar Biasa,Positif
29/01/2021,Jan-29,Jumat,9:45 pm,bertanya-tanya,Membaca | Belajar | Berpuasa | Meditasi | Mandi | Menulis | Menonton Serial | Reddit | Belajar Bahasa | Streaming | YouTube | Menonton Film | Memasak | Membersihkan Rumah | Penelitian | Hal Baru | Tidur Siang Singkat | Dokumenter | Sahabat Pena | Pesta | Coding | Tutorial,Biasa,Netral
06/07/2018,Jul-06,Jumat,2:15 pm,tersulut emosi,Berdoa | Berpuasa | Meditasi | Mandi | Streaming | YouTube,Sangat Buruk,Negatif
22/04/2020,Apr-22,Rabu,10:02 am,takut,Seni | Berdoa | Membaca Quran | Jalan Kaki | Meditasi | Mandi | Menulis | Menonton Serial | Berita Terkini | Makan Enak | Reddit | Streaming | YouTube | Tidur Siang Singkat | Mendengarkan Lagu | Desain | Sahabat Pena,Buruk,Negatif
16/11/2019,Nov-16,Sabtu,9:01 pm,santai,Berdoa | Berpuasa | Jalan Kaki | Meditasi | Mandi | Buku Audio | Menonton Serial | Berita Terkini | Makan Enak | Reddit | Streaming | YouTube | Mendaki | Diet Keto | Catatan Berat Badan,Baik,Positif
01/04/2018,Apr-01,Minggu,7:02 pm,diberkati,Mandi | Streaming | YouTube | Bermain Game | Hal Baru,Baik,Positif
03/04/2018,Apr-03,Selasa,2:00 pm,sakit,Makan Enak | Streaming | Traveling,Buruk,Negatif
25/12/2018,Dec-25,Selasa,11:51 am,bertanya-tanya,Membaca | Meditasi | Mandi | Podcast | Berita Terkini | Makan Enak | Streaming | YouTube | Bermain Game | Sahabat Pena | Catatan Berat Badan,Biasa,Netral
19/08/2020,Aug-19,Rabu,1:53 pm,khawatir,Berpuasa | Berita Terkini | Makan Enak | Reddit | Belajar Bahasa | Streaming | YouTube | Keluarga | Dokumenter | Cinta,Buruk,Negatif
26/05/2018,May-26,Sabtu,10:05 am,khawatir,,Buruk,Negatif
15/02/2018,Feb-15,Kamis,4:58 pm,biasa saja,YouTube | Tidur Siang Singkat,Biasa,Netral
01/12/2020,Dec-01,Selasa,9:01 pm,fokus,Membaca | Belajar | Berdoa | Berpuasa | Membaca Quran | Jalan Kaki | Meditasi | Mandi | Podcast | Buku Audio | Menulis | Menonton Serial | Makan Enak | Reddit | Belajar Bahasa | Streaming | YouTube | Memasak | Membersihkan Rumah | Penelitian | Hal Baru | Tidur Siang Singkat | Dokumenter | Sahabat Pena | Coding | Tutorial | Cinta,Baik,Positif
22/03/2021,Mar-22,Senin,9:00 pm,fokus,Membaca | Belajar | Jalan Kaki | Meditasi | Mandi | Menulis | Menonton Serial | Makan Enak | Reddit | Belajar Bahasa | Streaming | YouTube | Menonton Film | Memasak | Penelitian | Hal Baru | Tidur Siang Singkat | Dokumenter | Sahabat Pena | Coding | Tutorial,Baik,Positif
12/05/2020,May-12,Selasa,9:10 pm,bersemangat,Membaca | Belajar | Seni | Menulis Jurnal | Berdoa | Berpuasa | Olahraga | Membaca Quran | Jalan Kaki | Meditasi | Mandi | Podcast | Buku Audio | Menulis | Menonton Serial | Berita Terkini | Makan Enak | Reddit | Belajar Bahasa | Streaming | YouTube | Hal Baru | Keluarga | Surel | Mendengarkan Lagu | Tutorial | Catatan Berat Badan,Luar Biasa,Positif
06/02/2020,Feb-06,Kamis,7:08 pm,santai totalitas,Menulis Jurnal | Berpuasa | Jalan Kaki | Meditasi | Dota 2 | Buku Audio | Menonton Serial | Berita Terkini | Makan Enak | Reddit | Streaming | YouTube | Menonton Film | Teman | Sahabat Pena,Baik,Positif
21/02/2018,Feb-21,Rabu,2:29 pm,bertanya-tanya,YouTube | Tidur Siang Singkat,Biasa,Netral
09/11/2018,Nov-09,Jumat,1:14 pm,bertanya-tanya,Membaca | Meditasi | Mandi | Berita Terkini | Penelitian,Biasa,Netral
23/11/2020,Nov-23,Senin,10:39 pm,fokus,Seni | Berpuasa | Mandi | Buku Audio | Menulis | Menonton Serial | Makan Enak | Belajar Bahasa | Streaming | YouTube | Memasak | Membersihkan Rumah | Penelitian | Hal Baru | Tidur Siang Singkat | Mendengarkan Lagu | Sahabat Pena | Coding | Tutorial | Cinta | Rekaman,Baik,Positif
25/09/2018,Sep-25,Selasa,10:15 am,sakit,YouTube,Buruk,Negatif
13/12/2019,Dec-13,Jumat,9:00 pm,sangat bahagia,Membaca | Berdoa | Berpuasa | Olahraga | Jalan Kaki | Meditasi | Mandi | Buku Audio | Menonton Serial | Berita Terkini | Makan Enak | Reddit | Streaming | YouTube | Diet Keto,Luar Biasa,Positif
21/03/2018,Mar-21,Rabu,2:00 pm,santai,,Baik,Positif
12/01/2020,Jan-12,Minggu,9:35 pm,santai totalitas,Berpuasa | Jalan Kaki | Meditasi | Dota 2 | Podcast | Buku Audio | Menonton Serial | Berita Terkini | Makan Enak | Reddit | Streaming | YouTube,Baik,Positif
05/09/2020,Sep-05,Sabtu,9:07 pm,fokus,Belajar | Seni | Berpuasa | Membaca Quran | Jalan Kaki | Meditasi | Buku Audio | Menulis | Menonton Serial | Berita Terkini | Makan Enak | Reddit | Belajar Bahasa | Streaming | YouTube | Penelitian | Hal Baru | Tidur Siang Singkat | Surel | Dokumenter | Sahabat Pena | Coding | Tutorial | Rekaman,Baik,Positif
21/04/2020,Apr-21,Selasa,9:21 pm,bersemangat,Berdoa | Berpuasa | Membaca Quran | Jalan Kaki | Meditasi | Mandi | Dota 2 | Buku Audio | Menonton Serial | Berita Terkini | Makan Enak | Reddit | Streaming | YouTube | Tidur Siang Singkat | Mendengarkan Lagu | Sahabat Pena,Luar Biasa,Positif
13/12/2019,Dec-13,Jumat,9:00 pm,sangat bahagia,Membaca | Berdoa | Berpuasa | Olahraga | Jalan Kaki | Meditasi | Mandi | Buku Audio | Menonton Serial | Berita Terkini | Makan Enak | Reddit | Streaming | YouTube | Diet Keto,Luar Biasa,Positif
29/02/2020,Feb-29,Sabtu,9:04 pm,bersemangat,Berdoa | Jalan Kaki | Meditasi | Menonton Serial | Berita Terkini | Makan Enak | Reddit | Streaming | YouTube | Tidur Siang Singkat | Mendengarkan Lagu | Sahabat Pena,Luar Biasa,Positif
12/09/2018,Sep-12,Rabu,10:00 am,bingung,Berita Terkini | Surel | Sahabat Pena,Biasa,Netral
22/04/2020,Apr-22,Rabu,10:02 am,takut,Seni | Berdoa | Membaca Quran | Jalan Kaki | Meditasi | Mandi | Menulis | Menonton Serial | Berita Terkini | Makan Enak | Reddit | Streaming | YouTube | Tidur Siang Singkat | Mendengarkan Lagu | Desain | Sahabat Pena,Buruk,Negatif
17/02/2018,Feb-17,Sabtu,7:00 pm,baik,Streaming | YouTube | Penelitian | Tidur Siang Singkat | Mendengarkan Lagu | Desain,Baik,Positif
08/07/2018,Jul-08,Minggu,2:28 pm,khawatir,Dota 2,Buruk,Negatif
24/02/2020,Feb-24,Senin,9:09 pm,lemah,Berdoa | Jalan Kaki | Meditasi | Mandi | Menonton Serial | Berita Terkini | Makan Enak | Reddit | Streaming | YouTube | Mendengarkan Lagu,Biasa,Netral
24/01/2021,Jan-24,Minggu,9:10 pm,diberkati,Menulis Jurnal | Berpuasa | Jalan Kaki | Meditasi | Mandi | Buku Audio | Menulis | Menonton Serial | Reddit | Belajar Bahasa | Streaming | YouTube | Memasak | Membersihkan Rumah | Penelitian | Hal Baru | Tidur Siang Singkat | Dokumenter | Sahabat Pena | Coding | Tutorial | Cinta,Baik,Positif
01/03/2021,Mar-01,Senin,8:02 pm,sangat buruk,Membaca | Belajar | Berpuasa | Meditasi | Buku Audio | Menulis | Menonton Serial | Berita Terkini | Makan Enak | Reddit | Belajar Bahasa | Streaming | YouTube | Memasak | Penelitian | Tidur Siang Singkat | Dokumenter | Coding | Tutorial,Sangat Buruk,Negatif
06/07/2018,Jul-06,Jumat,7:07 pm,tersulut emosi,Berpuasa | Dota 2,Sangat Buruk,Negatif
10/06/2018,Jun-10,Minggu,10:59 am,bingung,,Biasa,Netral
13/06/2018,Jun-13,Rabu,11:32 am,sangat sedih,,Sangat Buruk,Negatif
08/05/2018,May-08,Selasa,8:04 pm,bingung,Berdoa,Biasa,Netral
19/04/2020,Apr-19,Minggu,9:00 pm,bingung,Berdoa | Jalan Kaki | Meditasi | Mandi | Dota 2 | Menonton Serial | Berita Terkini | Makan Enak | Reddit | Streaming | YouTube | Tidur Siang Singkat | Mendengarkan Lagu | Sahabat Pena,Biasa,Netral
05/06/2020,Jun-05,Jumat,9:02 pm,bingung,Seni | Berpuasa | Makan Enak | Reddit | Belajar Bahasa | Streaming | YouTube | Tidur Siang Singkat | Mendengarkan Lagu | Desain | Sahabat Pena,Biasa,Netral
05/03/2018,Mar-05,Senin,7:02 pm,marah,Dota 2 | Streaming | YouTube,Sangat Buruk,Negatif
01/12/2018,Dec-01,Sabtu,7:10 pm,marah,Buku Audio | Berita Terkini | Traveling | Keluarga,Sangat Buruk,Negatif
07/02/2020,Feb-07,Jumat,9:12 pm,bingung,Berdoa | Berpuasa | Jalan Kaki | Meditasi | Mandi | Dota 2 | Podcast | Buku Audio | Menonton Serial | Berita Terkini | Makan Enak | Reddit | Streaming | YouTube | Teman | Sahabat Pena | Diet Keto,Biasa,Netral
14/02/2021,Feb-14,Minggu,12:17 pm,khawatir,Membaca | Belajar | Berpuasa | Jalan Kaki | Menulis | Menonton Serial | Berita Terkini | Makan Enak | Reddit | Belajar Bahasa | Streaming | YouTube | Memasak | Membersihkan Rumah | Penelitian | Hal Baru | Tidur Siang Singkat | Dokumenter | Sahabat Pena | Coding | Tutorial,Buruk,Negatif
16/02/2021,Feb-16,Selasa,9:02 pm,lemah,Membaca | Belajar | Jalan Kaki | Meditasi | Reddit | Belajar Bahasa | Streaming | YouTube | Memasak | Membersihkan Rumah | Penelitian | Hal Baru | Tidur Siang Singkat | Dokumenter,Biasa,Netral
07/01/2019,Jan-07,Senin,10:47 am,bingung,Jalan Kaki | Meditasi | Dota 2 | Podcast | Buku Audio | Berita Terkini | Makan Enak | Streaming | YouTube | Bermain Game | Surel | Sahabat Pena,Biasa,Netral
09/04/2018,Apr-09,Senin,7:52 pm,khawatir,Dota 2 | Podcast | Buku Audio | Streaming | YouTube | Mendengarkan Lagu,Buruk,Negatif
15/02/2020,Feb-15,Sabtu,10:15 pm,keren,Berpuasa | Jalan Kaki | Meditasi | Podcast | Menonton Serial | Berita Terkini | Makan Enak | Reddit | Streaming | YouTube | Diet Keto,Luar Biasa,Positif
02/12/2020,Dec-02,Rabu,2:59 am,bertanya-tanya,Membaca | Belajar | Seni | Berdoa | Berpuasa | Jalan Kaki | Meditasi | Mandi | Buku Audio | Menulis | Menonton Serial | Berita Terkini | Makan Enak | Reddit | Belajar Bahasa | Streaming | YouTube | Memasak | Membersihkan Rumah | Penelitian | Hal Baru | Tidur Siang Singkat | Dokumenter | Sahabat Pena | Coding | Tutorial | Cinta,Biasa,Netral
12/09/2018,Sep-12,Rabu,2:13 pm,tersulut emosi,Dota 2,Sangat Buruk,Negatif
15/08/2020,Aug-15,Sabtu,5:50 pm,marah,Belajar | Jalan Kaki | Mandi | Buku Audio | Menulis | Menonton Serial | Berita Terkini | Reddit | Belajar Bahasa | YouTube | Tidur Siang Singkat | Dokumenter | Coding | Tutorial,Sangat Buruk,Negatif
07/02/2018,Feb-07,Rabu,5:20 pm,sakit,Jalan Kaki | Buku Audio | Penelitian | Keluarga | Rumah Sakit,Buruk,Negatif
18/12/2018,Dec-18,Selasa,12:00 pm,diberkati,Membaca | Meditasi | Berita Terkini | Makan Enak | Streaming | YouTube | Bermain Game | Desain,Baik,Positif
26/05/2018,May-26,Sabtu,10:05 am,khawatir,,Buruk,Negatif
27/04/2019,Apr-27,Sabtu,1:44 pm,bertanya-tanya,Berpuasa | Podcast | Berita Terkini | Reddit | Streaming | YouTube | Sahabat Pena | Catatan Berat Badan,Biasa,Netral
13/08/2020,Aug-13,Kamis,10:25 pm,khawatir,Menulis Jurnal | Berdoa | Berpuasa | Jalan Kaki | Meditasi | Mandi | Podcast | Buku Audio | Menulis | Menonton Serial | Berita Terkini | Makan Enak | Reddit | Belajar Bahasa | Streaming | YouTube | Cinta,Buruk,Negatif
16/09/2018,Sep-16,Minggu,7:05 pm,diberkati,Dota 2 | Berita Terkini | Streaming | YouTube,Baik,Positif
16/01/2021,Jan-16,Sabtu,9:26 pm,fokus,Membaca | Berdoa | Berpuasa | Meditasi | Mandi | Buku Audio | Menulis | Menonton Serial | Berita Terkini | Makan Enak | Reddit | Belajar Bahasa | Streaming | YouTube | Memasak | Traveling | Penelitian | Hal Baru | Tidur Siang Singkat | Dokumenter | Sahabat Pena | Coding | Tutorial,Baik,Positif
30/09/2020,Sep-30,Rabu,9:42 pm,bertanya-tanya,Seni | Berpuasa | Jalan Kaki | Podcast | Buku Audio | Menonton Serial | Berita Terkini | Makan Enak | Reddit | Belajar Bahasa | Streaming | YouTube | Membersihkan Rumah | Penelitian | Tidur Siang Singkat | Dokumenter | Sahabat Pena | Coding | Tutorial,Biasa,Netral
25/09/2020,Sep-25,Jumat,12:02 pm,khawatir,Belajar | Seni | Berdoa | Berpuasa | Olahraga | Membaca Quran | Jalan Kaki | Mandi | Buku Audio | Menonton Serial | Berita Terkini | Makan Enak | Reddit | Belajar Bahasa | Bercukur | Streaming | YouTube | Memasak | Penelitian | Hal Baru | Tidur Siang Singkat | Surel | Mendengarkan Lagu | Desain | Sahabat Pena | Coding | Tutorial | Rekaman,Buruk,Negatif
02/05/2018,May-02,Rabu,10:33 am,bingung,,Biasa,Netral
24/02/2018,Feb-24,Sabtu,9:31 am,takut,Berdoa | Tidur Siang Singkat,Buruk,Negatif
07/01/2019,Jan-07,Senin,10:47 am,bingung,Jalan Kaki | Meditasi | Dota 2 | Podcast | Buku Audio | Berita Terkini | Makan Enak | Streaming | YouTube | Bermain Game | Surel | Sahabat Pena,Biasa,Netral
17/02/2021,Feb-17,Rabu,10:19 pm,bersemangat,Membaca | Belajar | Berpuasa | Mandi | Buku Audio | Menonton Serial | Makan Enak | Belajar Bahasa | Streaming | YouTube | Memasak | Membersihkan Rumah | Penelitian | Hal Baru | Tidur Siang Singkat | Dokumenter | Sahabat Pena | Coding | Tutorial,Luar Biasa,Positif
27/03/2018,Mar-27,Selasa,2:09 pm,bertanya-tanya,Dota 2 | Streaming | YouTube | Penelitian | Surel,Biasa,Netral
06/05/2020,May-06,Rabu,9:05 pm,bersemangat,Belajar | Seni | Menulis Jurnal | Berdoa | Berpuasa | Membaca Quran | Jalan Kaki | Meditasi | Mandi | Buku Audio | Berita Terkini | Makan Enak | Reddit | Streaming | YouTube | Tidur Siang Singkat | Mendengarkan Lagu,Luar Biasa,Positif
13/06/2020,Jun-13,Sabtu,6:47 am,sangat bahagia,Jalan Kaki | Mandi | Buku Audio | Menulis | Menonton Serial | Berita Terkini | Makan Enak | Reddit | Belajar Bahasa | Streaming | YouTube | Hal Baru | Tidur Siang Singkat | Mendengarkan Lagu | Sahabat Pena,Luar Biasa,Positif
08/11/2019,Nov-08,Jumat,6:12 pm,bertanya-tanya,Berdoa | Berpuasa | Jalan Kaki | Meditasi | Podcast | Buku Audio | Menonton Serial | Berita Terkini | Reddit | Streaming | YouTube | Kabbalah | Diet Keto | Catatan Berat Badan,Biasa,Netral
17/02/2021,Feb-17,Rabu,10:19 pm,bersemangat,Membaca | Belajar | Berpuasa | Mandi | Buku Audio | Menonton Serial | Makan Enak | Belajar Bahasa | Streaming | YouTube | Memasak | Membersihkan Rumah | Penelitian | Hal Baru | Tidur Siang Singkat | Dokumenter | Sahabat Pena | Coding | Tutorial,Luar Biasa,Positif
02/05/2018,May-02,Rabu,8:23 pm,sangat sedih,Dota 2 | Streaming | YouTube,Sangat Buruk,Negatif
31/01/2021,Jan-31,Minggu,9:46 pm,lemah,Membaca | Belajar | Berpuasa | Buku Audio | Menulis | Menonton Serial | Belajar Bahasa | Yoga | Bercukur | Poetry | Streaming | YouTube | Menonton Film | Memasak | Membersihkan Rumah | Penelitian | Hal Baru | Tidur Siang Singkat | Dokumenter | Sahabat Pena | Coding | Tutorial,Biasa,Netral
31/10/2020,Oct-31,Sabtu,9:04 pm,lapar,Berpuasa | Jalan Kaki | Meditasi | Buku Audio | Menulis | Menonton Serial | Berita Terkini | Makan Enak | Reddit | Belajar Bahasa | Streaming | YouTube | Memasak | Penelitian | Hal Baru | Tidur Siang Singkat | Mendengarkan Lagu | Desain | Dokumenter | Coding | Tutorial | Cinta,Baik,Positif
04/01/2019,Jan-04,Jumat,10:53 am,sakit,Dota 2 | Podcast | Berita Terkini | Makan Enak | YouTube | Bermain Game | Keluarga,Buruk,Negatif
16/08/2020,Aug-16,Minggu,9:16 pm,sangat buruk,Seni | Menulis Jurnal | Berdoa | Berpuasa | Membaca Quran | Jalan Kaki | Meditasi | Mandi | Podcast | Buku Audio | Menonton Serial | Berita Terkini | Makan Enak | Reddit | Belajar Bahasa | Streaming | YouTube | Penelitian | Dokumenter,Sangat Buruk,Negatif
01/07/2018,Jul-01,Minggu,7:31 pm,bingung,Membaca | Meditasi | Mandi | Dota 2 | Buku Audio | Menonton Serial | Streaming | YouTube | Menonton Film | Surel | Mendengarkan Lagu | Pekerjaan | Catatan Berat Badan,Biasa,Netral
03/07/2020,Jul-03,Jumat,9:02 pm,bertanya-tanya,Membaca | Seni | Berdoa | Membaca Quran | Jalan Kaki | Meditasi | Dota 2 | Podcast | Buku Audio | Menulis | Menonton Serial | Berita Terkini | Makan Enak | Reddit | Bercukur | Merapikan Rambut | Streaming | YouTube | Membersihkan Rumah | Surel | Mendengarkan Lagu | Cinta,Biasa,Netral
08/12/2020,Dec-08,Selasa,10:10 pm,khawatir,Membaca | Berdoa | Berpuasa | Jalan Kaki | Buku Audio | Menulis | Menonton Serial | Makan Enak | Reddit | Belajar Bahasa | Streaming | YouTube | Memasak | Traveling | Penelitian | Hal Baru | Sahabat Pena | Coding | Tutorial,Buruk,Negatif
26/06/2018,Jun-26,Selasa,1:46 am,lemah,Dota 2 | Podcast | Buku Audio | Menonton Serial | Streaming | YouTube | Surel,Biasa,Netral
13/07/2020,Jul-13,Senin,11:47 pm,bingung,Seni | Berdoa | Membaca Quran | Jalan Kaki | Mandi | Dota 2 | Buku Audio | Menulis | Menonton Serial | Berita Terkini | Makan Enak | Reddit | Belajar Bahasa | Streaming | YouTube | Cinta,Biasa,Netral
29/02/2020,Feb-29,Sabtu,9:04 pm,bersemangat,Berdoa | Jalan Kaki | Meditasi | Menonton Serial | Berita Terkini | Makan Enak | Reddit | Streaming | YouTube | Tidur Siang Singkat | Mendengarkan Lagu | Sahabat Pena,Luar Biasa,Positif
19/09/2019,Sep-19,Kamis,2:02 pm,bingung,Berpuasa | Meditasi | Berita Terkini | Reddit | YouTube | Penelitian,Biasa,Netral
12/08/2020,Aug-12,Rabu,8:54 pm,lemah,Seni | Berdoa | Berpuasa | Membaca Quran | Jalan Kaki | Meditasi | Mandi | Podcast | Buku Audio | Menulis | Menonton Serial | Berita Terkini | Makan Enak | Reddit | Belajar Bahasa | Streaming | YouTube | Penelitian | Hal Baru | Tidur Siang Singkat | Mendengarkan Lagu | Dokumenter | Tutorial | Cinta,Biasa,Netral
01/09/2020,Sep-01,Selasa,9:34 pm,tersulut emosi,Jalan Kaki | Podcast | Buku Audio | Makan Enak | Belajar Bahasa | Streaming | Memasak,Sangat Buruk,Negatif
26/11/2018,Nov-26,Senin,12:11 pm,sangat bahagia,Meditasi | Mandi | Buku Audio | Menonton Serial | Berita Terkini | Makan Enak | YouTube | Bermain Game | Desain | Sahabat Pena,Luar Biasa,Positif
28/11/2019,Nov-28,Kamis,9:58 pm,lapar,Berpuasa | Jalan Kaki | Meditasi | Buku Audio | Menonton Serial | Makan Enak | Reddit | Streaming | YouTube | Diet Keto,Baik,Positif
04/11/2018,Nov-04,Minggu,10:11 am,santai totalitas,Membaca | Meditasi | Podcast | Buku Audio | Berita Terkini | Makan Enak | Streaming | YouTube | Bermain Game | Hal Baru | Desain | Sahabat Pena | Catatan Berat Badan,Baik,Positif
24/04/2018,Apr-24,Selasa,2:00 pm,bingung,,Biasa,Netral
20/09/2019,Sep-20,Jumat,2:00 pm,bingung,Berdoa | Berpuasa | Mandi | Buku Audio | Berita Terkini | Reddit | Catatan Berat Badan,Biasa,Netral
29/01/2020,Jan-29,Rabu,9:45 pm,bersemangat,Berpuasa | Jalan Kaki | Meditasi | Dota 2 | Podcast | Buku Audio | Menonton Serial | Berita Terkini | Makan Enak | Reddit | Streaming | YouTube | Diet Keto | Catatan Berat Badan,Luar Biasa,Positif
27/07/2020,Jul-27,Senin,9:13 pm,fokus,Belajar | Seni | Berdoa | Berpuasa | Membaca Quran | Jalan Kaki | Meditasi | Mandi | Dota 2 | Podcast | Buku Audio | Menulis | Menonton Serial | Berita Terkini | Makan Enak | Reddit | Belajar Bahasa | Bercukur | Merapikan Rambut | Streaming | YouTube | Membersihkan Rumah | Penelitian | Tidur Siang Singkat | Mendengarkan Lagu | Cinta | Kabbalah,Baik,Positif
27/03/2018,Mar-27,Selasa,2:09 pm,bertanya-tanya,Dota 2 | Streaming | YouTube | Penelitian | Surel,Biasa,Netral
05/11/2018,Nov-05,Senin,10:07 am,bertanya-tanya,Membaca | Meditasi | Buku Audio | Berita Terkini | YouTube | Hal Baru | Sahabat Pena | Catatan Berat Badan,Biasa,Netral
14/02/2018,Feb-14,Rabu,7:01 pm,tersulut emosi,Jalan Kaki | YouTube | Mendengarkan Lagu,Sangat Buruk,Negatif
09/04/2021,Apr-09,Jumat,12:20 am,santai totalitas,Membaca | Belajar | Berdoa | Berpuasa | Jalan Kaki | Meditasi | Mandi | Menulis | Menonton Serial | Berita Terkini | Makan Enak | Reddit | Belajar Bahasa | Streaming | YouTube | Memasak | Traveling | Hal Baru | Tidur Siang Singkat | Surel | Dokumenter | Sahabat Pena | Coding | Tutorial,Baik,Positif
17/07/2018,Jul-17,Selasa,7:17 pm,sangat sedih,Dota 2 | Podcast | Makan Enak | Streaming | YouTube | Catatan Berat Badan,Sangat Buruk,Negatif
08/02/2021,Feb-08,Senin,8:00 pm,fokus,Membaca | Belajar | Berpuasa | Olahraga | Mandi | Buku Audio | Menulis | Menonton Serial | Makan Enak | Reddit | Belajar Bahasa | Streaming | YouTube | Memasak | Membersihkan Rumah | Penelitian | Hal Baru | Tidur Siang Singkat | Dokumenter | Sahabat Pena | Coding | Tutorial | Cinta,Baik,Positif
02/05/2020,May-02,Sabtu,9:25 pm,bersemangat,Membaca | Belajar | Berdoa | Berpuasa | Membaca Quran | Jalan Kaki | Meditasi | Mandi | Menonton Serial | Berita Terkini | Makan Enak | Reddit | Streaming | YouTube | Tidur Siang Singkat | Mendengarkan Lagu,Luar Biasa,Positif
16/02/2018,Feb-16,Jumat,6:33 am,bingung,Berdoa | Mandi | Dota 2 | Makan Enak | YouTube | Keluarga,Biasa,Netral
01/03/2018,Mar-01,Kamis,12:20 pm,biasa saja,Dota 2 | Makan Enak | Streaming | YouTube | Tidur Siang Singkat,Biasa,Netral
17/09/2019,Sep-17,Selasa,1:36 pm,bingung,Seni | Berpuasa | Meditasi | Berita Terkini | Reddit | Desain,Biasa,Netral
22/04/2018,Apr-22,Minggu,11:53 pm,bertanya-tanya,Dota 2 | Menonton Serial | Streaming | YouTube,Biasa,Netral
02/05/2018,May-02,Rabu,8:23 pm,sangat sedih,Dota 2 | Streaming | YouTube,Sangat Buruk,Negatif
30/12/2018,Dec-30,Minggu,7:01 pm,diberkati,Jalan Kaki | Meditasi | Podcast | Buku Audio | Berita Terkini | Makan Enak | Streaming | YouTube | Bermain Game | Sahabat Pena,Baik,Positif
05/02/2020,Feb-05,Rabu,9:00 pm,santai totalitas,Berpuasa | Jalan Kaki | Meditasi | Dota 2 | Buku Audio | Menonton Serial | Berita Terkini | Makan Enak | Reddit | Streaming | YouTube | Sahabat Pena | Diet Keto,Baik,Positif
07/02/2018,Feb-07,Rabu,5:20 pm,sakit,Jalan Kaki | Buku Audio | Penelitian | Keluarga | Rumah Sakit,Buruk,Negatif
13/08/2020,Aug-13,Kamis,10:25 pm,khawatir,Menulis Jurnal | Berdoa | Berpuasa | Jalan Kaki | Meditasi | Mandi | Podcast | Buku Audio | Menulis | Menonton Serial | Berita Terkini | Makan Enak | Reddit | Belajar Bahasa | Streaming | YouTube | Cinta,Buruk,Negatif
03/01/2021,Jan-03,Minggu,5:56 pm,bersemangat,Membaca | Berdoa | Berpuasa | Meditasi | Mandi | Buku Audio | Menulis | Menonton Serial | Makan Enak | Reddit | Belajar Bahasa | Poetry | Streaming | YouTube | Memasak | Penelitian | Hal Baru | Keluarga | Dokumenter | Sahabat Pena | Coding | Tutorial,Luar Biasa,Positif
01/05/2018,May-01,Selasa,2:51 pm,khawatir,Membaca | Menulis Jurnal | YouTube | Penelitian,Buruk,Negatif
12/02/2021,Feb-12,Jumat,9:10 pm,khawatir,Membaca | Belajar | Berdoa | Berpuasa | Jalan Kaki | Meditasi | Mandi | Buku Audio | Menonton Serial | Reddit | Belajar Bahasa | Streaming | YouTube | Memasak | Membersihkan Rumah | Penelitian | Tidur Siang Singkat | Surel | Dokumenter | Sahabat Pena | Coding | Tutorial,Buruk,Negatif
30/03/2021,Mar-30,Selasa,9:20 pm,bertanya-tanya,Membaca | Belajar | Seni | Berdoa | Berpuasa | Jalan Kaki | Meditasi | Buku Audio | Menulis | Menonton Serial | Belajar Bahasa | Merapikan Rambut | Streaming | YouTube | Memasak | Penelitian | Hal Baru | Tidur Siang Singkat | Mendengarkan Lagu | Dokumenter | Sahabat Pena | Coding | Tutorial,Biasa,Netral
12/06/2020,Jun-12,Jumat,10:57 pm,santai totalitas,Jalan Kaki | Mandi | Buku Audio | Menonton Serial | Berita Terkini | Makan Enak | Reddit | Belajar Bahasa | Streaming | YouTube | Tidur Siang Singkat | Mendengarkan Lagu,Baik,Positif
13/06/2018,Jun-13,Rabu,2:09 pm,bingung,Surel | Pekerjaan,Biasa,Netral
13/09/2018,Sep-13,Kamis,10:04 am,sakit,Buku Audio | Berita Terkini | Tidur Siang Singkat,Buruk,Negatif
17/08/2020,Aug-17,Senin,7:40 pm,bingung,Berdoa | Berpuasa | Membaca Quran | Jalan Kaki | Meditasi | Mandi | Buku Audio | Menonton Serial | Berita Terkini | Makan Enak | Reddit | Belajar Bahasa | Streaming | YouTube | Tidur Siang Singkat | Dokumenter | Cinta,Biasa,Netral
04/02/2021,Feb-04,Kamis,9:09 pm,diberkati,Membaca | Belajar | Berpuasa | Jalan Kaki | Meditasi | Mandi | Menulis | Menonton Serial | Berita Terkini | Belajar Bahasa | YouTube | Menonton Film | Memasak | Membersihkan Rumah | Penelitian | Hal Baru | Tidur Siang Singkat | Dokumenter | Sahabat Pena | Coding | Tutorial | Cinta,Baik,Positif
10/06/2018,Jun-10,Minggu,10:59 am,bingung,,Biasa,Netral
26/07/2020,Jul-26,Minggu,2:48 pm,bertanya-tanya,Seni | Berdoa | Berpuasa | Membaca Quran | Jalan Kaki | Meditasi | Mandi | Dota 2 | Podcast | Buku Audio | Menulis | Menonton Serial | Berita Terkini | Makan Enak | Reddit | Belajar Bahasa | Streaming | YouTube | Membersihkan Rumah | Tidur Siang Singkat | Desain,Biasa,Netral
15/08/2020,Aug-15,Sabtu,9:00 pm,buruk,Seni | Jalan Kaki | Podcast | Buku Audio | Menonton Serial | Reddit | Belajar Bahasa | Streaming | YouTube,Buruk,Negatif
18/11/2018,Nov-18,Minggu,12:02 pm,lapar,Membaca | Berdoa | Meditasi | Mandi | Dota 2 | Podcast | Buku Audio | Berita Terkini | YouTube | Menonton Film | Catatan Berat Badan,Baik,Positif
04/05/2019,May-04,Sabtu,10:15 am,tersulut emosi,Dota 2 | Podcast | Buku Audio | Berita Terkini | Makan Enak | Reddit | Streaming | YouTube | Surel | Mendengarkan Lagu | Desain | Catatan Berat Badan,Sangat Buruk,Negatif
04/10/2020,Oct-04,Minggu,9:00 pm,bertanya-tanya,Belajar | Seni | Buku Audio | Menonton Serial | Berita Terkini | Makan Enak | Reddit | Belajar Bahasa | Poetry | Streaming | YouTube | Memasak | Membersihkan Rumah | Penelitian | Hal Baru | Tidur Siang Singkat | Mendengarkan Lagu | Dokumenter | Sahabat Pena | Coding | Tutorial | Cinta,Biasa,Netral
11/03/2018,Mar-11,Minggu,7:01 pm,sangat sedih,,Sangat Buruk,Negatif
23/02/2020,Feb-23,Minggu,9:07 pm,bersemangat,Berdoa | Berpuasa | Jalan Kaki | Meditasi | Mandi | Dota 2 | Podcast | Menonton Serial | Berita Terkini | Makan Enak | Reddit | Streaming | YouTube | Tidur Siang Singkat | Sahabat Pena | Diet Keto | Catatan Berat Badan,Luar Biasa,Positif
14/05/2020,May-14,Kamis,10:13 pm,bersemangat,Membaca | Belajar | Seni | Menulis Jurnal | Berdoa | Berpuasa | Olahraga | Membaca Quran | Jalan Kaki | Meditasi | Mandi | Buku Audio | Menulis | Menonton Serial | Berita Terkini | Makan Enak | Reddit | Belajar Bahasa | Streaming | YouTube | Tidur Siang Singkat | Mendengarkan Lagu | Desain | Tutorial | Catatan Berat Badan,Luar Biasa,Positif
30/03/2021,Mar-30,Selasa,9:20 pm,bertanya-tanya,Membaca | Belajar | Seni | Berdoa | Berpuasa | Jalan Kaki | Meditasi | Buku Audio | Menulis | Menonton Serial | Belajar Bahasa | Merapikan Rambut | Streaming | YouTube | Memasak | Penelitian | Hal Baru | Tidur Siang Singkat | Mendengarkan Lagu | Dokumenter | Sahabat Pena | Coding | Tutorial,Biasa,Netral
22/01/2021,Jan-22,Jumat,1:19 pm,marah,Membaca | Belajar | Berdoa | Berpuasa | Jalan Kaki | Buku Audio | Menulis | Menonton Serial | Makan Enak | Reddit | Belajar Bahasa | Streaming | YouTube | Memasak | Membersihkan Rumah | Penelitian | Hal Baru | Tidur Siang Singkat | Dokumenter | Sahabat Pena | Coding | Tutorial,Sangat Buruk,Negatif
13/09/2018,Sep-13,Kamis,2:07 pm,tersulut emosi,Dota 2,Sangat Buruk,Negatif
01/05/2020,May-01,Jumat,9:08 pm,diberkati,Membaca | Belajar | Berdoa | Berpuasa | Membaca Quran | Jalan Kaki | Meditasi | Podcast | Buku Audio | Menonton Serial | Makan Enak | Reddit | Streaming | YouTube | Tidur Siang Singkat | Mendengarkan Lagu | Desain,Baik,Positif
19/10/2020,Oct-19,Senin,9:50 pm,sangat sedih,Membaca | Belajar | Berdoa | Berpuasa | Membaca Quran | Jalan Kaki | Meditasi | Mandi | Dota 2 | Podcast | Buku Audio | Menulis | Menonton Serial | Berita Terkini | Makan Enak | Reddit | Belajar Bahasa | Streaming | YouTube | Memasak | Penelitian | Hal Baru | Mendengarkan Lagu | Dokumenter | Coding | Tutorial,Sangat Buruk,Negatif
06/07/2018,Jul-06,Jumat,2:15 pm,tersulut emosi,Berdoa | Berpuasa | Meditasi | Mandi | Streaming | YouTube,Sangat Buruk,Negatif
29/04/2018,Apr-29,Minggu,11:42 am,khawatir,,Buruk,Negatif
10/05/2019,May-10,Jumat,2:23 pm,bingung,Berdoa | Berpuasa | Jalan Kaki | Mandi | Podcast | Buku Audio | Menonton Serial | Berita Terkini | Reddit | YouTube | Menonton Film | Surel | Sahabat Pena | Catatan Berat Badan,Biasa,Netral
21/02/2018,Feb-21,Rabu,2:29 pm,bertanya-tanya,YouTube | Tidur Siang Singkat,Biasa,Netral
08/07/2018,Jul-08,Minggu,2:28 pm,khawatir,Dota 2,Buruk,Negatif
06/05/2020,May-06,Rabu,9:05 pm,bersemangat,Belajar | Seni | Menulis Jurnal | Berdoa | Berpuasa | Membaca Quran | Jalan Kaki | Meditasi | Mandi | Buku Audio | Berita Terkini | Makan Enak | Reddit | Streaming | YouTube | Tidur Siang Singkat | Mendengarkan Lagu,Luar Biasa,Positif
14/06/2018,Jun-14,Kamis,11:07 am,takut,,Buruk,Negatif
25/12/2018,Dec-25,Selasa,11:51 am,bertanya-tanya,Membaca | Meditasi | Mandi | Podcast | Berita Terkini | Makan Enak | Streaming | YouTube | Bermain Game | Sahabat Pena | Catatan Berat Badan,Biasa,Netral
03/01/2020,Jan-03,Jumat,9:03 pm,santai totalitas,Berdoa | Berpuasa | Jalan Kaki | Meditasi | Mandi | Dota 2 | Podcast | Buku Audio | Menonton Serial | Makan Enak | Streaming | YouTube | Penelitian | Diet Keto | Catatan Berat Badan,Baik,Positif
13/02/2018,Feb-13,Selasa,6:50 pm,marah,Dota 2 | Keluarga | Surel,Sangat Buruk,Negatif
02/08/2020,Aug-02,Minggu,9:02 pm,biasa saja,Membaca | Berdoa | Berpuasa | Membaca Quran | Jalan Kaki | Meditasi | Mandi | Dota 2 | Podcast | Buku Audio | Menulis | Menonton Serial | Berita Terkini | Makan Enak | Reddit | Belajar Bahasa | Streaming | YouTube | Membersihkan Rumah | Penelitian | Keluarga | Tidur Siang Singkat | Dokumenter,Biasa,Netral
27/05/2020,May-27,Rabu,12:52 am,bersemangat,Berdoa | Mandi | Podcast | Buku Audio | Berita Terkini | Makan Enak | Reddit | Streaming | YouTube | Mendengarkan Lagu,Luar Biasa,Positif
08/05/2018,May-08,Selasa,11:32 am,diberkati,,Baik,Positif
23/12/2018,Dec-23,Minggu,12:00 pm,lapar,Membaca | Meditasi | Podcast | Berita Terkini | Makan Enak | Streaming | YouTube | Hal Baru | Desain | Sahabat Pena,Baik,Positif
26/02/2018,Feb-26,Senin,7:18 am,sangat bahagia,Membaca | Berdoa | Penelitian | Hal Baru | Tidur Siang Singkat,Luar Biasa,Positif
06/05/2020,May-06,Rabu,9:05 pm,bersemangat,Belajar | Seni | Menulis Jurnal | Berdoa | Berpuasa | Membaca Quran | Jalan Kaki | Meditasi | Mandi | Buku Audio | Berita Terkini | Makan Enak | Reddit | Streaming | YouTube | Tidur Siang Singkat | Mendengarkan Lagu,Luar Biasa,Positif
31/03/2018,Mar-31,Sabtu,10:00 am,bingung,,Biasa,Netral
22/11/2018,Nov-22,Kamis,10:05 am,sangat bahagia,Berpuasa | Jalan Kaki | Meditasi | Buku Audio | Berita Terkini,Luar Biasa,Positif
11/03/2018,Mar-11,Minggu,2:26 pm,diberkati,Dota 2 | Menonton Serial | Streaming | YouTube,Baik,Positif
27/01/2020,Jan-27,Senin,12:25 am,fokus,Berpuasa | Jalan Kaki | Meditasi | Podcast | Buku Audio | Menonton Serial | Berita Terkini | Makan Enak | Reddit | Streaming | YouTube | Diet Keto,Baik,Positif
31/03/2018,Mar-31,Sabtu,7:06 pm,bersemangat,,Luar Biasa,Positif
26/10/2020,Oct-26,Senin,9:07 pm,lemah,Belajar | Berdoa | Berpuasa | Jalan Kaki | Meditasi | Mandi | Buku Audio | Menulis | Menonton Serial | Berita Terkini | Makan Enak | Reddit | Belajar Bahasa | Streaming | YouTube | Memasak | Penelitian | Hal Baru | Tidur Siang Singkat | Dokumenter | Coding | Tutorial,Biasa,Netral
06/08/2020,Aug-06,Kamis,9:02 pm,buruk,Seni | Berdoa | Berpuasa | Membaca Quran | Jalan Kaki | Meditasi | Mandi | Dota 2 | Podcast | Buku Audio | Menulis | Berita Terkini | Makan Enak | Reddit | Belajar Bahasa | Bercukur | Streaming | YouTube | Penelitian | Keluarga | Tidur Siang Singkat | Mendengarkan Lagu | Desain | Cinta,Buruk,Negatif
02/05/2018,May-02,Rabu,2:02 pm,tersulut emosi,Streaming | YouTube | Surel,Sangat Buruk,Negatif
24/02/2018,Feb-24,Sabtu,9:31 am,takut,Berdoa | Tidur Siang Singkat,Buruk,Negatif
17/07/2018,Jul-17,Selasa,7:17 pm,sangat sedih,Dota 2 | Podcast | Makan Enak | Streaming | YouTube | Catatan Berat Badan,Sangat Buruk,Negatif
10/01/2021,Jan-10,Minggu,11:20 pm,fokus,Membaca | Belajar | Seni | Berdoa | Berpuasa | Meditasi | Mandi | Menulis | Menonton Serial | Reddit | Belajar Bahasa | Yoga | Streaming | YouTube | Memasak | Traveling | Membersihkan Rumah | Penelitian | Hal Baru | Keluarga | Tidur Siang Singkat | Mendengarkan Lagu | Dokumenter | Sahabat Pena | Coding,Baik,Positif
01/05/2018,May-01,Selasa,2:51 pm,khawatir,Membaca | Menulis Jurnal | YouTube | Penelitian,Buruk,Negatif
10/06/2018,Jun-10,Minggu,10:59 am,bingung,,Biasa,Netral
27/06/2018,Jun-27,Rabu,7:00 pm,bingung,Mandi | Streaming | YouTube,Biasa,Netral
12/02/2021,Feb-12,Jumat,9:10 pm,khawatir,Membaca | Belajar | Berdoa | Berpuasa | Jalan Kaki | Meditasi | Mandi | Buku Audio | Menonton Serial | Reddit | Belajar Bahasa | Streaming | YouTube | Memasak | Membersihkan Rumah | Penelitian | Tidur Siang Singkat | Surel | Dokumenter | Sahabat Pena | Coding | Tutorial,Buruk,Negatif
28/09/2020,Sep-28,Senin,9:15 pm,bingung,Belajar | Seni | Berdoa | Membaca Quran | Jalan Kaki | Meditasi | Mandi | Dota 2 | Buku Audio | Menonton Serial | Berita Terkini | Makan Enak | Reddit | Belajar Bahasa | Streaming | YouTube | Memasak | Meditasi Holotropik | Membersihkan Rumah | Penelitian | Hal Baru | Tidur Siang Singkat | Mendengarkan Lagu | Desain | Dokumenter | Sahabat Pena | Coding | Tutorial,Biasa,Netral
30/12/2019,Dec-30,Senin,9:00 pm,sangat bahagia,Berpuasa | Jalan Kaki | Meditasi | Podcast | Buku Audio | Menonton Serial | Berita Terkini | Makan Enak | Reddit | Streaming | YouTube | Diet Keto,Luar Biasa,Positif
18/09/2019,Sep-18,Rabu,2:01 pm,lemah,Menulis Jurnal | Berpuasa | Meditasi | Dota 2 | Berita Terkini,Biasa,Netral
28/10/2020,Oct-28,Rabu,9:00 pm,diberkati,Berpuasa | Jalan Kaki | Mandi | Buku Audio | Menulis | Menonton Serial | Berita Terkini | Makan Enak | Reddit | Belajar Bahasa | Streaming | YouTube | Menonton Film | Memasak | Penelitian | Tidur Siang Singkat | Dokumenter | Coding | Tutorial | Cinta | Rekaman,Baik,Positif
04/07/2018,Jul-04,Rabu,11:14 am,lemah,,Biasa,Netral
03/03/2020,Mar-03,Selasa,10:09 pm,keren,Berdoa | Berpuasa | Jalan Kaki | Meditasi | Mandi | Dota 2 | Menonton Serial | Berita Terkini | Makan Enak | Reddit | Streaming | YouTube | Keluarga | Tidur Siang Singkat | Mendengarkan Lagu | Sahabat Pena | Catatan Berat Badan,Luar Biasa,Positif
06/04/2018,Apr-06,Jumat,11:57 am,bertanya-tanya,,Biasa,Netral
02/12/2019,Dec-02,Senin,10:06 pm,bersemangat,Berpuasa | Jalan Kaki | Meditasi | Podcast | Buku Audio | Menulis | Menonton Serial | Makan Enak | Reddit | Streaming | YouTube | Surel | Diet Keto,Luar Biasa,Positif
24/05/2018,May-24,Kamis,2:14 pm,bingung,Surel | Pekerjaan,Biasa,Netral
12/01/2021,Jan-12,Selasa,9:46 pm,keren,Belajar | Jalan Kaki | Streaming | YouTube | Memasak | Penelitian | Hal Baru | Dokumenter | Coding,Luar Biasa,Positif
03/07/2020,Jul-03,Jumat,9:02 pm,bertanya-tanya,Membaca | Seni | Berdoa | Membaca Quran | Jalan Kaki | Meditasi | Dota 2 | Podcast | Buku Audio | Menulis | Menonton Serial | Berita Terkini | Makan Enak | Reddit | Bercukur | Merapikan Rambut | Streaming | YouTube | Membersihkan Rumah | Surel | Mendengarkan Lagu | Cinta,Biasa,Netral
19/08/2020,Aug-19,Rabu,1:53 pm,khawatir,Berpuasa | Berita Terkini | Makan Enak | Reddit | Belajar Bahasa | Streaming | YouTube | Keluarga | Dokumenter | Cinta,Buruk,Negatif
10/09/2020,Sep-10,Kamis,8:26 pm,bersemangat,Membaca | Belajar | Seni | Berdoa | Berpuasa | Membaca Quran | Jalan Kaki | Meditasi | Mandi | Buku Audio | Menulis | Menonton Serial | Berita Terkini | Makan Enak | Reddit | Belajar Bahasa | Yoga | Bercukur | Merapikan Rambut | Poetry | Streaming | YouTube | Memasak | Meditasi Holotropik | Membersihkan Rumah | Penelitian | Hal Baru | Mendengarkan Lagu | Dokumenter | Sahabat Pena | Coding | Tutorial | Rekaman,Luar Biasa,Positif
04/03/2021,Mar-04,Kamis,9:05 pm,fokus,Seni | Berdoa | Berpuasa | Jalan Kaki | Meditasi | Mandi | Buku Audio | Menulis | Menonton Serial | Makan Enak | Reddit | Belajar Bahasa | Streaming | YouTube | Memasak | Membersihkan Rumah | Penelitian | Tidur Siang Singkat | Dokumenter | Coding | Tutorial,Baik,Positif
21/03/2018,Mar-21,Rabu,7:02 pm,bertanya-tanya,,Biasa,Netral
27/03/2018,Mar-27,Selasa,10:03 am,bertanya-tanya,,Biasa,Netral
16/10/2020,Oct-16,Jumat,9:18 pm,lemah,Belajar | Seni | Berdoa | Berpuasa | Jalan Kaki | Meditasi | Mandi | Dota 2 | Buku Audio | Menulis | Menonton Serial | Berita Terkini | Makan Enak | Reddit | Belajar Bahasa | Streaming | YouTube | Memasak | Membersihkan Rumah | Penelitian | Hal Baru | Tidur Siang Singkat | Mendengarkan Lagu | Dokumenter | Sahabat Pena | Coding | Tutorial,Biasa,Netral
09/02/2018,Feb-09,Jumat,6:36 pm,biasa saja,Berdoa | Streaming | YouTube | Traveling | Penelitian | Hal Baru,Biasa,Netral
27/06/2018,Jun-27,Rabu,7:00 pm,bingung,Mandi | Streaming | YouTube,Biasa,Netral
13/09/2018,Sep-13,Kamis,10:04 am,sakit,Buku Audio | Berita Terkini | Tidur Siang Singkat,Buruk,Negatif
02/08/2020,Aug-02,Minggu,9:02 pm,biasa saja,Membaca | Berdoa | Berpuasa | Membaca Quran | Jalan Kaki | Meditasi | Mandi | Dota 2 | Podcast | Buku Audio | Menulis | Menonton Serial | Berita Terkini | Makan Enak | Reddit | Belajar Bahasa | Streaming | YouTube | Membersihkan Rumah | Penelitian | Keluarga | Tidur Siang Singkat | Dokumenter,Biasa,Netral
17/02/2018,Feb-17,Sabtu,9:22 am,diberkati,Jalan Kaki | Meditasi | Dota 2 | Traveling,Baik,Positif
23/04/2018,Apr-23,Senin,10:34 am,bingung,Tidur Siang Singkat,Biasa,Netral
31/08/2020,Aug-31,Senin,10:42 pm,biasa saja,Berpuasa | Jalan Kaki | Meditasi | Mandi | Buku Audio | Menulis | Menonton Serial | Berita Terkini | Makan Enak | Reddit | Belajar Bahasa | Streaming | YouTube | Traveling | Keluarga | Mendengarkan Lagu | Sahabat Pena | Coding | Tutorial | Rekaman,Biasa,Netral
02/06/2020,Jun-02,Selasa,3:57 pm,khawatir,Seni | Berpuasa | Dota 2 | Menonton Serial | Berita Terkini | Makan Enak | Reddit | Belajar Bahasa | Streaming | YouTube | Sahabat Pena,Buruk,Negatif
06/07/2018,Jul-06,Jumat,7:07 pm,tersulut emosi,Berpuasa | Dota 2,Sangat Buruk,Negatif
05/10/2020,Oct-05,Senin,9:03 pm,biasa saja,Berpuasa | Jalan Kaki | Mandi | Buku Audio | Menonton Serial | Berita Terkini | Makan Enak | Reddit | Belajar Bahasa | Streaming | YouTube | Memasak | Membersihkan Rumah | Penelitian | Hal Baru | Tidur Siang Singkat | Surel | Mendengarkan Lagu | Desain | Dokumenter | Sahabat Pena | Coding | Tutorial,Biasa,Netral
07/08/2020,Aug-07,Jumat,7:19 am,marah,Membaca | Belajar | Seni | Berdoa | Berpuasa | Membaca Quran | Jalan Kaki | Meditasi | Mandi | Dota 2 | Podcast | Buku Audio | Menulis | Menonton Serial | Berita Terkini | Makan Enak | Reddit | Belajar Bahasa | Streaming | YouTube | Menonton Film | Bermain Game | Hal Baru | Keluarga | Tidur Siang Singkat | Mendengarkan Lagu | Desain | Dokumenter | Cinta | Rekaman,Sangat Buruk,Negatif
17/07/2020,Jul-17,Jumat,7:51 am,takut,Membaca | Belajar | Seni | Berdoa | Membaca Quran | Jalan Kaki | Meditasi | Mandi | Dota 2 | Podcast | Buku Audio | Menulis | Menonton Serial | Berita Terkini | Makan Enak | Reddit | Belajar Bahasa | Streaming | YouTube | Membersihkan Rumah | Hal Baru | Keluarga | Tidur Siang Singkat | Mendengarkan Lagu | Desain | Dokumenter | Tutorial | Cinta | Rekaman,Buruk,Negatif
10/01/2020,Jan-10,Jumat,9:21 pm,bersemangat,Berdoa | Berpuasa | Jalan Kaki | Meditasi | Mandi | Dota 2 | Podcast | Buku Audio | Berita Terkini | Makan Enak | Reddit | Streaming | YouTube | Diet Keto | Catatan Berat Badan,Luar Biasa,Positif
13/01/2021,Jan-13,Rabu,10:01 pm,lemah,Membaca | Berdoa | Meditasi | Mandi | Buku Audio | Menulis | Menonton Serial | Makan Enak | Reddit | Belajar Bahasa | Streaming | YouTube | Memasak | Penelitian | Hal Baru | Tidur Siang Singkat | Perbaikan | Dokumenter | Sahabat Pena | Coding | Tutorial,Biasa,Netral
06/02/2018,Feb-06,Selasa,9:56 am,buruk,Berpuasa | Jalan Kaki | Meditasi | Traveling | Rumah Sakit,Buruk,Negatif
10/03/2020,Mar-10,Selasa,9:00 pm,sangat bahagia,Seni | Berdoa | Berpuasa | Jalan Kaki | Meditasi | Podcast | Buku Audio | Menonton Serial | Berita Terkini | Makan Enak | Reddit | Streaming | YouTube | Tidur Siang Singkat | Mendengarkan Lagu | Sahabat Pena | Diet Keto,Luar Biasa,Positif
16/01/2020,Jan-16,Kamis,8:04 pm,diberkati,Berpuasa | Jalan Kaki | Meditasi | Dota 2 | Podcast | Buku Audio | Menonton Serial | Berita Terkini | Makan Enak | Reddit | Streaming | YouTube | Hal Baru | Mendengarkan Lagu | Diet Keto | Catatan Berat Badan,Baik,Positif
24/02/2020,Feb-24,Senin,9:09 pm,lemah,Berdoa | Jalan Kaki | Meditasi | Mandi | Menonton Serial | Berita Terkini | Makan Enak | Reddit | Streaming | YouTube | Mendengarkan Lagu,Biasa,Netral
15/05/2020,May-15,Jumat,10:28 pm,diberkati,Membaca | Belajar | Seni | Menulis Jurnal | Berdoa | Berpuasa | Membaca Quran | Jalan Kaki | Meditasi | Mandi | Podcast | Buku Audio | Menulis | Menonton Serial | Berita Terkini | Makan Enak | Reddit | Belajar Bahasa | Streaming | YouTube | Mendengarkan Lagu | Tutorial,Baik,Positif
02/08/2020,Aug-02,Minggu,9:02 pm,biasa saja,Membaca | Berdoa | Berpuasa | Membaca Quran | Jalan Kaki | Meditasi | Mandi | Dota 2 | Podcast | Buku Audio | Menulis | Menonton Serial | Berita Terkini | Makan Enak | Reddit | Belajar Bahasa | Streaming | YouTube | Membersihkan Rumah | Penelitian | Keluarga | Tidur Siang Singkat | Dokumenter,Biasa,Netral
09/02/2021,Feb-09,Selasa,9:54 pm,fokus,Membaca | Belajar | Berpuasa | Jalan Kaki | Meditasi | Buku Audio | Menulis | Berita Terkini | Reddit | Belajar Bahasa | Streaming | YouTube | Memasak | Membersihkan Rumah | Penelitian | Hal Baru | Tidur Siang Singkat | Dokumenter | Sahabat Pena | Coding | Tutorial,Baik,Positif
14/06/2018,Jun-14,Kamis,3:00 pm,bertanya-tanya,Berdoa | Berpuasa | Mandi | Dota 2 | YouTube | Tidur Siang Singkat,Biasa,Netral
08/02/2018,Feb-08,Kamis,7:01 pm,bersemangat,Jalan Kaki | Buku Audio | YouTube | Traveling,Luar Biasa,Positif
29/04/2018,Apr-29,Minggu,2:47 pm,diberkati,Menulis Jurnal | Menonton Serial | Makan Enak | Streaming | YouTube | Hal Baru,Baik,Positif
11/10/2020,Oct-11,Minggu,11:35 pm,bingung,Belajar | Berpuasa | Jalan Kaki | Meditasi | Menonton Serial | Berita Terkini | Makan Enak | Reddit | Belajar Bahasa | Streaming | YouTube | Memasak | Membersihkan Rumah | Penelitian | Hal Baru | Tidur Siang Singkat | Sahabat Pena | Coding | Tutorial,Biasa,Netral
17/11/2019,Nov-17,Minggu,9:01 pm,diberkati,Berpuasa | Jalan Kaki | Meditasi | Dota 2 | Buku Audio | Menonton Serial | Berita Terkini | Makan Enak | YouTube | Diet Keto | Catatan Berat Badan,Baik,Positif
12/11/2018,Nov-12,Senin,1:40 pm,keren,Membaca | Meditasi | Menonton Serial | Berita Terkini | Makan Enak | Streaming | YouTube | Sahabat Pena,Luar Biasa,Positif
18/09/2020,Sep-18,Jumat,7:44 pm,tersulut emosi,Belajar | Berdoa | Berpuasa | Membaca Quran | Jalan Kaki | Meditasi | Mandi | Buku Audio | Menulis | Menonton Serial | Berita Terkini | Reddit | Belajar Bahasa | Streaming | YouTube | Memasak | Membersihkan Rumah | Penelitian | Hal Baru | Mendengarkan Lagu | Dokumenter | Sahabat Pena | Coding | Tutorial,Sangat Buruk,Negatif
24/05/2018,May-24,Kamis,2:14 pm,bingung,Surel | Pekerjaan,Biasa,Netral
14/06/2018,Jun-14,Kamis,11:07 am,takut,,Buruk,Negatif
27/02/2020,Feb-27,Kamis,9:21 pm,bersemangat,Seni | Berdoa | Berpuasa | Jalan Kaki | Meditasi | Mandi | Buku Audio | Menonton Serial | Berita Terkini | Makan Enak | Reddit | Streaming | YouTube | Tidur Siang Singkat | Mendengarkan Lagu | Desain | Diet Keto | Catatan Berat Badan,Luar Biasa,Positif
09/10/2020,Oct-09,Jumat,9:00 pm,khawatir,Belajar | Berdoa | Berpuasa | Olahraga | Membaca Quran | Jalan Kaki | Mandi | Buku Audio | Menonton Serial | Berita Terkini | Makan Enak | Reddit | Belajar Bahasa | Streaming | YouTube | Memasak | Membersihkan Rumah | Penelitian | Hal Baru | Tidur Siang Singkat | Surel | Dokumenter | Sahabat Pena | Coding | Tutorial,Buruk,Negatif
28/08/2020,Aug-28,Jumat,10:04 pm,sangat sedih,Berdoa | Berpuasa | Membaca Quran | Jalan Kaki | Meditasi | Mandi | Podcast | Buku Audio | Menonton Serial | Berita Terkini | Makan Enak | Reddit | Belajar Bahasa | Streaming | YouTube | Memasak | Keluarga | Tidur Siang Singkat | Sahabat Pena | Coding | Rekaman,Sangat Buruk,Negatif
12/02/2018,Feb-12,Senin,7:12 pm,tersulut emosi,Dota 2 | Streaming | YouTube | Hal Baru | Keluarga | Surel | Mendengarkan Lagu,Sangat Buruk,Negatif
31/03/2018,Mar-31,Sabtu,10:00 am,bingung,,Biasa,Netral
19/11/2019,Nov-19,Selasa,9:21 pm,santai totalitas,Membaca | Berpuasa | Jalan Kaki | Meditasi | Dota 2 | Buku Audio | Menonton Serial | Berita Terkini | Reddit | Streaming | YouTube | Diet Keto | Catatan Berat Badan,Baik,Positif
10/05/2020,May-10,Minggu,11:04 am,sangat bahagia,Membaca | Belajar | Seni | Menulis Jurnal | Berdoa | Berpuasa | Membaca Quran | Jalan Kaki | Meditasi | Mandi | Buku Audio | Berita Terkini | Makan Enak | Reddit | Streaming | YouTube | Hal Baru | Surel | Mendengarkan Lagu | Tutorial | Catatan Berat Badan,Luar Biasa,Positif
18/09/2018,Sep-18,Selasa,10:49 am,khawatir,Berdoa,Buruk,Negatif
26/06/2020,Jun-26,Jumat,9:02 pm,bertanya-tanya,Membaca | Belajar | Seni | Menulis Jurnal | Berdoa | Berpuasa | Membaca Quran | Jalan Kaki | Meditasi | Mandi | Buku Audio | Menulis | Menonton Serial | Berita Terkini | Makan Enak | Reddit | Streaming | YouTube | Penelitian | Keluarga | Tidur Siang Singkat | Mendengarkan Lagu | Sahabat Pena | Pesta | Cinta | Rekaman | Edit Video,Biasa,Netral
12/09/2018,Sep-12,Rabu,7:03 pm,sakit,Dota 2 | YouTube,Buruk,Negatif
13/04/2021,Apr-13,Selasa,2:38 am,bertanya-tanya,Membaca | Belajar | Seni | Berdoa | Berpuasa | Jalan Kaki | Meditasi | Buku Audio | Menulis | Menonton Serial | Berita Terkini | Makan Enak | Reddit | Belajar Bahasa | Bercukur | Streaming | YouTube | Memasak | Penelitian | Hal Baru | Tidur Siang Singkat | Dokumenter | Sahabat Pena | Coding | Tutorial,Biasa,Netral
14/02/2018,Feb-14,Rabu,1:40 pm,marah,Dota 2 | YouTube | Bermain Game,Sangat Buruk,Negatif
22/11/2019,Nov-22,Jumat,9:00 pm,bertanya-tanya,Berdoa | Berpuasa | Jalan Kaki | Meditasi | Mandi | Buku Audio | Menonton Serial | Berita Terkini | Reddit | YouTube | Diet Keto | Catatan Berat Badan,Biasa,Netral
23/03/2018,Mar-23,Jumat,2:00 pm,baik,Menonton Serial | YouTube,Baik,Positif
07/01/2021,Jan-07,Kamis,5:59 pm,sangat bahagia,Membaca | Belajar | Berdoa | Berpuasa | Jalan Kaki | Meditasi | Mandi | Buku Audio | Menulis | Menonton Serial | Berita Terkini | Makan Enak | Reddit | Belajar Bahasa | Streaming | YouTube | Memasak | Membersihkan Rumah | Penelitian | Hal Baru | Tidur Siang Singkat | Mendengarkan Lagu | Dokumenter | Coding | Tutorial,Luar Biasa,Positif
01/04/2018,Apr-01,Minggu,2:06 pm,santai,,Baik,Positif
21/04/2018,Apr-21,Sabtu,10:16 am,bersemangat,,Luar Biasa,Positif
28/02/2018,Feb-28,Rabu,10:21 am,diberkati,Berdoa | Tidur Siang Singkat,Baik,Positif
07/04/2020,Apr-07,Selasa,7:27 pm,bingung,Seni | Menulis Jurnal | Berdoa | Jalan Kaki | Meditasi | Mandi | Podcast | Buku Audio | Menulis | Menonton Serial | Berita Terkini | Makan Enak | Reddit | Streaming | YouTube | Membersihkan Rumah | Keluarga | Tidur Siang Singkat | Mendengarkan Lagu | Sahabat Pena,Biasa,Netral
04/08/2020,Aug-04,Selasa,7:53 pm,buruk,Berdoa | Berpuasa | Olahraga | Membaca Quran | Jalan Kaki | Meditasi | Mandi | Dota 2 | Podcast | Buku Audio | Menulis | Menonton Serial | Berita Terkini | Makan Enak | Reddit | Belajar Bahasa | Streaming | YouTube | Penelitian | Tidur Siang Singkat | Mendengarkan Lagu | Desain | Dokumenter,Buruk,Negatif
05/12/2018,Dec-05,Rabu,7:37 pm,takut,Jalan Kaki | Dota 2 | Podcast | Menonton Serial | Berita Terkini | Makan Enak | Streaming | YouTube | Desain,Buruk,Negatif
06/08/2020,Aug-06,Kamis,9:02 pm,buruk,Seni | Berdoa | Berpuasa | Membaca Quran | Jalan Kaki | Meditasi | Mandi | Dota 2 | Podcast | Buku Audio | Menulis | Berita Terkini | Makan Enak | Reddit | Belajar Bahasa | Bercukur | Streaming | YouTube | Penelitian | Keluarga | Tidur Siang Singkat | Mendengarkan Lagu | Desain | Cinta,Buruk,Negatif
04/05/2019,May-04,Sabtu,10:15 am,tersulut emosi,Dota 2 | Podcast | Buku Audio | Berita Terkini | Makan Enak | Reddit | Streaming | YouTube | Surel | Mendengarkan Lagu | Desain | Catatan Berat Badan,Sangat Buruk,Negatif
20/05/2020,May-20,Rabu,3:12 pm,marah,Membaca | Belajar | Seni | Berdoa | Berpuasa | Olahraga | Membaca Quran | Jalan Kaki | Meditasi | Mandi | Podcast | Buku Audio | Menulis | Berita Terkini | Makan Enak | Reddit | Belajar Bahasa | Streaming | YouTube | Penelitian | Tidur Siang Singkat | Surel | Mendengarkan Lagu,Sangat Buruk,Negatif
15/02/2021,Feb-15,Senin,12:18 pm,keren,Membaca | Belajar | Berpuasa | Jalan Kaki | Menulis | Menonton Serial | Makan Enak | Reddit | Belajar Bahasa | Streaming | YouTube | Memasak | Membersihkan Rumah | Penelitian | Hal Baru | Tidur Siang Singkat | Mendengarkan Lagu | Desain | Dokumenter | Sahabat Pena | Coding | Tutorial,Luar Biasa,Positif
17/07/2018,Jul-17,Selasa,7:17 pm,sangat sedih,Dota 2 | Podcast | Makan Enak | Streaming | YouTube | Catatan Berat Badan,Sangat Buruk,Negatif
28/08/2020,Aug-28,Jumat,10:04 pm,sangat sedih,Berdoa | Berpuasa | Membaca Quran | Jalan Kaki | Meditasi | Mandi | Podcast | Buku Audio | Menonton Serial | Berita Terkini | Makan Enak | Reddit | Belajar Bahasa | Streaming | YouTube | Memasak | Keluarga | Tidur Siang Singkat | Sahabat Pena | Coding | Rekaman,Sangat Buruk,Negatif
02/05/2018,May-02,Rabu,8:23 pm,sangat sedih,Dota 2 | Streaming | YouTube,Sangat Buruk,Negatif
19/02/2021,Feb-19,Jumat,11:51 pm,keren,Membaca | Berdoa | Berpuasa | Jalan Kaki | Mandi | Buku Audio | Menulis | Menonton Serial | Makan Enak | Reddit | Belajar Bahasa | Streaming | YouTube | Memasak | Membersihkan Rumah | Penelitian | Hal Baru | Tidur Siang Singkat | Dokumenter | Sahabat Pena | Coding | Tutorial,Luar Biasa,Positif
13/09/2018,Sep-13,Kamis,10:04 am,sakit,Buku Audio | Berita Terkini | Tidur Siang Singkat,Buruk,Negatif
26/06/2018,Jun-26,Selasa,2:08 pm,bersemangat,Membaca | Menulis Jurnal | Berdoa | Mandi | Buku Audio | Menonton Serial | Hal Baru | Surel | Catatan Berat Badan,Luar Biasa,Positif
03/04/2018,Apr-03,Selasa,2:00 pm,sakit,Makan Enak | Streaming | Traveling,Buruk,Negatif
13/02/2018,Feb-13,Selasa,2:00 pm,marah,Makan Enak | YouTube | Surel,Sangat Buruk,Negatif
27/06/2018,Jun-27,Rabu,7:00 pm,bingung,Mandi | Streaming | YouTube,Biasa,Netral
13/01/2021,Jan-13,Rabu,10:01 pm,lemah,Membaca | Berdoa | Meditasi | Mandi | Buku Audio | Menulis | Menonton Serial | Makan Enak | Reddit | Belajar Bahasa | Streaming | YouTube | Memasak | Penelitian | Hal Baru | Tidur Siang Singkat | Perbaikan | Dokumenter | Sahabat Pena | Coding | Tutorial,Biasa,Netral
08/06/2020,Jun-08,Senin,11:30 pm,lemah,Jalan Kaki | Menonton Serial | Makan Enak | Reddit | Belajar Bahasa | Streaming | YouTube | Keluarga | Mendengarkan Lagu | Sahabat Pena,Biasa,Netral
09/04/2018,Apr-09,Senin,7:52 pm,khawatir,Dota 2 | Podcast | Buku Audio | Streaming | YouTube | Mendengarkan Lagu,Buruk,Negatif
09/07/2018,Jul-09,Senin,9:58 am,bingung,,Biasa,Netral
02/02/2021,Feb-02,Selasa,9:47 pm,sangat bahagia,Membaca | Belajar | Berpuasa | Jalan Kaki | Meditasi | Mandi | Buku Audio | Menulis | Menonton Serial | Berita Terkini | Makan Enak | Reddit | Belajar Bahasa | Streaming | YouTube | Menonton Film | Memasak | Traveling | Membersihkan Rumah | Penelitian | Hal Baru | Tidur Siang Singkat | Mendengarkan Lagu | Dokumenter | Sahabat Pena | Coding | Tutorial | Cinta,Luar Biasa,Positif
05/01/2019,Jan-05,Sabtu,7:00 pm,sangat bahagia,Jalan Kaki | Dota 2 | Berita Terkini | Makan Enak | Streaming | YouTube | Sahabat Pena,Luar Biasa,Positif
24/03/2021,Mar-24,Rabu,9:41 pm,fokus,Membaca | Belajar | Seni | Berdoa | Berpuasa | Jalan Kaki | Meditasi | Mandi | Podcast | Buku Audio | Menulis | Menonton Serial | Makan Enak | Belajar Bahasa | Streaming | YouTube | Memasak | Traveling | Penelitian | Hal Baru | Tidur Siang Singkat | Dokumenter | Sahabat Pena | Coding | Tutorial,Baik,Positif
21/03/2018,Mar-21,Rabu,7:02 pm,bertanya-tanya,,Biasa,Netral
06/04/2018,Apr-06,Jumat,11:57 am,bertanya-tanya,,Biasa,Netral
21/01/2020,Jan-21,Selasa,9:00 pm,diberkati,Berpuasa | Jalan Kaki | Meditasi | Mandi | Dota 2 | Buku Audio | Menonton Serial | Berita Terkini | Makan Enak | Reddit | Streaming | YouTube | Diet Keto,Baik,Positif
04/04/2020,Apr-04,Sabtu,9:11 pm,bersemangat,Seni | Berdoa | Jalan Kaki | Meditasi | Mandi | Menulis | Menonton Serial | Berita Terkini | Makan Enak | Reddit | Streaming | YouTube | Membersihkan Rumah | Tidur Siang Singkat | Mendengarkan Lagu,Luar Biasa,Positif
03/04/2020,Apr-03,Jumat,9:00 pm,bersemangat,Berdoa | Mandi | Dota 2 | Buku Audio | Menulis | Menonton Serial | Makan Enak | Reddit | Streaming | YouTube | Tidur Siang Singkat | Mendengarkan Lagu | Sahabat Pena,Luar Biasa,Positif
01/03/2018,Mar-01,Kamis,2:03 pm,biasa saja,Mandi | Makan Enak | Streaming | YouTube | Catatan Berat Badan,Biasa,Netral
14/02/2021,Feb-14,Minggu,12:17 pm,khawatir,Membaca | Belajar | Berpuasa | Jalan Kaki | Menulis | Menonton Serial | Berita Terkini | Makan Enak | Reddit | Belajar Bahasa | Streaming | YouTube | Memasak | Membersihkan Rumah | Penelitian | Hal Baru | Tidur Siang Singkat | Dokumenter | Sahabat Pena | Coding | Tutorial,Buruk,Negatif
27/06/2018,Jun-27,Rabu,7:00 pm,bingung,Mandi | Streaming | YouTube,Biasa,Netral
07/03/2018,Mar-07,Rabu,11:39 am,khawatir,Dota 2,Buruk,Negatif
06/05/2018,May-06,Minggu,10:41 am,bingung,,Biasa,Netral
08/05/2018,May-08,Selasa,8:04 pm,bingung,Berdoa,Biasa,Netral
15/12/2020,Dec-15,Selasa,9:09 pm,fokus,Membaca | Berpuasa | Membaca Quran | Jalan Kaki | Buku Audio | Menulis | Menonton Serial | Berita Terkini | Makan Enak | Reddit | Belajar Bahasa | Streaming | YouTube | Memasak | Membersihkan Rumah | Penelitian | Tidur Siang Singkat | Sahabat Pena | Coding | Tutorial | Cinta,Baik,Positif
26/10/2020,Oct-26,Senin,9:07 pm,lemah,Belajar | Berdoa | Berpuasa | Jalan Kaki | Meditasi | Mandi | Buku Audio | Menulis | Menonton Serial | Berita Terkini | Makan Enak | Reddit | Belajar Bahasa | Streaming | YouTube | Memasak | Penelitian | Hal Baru | Tidur Siang Singkat | Dokumenter | Coding | Tutorial,Biasa,Netral
15/12/2019,Dec-15,Minggu,7:01 pm,sangat bahagia,Berpuasa | Olahraga | Jalan Kaki | Meditasi | Buku Audio | Menonton Serial | Berita Terkini | Makan Enak | Reddit | Streaming | YouTube | Diet Keto | Catatan Berat Badan,Luar Biasa,Positif
13/06/2018,Jun-13,Rabu,2:09 pm,bingung,Surel | Pekerjaan,Biasa,Netral
20/04/2018,Apr-20,Jumat,7:34 pm,tersulut emosi,Dota 2,Sangat Buruk,Negatif
10/05/2020,May-10,Minggu,11:04 am,sangat bahagia,Membaca | Belajar | Seni | Menulis Jurnal | Berdoa | Berpuasa | Membaca Quran | Jalan Kaki | Meditasi | Mandi | Buku Audio | Berita Terkini | Makan Enak | Reddit | Streaming | YouTube | Hal Baru | Surel | Mendengarkan Lagu | Tutorial | Catatan Berat Badan,Luar Biasa,Positif
05/03/2018,Mar-05,Senin,7:02 pm,marah,Dota 2 | Streaming | YouTube,Sangat Buruk,Negatif
17/03/2018,Mar-17,Sabtu,2:17 pm,bingung,Streaming | YouTube,Biasa,Netral
22/11/2018,Nov-22,Kamis,10:05 am,sangat bahagia,Berpuasa | Jalan Kaki | Meditasi | Buku Audio | Berita Terkini,Luar Biasa,Positif
05/08/2020,Aug-05,Rabu,2:43 pm,sangat buruk,Membaca | Belajar | Seni | Berdoa | Berpuasa | Membaca Quran | Jalan Kaki | Meditasi | Mandi | Dota 2 | Podcast | Buku Audio | Menulis | Menonton Serial | Berita Terkini | Makan Enak | Reddit | Belajar Bahasa | Streaming | YouTube | Penelitian | Keluarga | Tidur Siang Singkat | Mendengarkan Lagu | Dokumenter | Cinta,Sangat Buruk,Negatif
19/09/2020,Sep-19,Sabtu,9:17 pm,bertanya-tanya,Belajar | Berdoa | Berpuasa | Membaca Quran | Jalan Kaki | Meditasi | Mandi | Menonton Serial | Berita Terkini | Makan Enak | Reddit | Belajar Bahasa | Streaming | YouTube | Memasak | Membersihkan Rumah | Penelitian | Hal Baru | Mendengarkan Lagu | Dokumenter | Sahabat Pena | Coding | Tutorial,Biasa,Netral
15/08/2020,Aug-15,Sabtu,9:00 pm,buruk,Seni | Jalan Kaki | Podcast | Buku Audio | Menonton Serial | Reddit | Belajar Bahasa | Streaming | YouTube,Buruk,Negatif
01/12/2019,Dec-01,Minggu,9:02 pm,lapar,Berpuasa | Jalan Kaki | Meditasi | Buku Audio | Menonton Serial | Reddit | Streaming | YouTube | Traveling,Baik,Positif
25/07/2020,Jul-25,Sabtu,2:48 pm,lemah,Belajar | Seni | Berdoa | Berpuasa | Membaca Quran | Jalan Kaki | Meditasi | Mandi | Dota 2 | Podcast | Buku Audio | Menulis | Berita Terkini | Makan Enak | Reddit | Belajar Bahasa | Streaming | YouTube | Membersihkan Rumah | Penelitian | Tidur Siang Singkat | Mendengarkan Lagu | Desain | Tutorial,Biasa,Netral
06/02/2018,Feb-06,Selasa,8:39 pm,sakit,Dota 2 | Streaming | Keluarga,Buruk,Negatif
26/10/2018,Oct-26,Jumat,10:35 am,fokus,Membaca | Meditasi | Berita Terkini,Baik,Positif
15/02/2020,Feb-15,Sabtu,10:15 pm,keren,Berpuasa | Jalan Kaki | Meditasi | Podcast | Menonton Serial | Berita Terkini | Makan Enak | Reddit | Streaming | YouTube | Diet Keto,Luar Biasa,Positif
27/06/2020,Jun-27,Sabtu,9:20 pm,bersemangat,Membaca | Belajar | Seni | Berdoa | Berpuasa | Membaca Quran | Jalan Kaki | Meditasi | Mandi | Buku Audio | Menulis | Menonton Serial | Berita Terkini | Makan Enak | Reddit | Streaming | YouTube | Menonton Film | Keluarga | Tidur Siang Singkat | Mendengarkan Lagu | Dokumenter | Tutorial | Cinta,Luar Biasa,Positif
12/12/2019,Dec-12,Kamis,6:11 pm,lapar,Berpuasa | Olahraga | Jalan Kaki | Meditasi | Buku Audio | Menulis | Menonton Serial | Reddit | Streaming | YouTube | Membersihkan Rumah | Hal Baru | Mendengarkan Lagu | Sahabat Pena | Coding | Diet Keto | Catatan Berat Badan,Baik,Positif
05/06/2020,Jun-05,Jumat,9:02 pm,bingung,Seni | Berpuasa | Makan Enak | Reddit | Belajar Bahasa | Streaming | YouTube | Tidur Siang Singkat | Mendengarkan Lagu | Desain | Sahabat Pena,Biasa,Netral
25/09/2020,Sep-25,Jumat,12:02 pm,khawatir,Belajar | Seni | Berdoa | Berpuasa | Olahraga | Membaca Quran | Jalan Kaki | Mandi | Buku Audio | Menonton Serial | Berita Terkini | Makan Enak | Reddit | Belajar Bahasa | Bercukur | Streaming | YouTube | Memasak | Penelitian | Hal Baru | Tidur Siang Singkat | Surel | Mendengarkan Lagu | Desain | Sahabat Pena | Coding | Tutorial | Rekaman,Buruk,Negatif
27/04/2018,Apr-27,Jumat,7:46 pm,bertanya-tanya,Dota 2,Biasa,Netral
17/02/2018,Feb-17,Sabtu,6:35 am,diberkati,Berdoa,Baik,Positif
03/02/2018,Feb-03,Sabtu,7:52 pm,marah,Menulis Jurnal | Dota 2 | Streaming | Belanja,Sangat Buruk,Negatif
06/07/2018,Jul-06,Jumat,7:07 pm,tersulut emosi,Berpuasa | Dota 2,Sangat Buruk,Negatif
26/05/2018,May-26,Sabtu,10:05 am,khawatir,,Buruk,Negatif
08/12/2019,Dec-08,Minggu,9:00 pm,diberkati,Berpuasa | Jalan Kaki | Meditasi | Mandi | Buku Audio | Menonton Serial | Makan Enak | Reddit | Streaming | YouTube | Penelitian | Tidur Siang Singkat | Diet Keto,Baik,Positif
18/02/2018,Feb-18,Minggu,7:00 pm,baik,Dota 2 | YouTube | Bermain Game,Baik,Positif
16/02/2020,Feb-16,Minggu,9:16 pm,keren,Berdoa | Berpuasa | Jalan Kaki | Meditasi | Mandi | Buku Audio | Berita Terkini | Makan Enak | Reddit | Streaming | YouTube,Luar Biasa,Positif
13/03/2020,Mar-13,Jumat,8:11 pm,bersemangat,Seni | Berdoa | Jalan Kaki | Meditasi | Mandi | Dota 2 | Podcast | Buku Audio | Berita Terkini | Makan Enak | Reddit | Streaming | YouTube | Mendengarkan Lagu | Sahabat Pena,Luar Biasa,Positif
05/04/2021,Apr-05,Senin,2:06 pm,santai,Membaca | Belajar | Berdoa | Berpuasa | Jalan Kaki | Meditasi | Mandi | Buku Audio | Menulis | Menonton Serial | Berita Terkini | Makan Enak | Reddit | Belajar Bahasa | Merapikan Rambut | Streaming | YouTube | Memasak | Penelitian | Hal Baru | Tidur Siang Singkat | Dokumenter | Sahabat Pena | Coding | Tutorial,Baik,Positif
19/10/2020,Oct-19,Senin,9:50 pm,sangat sedih,Membaca | Belajar | Berdoa | Berpuasa | Membaca Quran | Jalan Kaki | Meditasi | Mandi | Dota 2 | Podcast | Buku Audio | Menulis | Menonton Serial | Berita Terkini | Makan Enak | Reddit | Belajar Bahasa | Streaming | YouTube | Memasak | Penelitian | Hal Baru | Mendengarkan Lagu | Dokumenter | Coding | Tutorial,Sangat Buruk,Negatif
29/03/2021,Mar-29,Senin,9:10 pm,fokus,Membaca | Belajar | Berdoa | Berpuasa | Jalan Kaki | Meditasi | Mandi | Podcast | Buku Audio | Menulis | Menonton Serial | Reddit | Belajar Bahasa | Streaming | YouTube | Memasak | Traveling | Hal Baru | Tidur Siang Singkat | Mendengarkan Lagu | Dokumenter | Sahabat Pena | Coding | Tutorial,Baik,Positif
24/06/2018,Jun-24,Minggu,3:18 pm,santai,Berpuasa | Mandi | Buku Audio | Streaming | YouTube | Mendengarkan Lagu,Baik,Positif
03/02/2018,Feb-03,Sabtu,7:52 pm,marah,Menulis Jurnal | Dota 2 | Streaming | Belanja,Sangat Buruk,Negatif
08/09/2020,Sep-08,Selasa,8:35 pm,keren,Belajar | Berdoa | Berpuasa | Membaca Quran | Jalan Kaki | Meditasi | Mandi | Buku Audio | Menulis | Menonton Serial | Berita Terkini | Makan Enak | Reddit | Belajar Bahasa | Streaming | YouTube | Meditasi Holotropik | Hal Baru | Mendengarkan Lagu | Sahabat Pena | Coding | Tutorial | Pekerjaan | Rekaman,Luar Biasa,Positif
02/12/2019,Dec-02,Senin,10:06 pm,bersemangat,Berpuasa | Jalan Kaki | Meditasi | Podcast | Buku Audio | Menulis | Menonton Serial | Makan Enak | Reddit | Streaming | YouTube | Surel | Diet Keto,Luar Biasa,Positif
21/12/2019,Dec-21,Sabtu,9:26 pm,bersemangat,Berpuasa | Jalan Kaki | Meditasi | Buku Audio | Menonton Serial | Berita Terkini | Makan Enak | Reddit | Streaming | YouTube | Diet Keto,Luar Biasa,Positif
07/06/2020,Jun-07,Minggu,9:07 pm,khawatir,Membaca | Seni | Menulis Jurnal | Jalan Kaki | Mandi | Podcast | Menulis | Berita Terkini | Makan Enak | Reddit | Belajar Bahasa | Streaming | YouTube | Tidur Siang Singkat | Mendengarkan Lagu | Sahabat Pena,Buruk,Negatif
09/04/2018,Apr-09,Senin,7:52 pm,khawatir,Dota 2 | Podcast | Buku Audio | Streaming | YouTube | Mendengarkan Lagu,Buruk,Negatif
04/10/2020,Oct-04,Minggu,9:00 pm,bertanya-tanya,Belajar | Seni | Buku Audio | Menonton Serial | Berita Terkini | Makan Enak | Reddit | Belajar Bahasa | Poetry | Streaming | YouTube | Memasak | Membersihkan Rumah | Penelitian | Hal Baru | Tidur Siang Singkat | Mendengarkan Lagu | Dokumenter | Sahabat Pena | Coding | Tutorial | Cinta,Biasa,Netral
21/12/2019,Dec-21,Sabtu,9:26 pm,bersemangat,Berpuasa | Jalan Kaki | Meditasi | Buku Audio | Menonton Serial | Berita Terkini | Makan Enak | Reddit | Streaming | YouTube | Diet Keto,Luar Biasa,Positif
17/01/2020,Jan-17,Jumat,9:55 pm,santai totalitas,Berdoa | Berpuasa | Jalan Kaki | Meditasi | Mandi | Podcast | Menonton Serial | Berita Terkini | Makan Enak | Reddit | Streaming | YouTube | Diet Keto | Catatan Berat Badan,Baik,Positif
07/02/2018,Feb-07,Rabu,10:08 am,tersulut emosi,Berdoa | Berpuasa | Dota 2 | YouTube | Tidur Siang Singkat,Sangat Buruk,Negatif
23/07/2020,Jul-23,Kamis,7:40 pm,sangat bahagia,Belajar | Seni | Berdoa | Berpuasa | Membaca Quran | Jalan Kaki | Meditasi | Mandi | Dota 2 | Buku Audio | Menulis | Menonton Serial | Berita Terkini | Makan Enak | Belajar Bahasa | Streaming | YouTube | Membersihkan Rumah | Penelitian | Dokumenter | Tutorial | Cinta,Luar Biasa,Positif
10/08/2020,Aug-10,Senin,9:15 pm,bertanya-tanya,Membaca | Seni | Berdoa | Berpuasa | Membaca Quran | Jalan Kaki | Meditasi | Mandi | Dota 2 | Buku Audio | Menulis | Menonton Serial | Berita Terkini | Makan Enak | Reddit | Belajar Bahasa | Bercukur | Merapikan Rambut | Streaming | YouTube | Membersihkan Rumah | Tidur Siang Singkat | Mendengarkan Lagu | Dokumenter | Cinta,Biasa,Netral
14/06/2020,Jun-14,Minggu,9:28 pm,sangat bahagia,Membaca | Jalan Kaki | Mandi | Dota 2 | Menulis | Menonton Serial | Berita Terkini | Makan Enak | Reddit | Streaming | YouTube | Menonton Film | Keluarga | Dokumenter | Teman | Sahabat Pena | Cinta,Luar Biasa,Positif
01/03/2021,Mar-01,Senin,8:02 pm,sangat buruk,Membaca | Belajar | Berpuasa | Meditasi | Buku Audio | Menulis | Menonton Serial | Berita Terkini | Makan Enak | Reddit | Belajar Bahasa | Streaming | YouTube | Memasak | Penelitian | Tidur Siang Singkat | Dokumenter | Coding | Tutorial,Sangat Buruk,Negatif
14/12/2019,Dec-14,Sabtu,9:00 pm,bersemangat,Berpuasa | Olahraga | Jalan Kaki | Meditasi | Buku Audio | Menonton Serial | Berita Terkini | Reddit | Streaming | YouTube | Diet Keto | Catatan Berat Badan,Luar Biasa,Positif
01/03/2021,Mar-01,Senin,8:02 pm,sangat buruk,Membaca | Belajar | Berpuasa | Meditasi | Buku Audio | Menulis | Menonton Serial | Berita Terkini | Makan Enak | Reddit | Belajar Bahasa | Streaming | YouTube | Memasak | Penelitian | Tidur Siang Singkat | Dokumenter | Coding | Tutorial,Sangat Buruk,Negatif
25/09/2018,Sep-25,Selasa,10:15 am,sakit,YouTube,Buruk,Negatif
06/07/2018,Jul-06,Jumat,2:15 pm,tersulut emosi,Berdoa | Berpuasa | Meditasi | Mandi | Streaming | YouTube,Sangat Buruk,Negatif
26/12/2019,Dec-26,Kamis,9:12 pm,santai totalitas,Menulis Jurnal | Berpuasa | Jalan Kaki | Meditasi | Podcast | Buku Audio | Menulis | Menonton Serial | Berita Terkini | Makan Enak | Reddit | Streaming | YouTube | Menonton Film | Penelitian | Tidur Siang Singkat | Diet Keto,Baik,Positif
14/06/2018,Jun-14,Kamis,11:07 am,takut,,Buruk,Negatif
04/08/2020,Aug-04,Selasa,7:53 pm,buruk,Berdoa | Berpuasa | Olahraga | Membaca Quran | Jalan Kaki | Meditasi | Mandi | Dota 2 | Podcast | Buku Audio | Menulis | Menonton Serial | Berita Terkini | Makan Enak | Reddit | Belajar Bahasa | Streaming | YouTube | Penelitian | Tidur Siang Singkat | Mendengarkan Lagu | Desain | Dokumenter,Buruk,Negatif
12/03/2018,Mar-12,Senin,2:17 pm,khawatir,,Buruk,Negatif
07/07/2020,Jul-07,Selasa,9:40 pm,lemah,Membaca | Berdoa | Berpuasa | Membaca Quran | Jalan Kaki | Meditasi | Dota 2 | Podcast | Buku Audio | Menulis | Menonton Serial | Berita Terkini | Makan Enak | Reddit | Belajar Bahasa | Streaming | YouTube | Keluarga | Mendengarkan Lagu | Cinta,Biasa,Netral
07/07/2018,Jul-07,Sabtu,2:03 pm,tersulut emosi,Dota 2,Sangat Buruk,Negatif
03/03/2018,Mar-03,Sabtu,2:00 pm,keren,Streaming | YouTube | Penelitian | Hal Baru | Surel | Program Doktor,Luar Biasa,Positif
01/07/2018,Jul-01,Minggu,7:31 pm,bingung,Membaca | Meditasi | Mandi | Dota 2 | Buku Audio | Menonton Serial | Streaming | YouTube | Menonton Film | Surel | Mendengarkan Lagu | Pekerjaan | Catatan Berat Badan,Biasa,Netral
26/08/2020,Aug-26,Rabu,8:11 pm,biasa saja,Seni | Meditasi | Mandi | Podcast | Buku Audio | Menulis | Berita Terkini | Makan Enak | Reddit | Belajar Bahasa | Poetry | Streaming | YouTube | Penelitian | Keluarga | Dokumenter | Coding | Rekaman,Biasa,Netral
08/02/2018,Feb-08,Kamis,12:00 pm,baik,Membaca | Traveling | Penelitian | Surel,Baik,Positif
19/04/2020,Apr-19,Minggu,9:00 pm,bingung,Berdoa | Jalan Kaki | Meditasi | Mandi | Dota 2 | Menonton Serial | Berita Terkini | Makan Enak | Reddit | Streaming | YouTube | Tidur Siang Singkat | Mendengarkan Lagu | Sahabat Pena,Biasa,Netral
26/11/2019,Nov-26,Selasa,9:00 pm,santai totalitas,Berpuasa | Jalan Kaki | Meditasi | Podcast | Buku Audio | Menonton Serial | Berita Terkini | Makan Enak | Reddit | Streaming | YouTube | Mendengarkan Lagu | Diet Keto,Baik,Positif
04/10/2020,Oct-04,Minggu,9:00 pm,bertanya-tanya,Belajar | Seni | Buku Audio | Menonton Serial | Berita Terkini | Makan Enak | Reddit | Belajar Bahasa | Poetry | Streaming | YouTube | Memasak | Membersihkan Rumah | Penelitian | Hal Baru | Tidur Siang Singkat | Mendengarkan Lagu | Dokumenter | Sahabat Pena | Coding | Tutorial | Cinta,Biasa,Netral
26/06/2018,Jun-26,Selasa,2:08 pm,bersemangat,Membaca | Menulis Jurnal | Berdoa | Mandi | Buku Audio | Menonton Serial | Hal Baru | Surel | Catatan Berat Badan,Luar Biasa,Positif
06/04/2020,Apr-06,Senin,9:02 pm,lapar,Seni | Berdoa | Jalan Kaki | Meditasi | Mandi | Dota 2 | Podcast | Buku Audio | Menulis | Menonton Serial | Berita Terkini | Makan Enak | Reddit | Streaming | YouTube | Tidur Siang Singkat | Mendengarkan Lagu | Desain | Sahabat Pena,Baik,Positif
19/08/2020,Aug-19,Rabu,9:00 pm,takut,Membaca | Seni | Berdoa | Berpuasa | Membaca Quran | Jalan Kaki | Meditasi | Mandi | Dota 2 | Buku Audio | Menulis | Menonton Serial | Berita Terkini | Makan Enak | Reddit | Belajar Bahasa | Streaming | YouTube | Hal Baru | Keluarga | Surel | Dokumenter | Pekerjaan | Rekaman,Buruk,Negatif
09/03/2020,Mar-09,Senin,9:05 pm,bersemangat,Menulis Jurnal | Berdoa | Berpuasa | Jalan Kaki | Meditasi | Mandi | Menonton Serial | Berita Terkini | Makan Enak | Reddit | Streaming | YouTube | Tidur Siang Singkat | Mendengarkan Lagu | Sahabat Pena,Luar Biasa,Positif
07/05/2018,May-07,Senin,2:53 pm,diberkati,Dota 2 | Buku Audio | YouTube | Surel,Baik,Positif
29/02/2020,Feb-29,Sabtu,9:04 pm,bersemangat,Berdoa | Jalan Kaki | Meditasi | Menonton Serial | Berita Terkini | Makan Enak | Reddit | Streaming | YouTube | Tidur Siang Singkat | Mendengarkan Lagu | Sahabat Pena,Luar Biasa,Positif
18/11/2019,Nov-18,Senin,10:54 pm,biasa saja,Berdoa | Berpuasa | Jalan Kaki | Meditasi | Mandi | Buku Audio | Menulis | Berita Terkini | Makan Enak | Reddit | Streaming | YouTube | Tidur Siang Singkat | Mendengarkan Lagu | Diet Keto | Catatan Berat Badan,Biasa,Netral
08/11/2019,Nov-08,Jumat,6:12 pm,bertanya-tanya,Berdoa | Berpuasa | Jalan Kaki | Meditasi | Podcast | Buku Audio | Menonton Serial | Berita Terkini | Reddit | Streaming | YouTube | Kabbalah | Diet Keto | Catatan Berat Badan,Biasa,Netral
25/09/2020,Sep-25,Jumat,12:02 pm,khawatir,Belajar | Seni | Berdoa | Berpuasa | Olahraga | Membaca Quran | Jalan Kaki | Mandi | Buku Audio | Menonton Serial | Berita Terkini | Makan Enak | Reddit | Belajar Bahasa | Bercukur | Streaming | YouTube | Memasak | Penelitian | Hal Baru | Tidur Siang Singkat | Surel | Mendengarkan Lagu | Desain | Sahabat Pena | Coding | Tutorial | Rekaman,Buruk,Negatif
01/12/2018,Dec-01,Sabtu,7:10 pm,marah,Buku Audio | Berita Terkini | Traveling | Keluarga,Sangat Buruk,Negatif
01/05/2019,May-01,Rabu,8:00 pm,bingung,Jalan Kaki | Podcast | Buku Audio | Berita Terkini | Makan Enak | Reddit | Streaming | YouTube | Surel | Desain | Catatan Berat Badan,Biasa,Netral
14/04/2021,Apr-14,Rabu,2:39 am,bingung,Membaca | Belajar | Berdoa | Berpuasa | Membaca Quran | Jalan Kaki | Meditasi | Mandi | Podcast | Buku Audio | Menulis | Menonton Serial | Makan Enak | Reddit | Belajar Bahasa | Streaming | YouTube | Memasak | Penelitian | Hal Baru | Desain | Perbaikan | Dokumenter | Sahabat Pena | Coding | Tutorial,Biasa,Netral
29/08/2020,Aug-29,Sabtu,9:01 pm,takut,Belajar | Seni | Berdoa | Berpuasa | Membaca Quran | Jalan Kaki | Meditasi | Mandi | Podcast | Buku Audio | Menonton Serial | Berita Terkini | Makan Enak | Reddit | Belajar Bahasa | Streaming | YouTube | Traveling | Dokumenter | Coding | Rekaman,Buruk,Negatif
05/12/2018,Dec-05,Rabu,12:42 pm,santai totalitas,Meditasi | Podcast | Berita Terkini | Makan Enak | YouTube | Hal Baru | Surel | Desain | Sahabat Pena | Pekerjaan,Baik,Positif
08/07/2018,Jul-08,Minggu,2:28 pm,khawatir,Dota 2,Buruk,Negatif
15/08/2020,Aug-15,Sabtu,5:50 pm,marah,Belajar | Jalan Kaki | Mandi | Buku Audio | Menulis | Menonton Serial | Berita Terkini | Reddit | Belajar Bahasa | YouTube | Tidur Siang Singkat | Dokumenter | Coding | Tutorial,Sangat Buruk,Negatif
18/12/2020,Dec-18,Jumat,10:59 pm,marah,Membaca | Belajar | Berdoa | Berpuasa | Mandi | Buku Audio | Menulis | Menonton Serial | Berita Terkini | Makan Enak | Reddit | Belajar Bahasa | Streaming | YouTube | Memasak | Traveling | Penelitian | Hal Baru | Tidur Siang Singkat | Dokumenter | Sahabat Pena | Coding | Tutorial,Sangat Buruk,Negatif
08/03/2021,Mar-08,Senin,1:04 pm,biasa saja,Belajar | Berdoa | Berpuasa | Jalan Kaki | Meditasi | Mandi | Buku Audio | Menulis | Menonton Serial | Makan Enak | Reddit | Belajar Bahasa | Streaming | YouTube | Memasak | Membersihkan Rumah | Penelitian | Tidur Siang Singkat | Dokumenter | Sahabat Pena | Coding | Tutorial,Biasa,Netral
12/03/2020,Mar-12,Kamis,9:16 pm,sangat bahagia,Berpuasa | Jalan Kaki | Meditasi | Dota 2 | Buku Audio | Menonton Serial | Berita Terkini | Makan Enak | Reddit | Streaming | YouTube | Mendengarkan Lagu | Sahabat Pena,Luar Biasa,Positif
18/03/2018,Mar-18,Minggu,10:00 am,diberkati,Meditasi | Mandi | Dota 2 | Streaming | Penelitian | Hal Baru,Baik,Positif
13/02/2018,Feb-13,Selasa,2:00 pm,marah,Makan Enak | YouTube | Surel,Sangat Buruk,Negatif
24/07/2020,Jul-24,Jumat,9:10 pm,bertanya-tanya,Belajar | Seni | Menulis Jurnal | Berdoa | Berpuasa | Membaca Quran | Jalan Kaki | Meditasi | Mandi | Dota 2 | Podcast | Buku Audio | Menulis | Menonton Serial | Berita Terkini | Makan Enak | Reddit | Belajar Bahasa | Streaming | YouTube | Membersihkan Rumah | Penelitian | Tidur Siang Singkat | Desain,Biasa,Netral
24/04/2018,Apr-24,Selasa,2:00 pm,bingung,,Biasa,Netral
28/05/2018,May-28,Senin,2:55 pm,keren,YouTube | Surel | Pekerjaan,Luar Biasa,Positif
17/09/2019,Sep-17,Selasa,1:36 pm,bingung,Seni | Berpuasa | Meditasi | Berita Terkini | Reddit | Desain,Biasa,Netral
22/04/2018,Apr-22,Minggu,2:00 pm,biasa saja,Makan Enak | Streaming | YouTube | Penelitian | Surel | Pekerjaan,Biasa,Netral
20/04/2018,Apr-20,Jumat,7:34 pm,tersulut emosi,Dota 2,Sangat Buruk,Negatif
11/03/2021,Mar-11,Kamis,9:06 pm,bersemangat,Membaca | Belajar | Seni | Berdoa | Berpuasa | Membaca Quran | Jalan Kaki | Meditasi | Mandi | Buku Audio | Menulis | Menonton Serial | Makan Enak | Reddit | Belajar Bahasa | Streaming | YouTube | Memasak | Penelitian | Hal Baru | Surel | Dokumenter | Sahabat Pena | Coding | Tutorial,Luar Biasa,Positif
30/03/2018,Mar-30,Jumat,7:01 pm,bersemangat,Berdoa | Mandi | Buku Audio | Streaming | YouTube | Hal Baru | Catatan Berat Badan,Luar Biasa,Positif
12/02/2021,Feb-12,Jumat,9:10 pm,khawatir,Membaca | Belajar | Berdoa | Berpuasa | Jalan Kaki | Meditasi | Mandi | Buku Audio | Menonton Serial | Reddit | Belajar Bahasa | Streaming | YouTube | Memasak | Membersihkan Rumah | Penelitian | Tidur Siang Singkat | Surel | Dokumenter | Sahabat Pena | Coding | Tutorial,Buruk,Negatif
20/08/2020,Aug-20,Kamis,8:53 pm,khawatir,Membaca | Seni | Berdoa | Berpuasa | Membaca Quran | Jalan Kaki | Meditasi | Buku Audio | Menulis | Menonton Serial | Berita Terkini | Makan Enak | Reddit | Belajar Bahasa | Streaming | YouTube | Mendengarkan Lagu | Dokumenter | Rekaman,Buruk,Negatif
25/06/2020,Jun-25,Kamis,9:12 pm,sangat bahagia,Membaca | Belajar | Seni | Berdoa | Berpuasa | Membaca Quran | Jalan Kaki | Meditasi | Mandi | Berita Terkini | Makan Enak | Reddit | Belajar Bahasa | Streaming | YouTube | Tidur Siang Singkat | Surel | Mendengarkan Lagu | Cinta | Rekaman,Luar Biasa,Positif
20/08/2020,Aug-20,Kamis,8:53 pm,khawatir,Membaca | Seni | Berdoa | Berpuasa | Membaca Quran | Jalan Kaki | Meditasi | Buku Audio | Menulis | Menonton Serial | Berita Terkini | Makan Enak | Reddit | Belajar Bahasa | Streaming | YouTube | Mendengarkan Lagu | Dokumenter | Rekaman,Buruk,Negatif
27/04/2018,Apr-27,Jumat,7:46 pm,bertanya-tanya,Dota 2,Biasa,Netral
26/11/2018,Nov-26,Senin,12:11 pm,sangat bahagia,Meditasi | Mandi | Buku Audio | Menonton Serial | Berita Terkini | Makan Enak | YouTube | Bermain Game | Desain | Sahabat Pena,Luar Biasa,Positif
25/10/2020,Oct-25,Minggu,7:05 pm,diberkati,Belajar | Berpuasa | Jalan Kaki | Menonton Serial | Berita Terkini | Makan Enak | Reddit | Belajar Bahasa | Streaming | YouTube | Memasak | Penelitian | Hal Baru | Tidur Siang Singkat | Coding | Tutorial,Baik,Positif
11/02/2021,Feb-11,Kamis,9:00 pm,keren,Membaca | Belajar | Berpuasa | Jalan Kaki | Buku Audio | Menonton Serial | Makan Enak | Belajar Bahasa | Streaming | YouTube | Memasak | Membersihkan Rumah | Penelitian | Hal Baru | Tidur Siang Singkat | Dokumenter | Sahabat Pena | Coding | Tutorial | Cinta,Luar Biasa,Positif
20/04/2018,Apr-20,Jumat,7:34 pm,tersulut emosi,Dota 2,Sangat Buruk,Negatif
12/04/2021,Apr-12,Senin,9:52 pm,marah,Membaca | Belajar | Berpuasa | Jalan Kaki | Meditasi | Mandi | Menulis | Menonton Serial | Makan Enak | Reddit | Belajar Bahasa | Streaming | YouTube | Memasak | Membersihkan Rumah | Penelitian | Hal Baru | Tidur Siang Singkat | Dokumenter | Sahabat Pena | Coding | Tutorial,Sangat Buruk,Negatif
04/01/2021,Jan-04,Senin,5:57 pm,sangat bahagia,Membaca | Belajar | Berdoa | Berpuasa | Meditasi | Mandi | Buku Audio | Menulis | Menonton Serial | Berita Terkini | Reddit | Belajar Bahasa | Streaming | YouTube | Memasak | Membersihkan Rumah | Penelitian | Hal Baru | Sahabat Pena | Coding | Tutorial | Cinta,Luar Biasa,Positif
27/04/2019,Apr-27,Sabtu,1:44 pm,bertanya-tanya,Berpuasa | Podcast | Berita Terkini | Reddit | Streaming | YouTube | Sahabat Pena | Catatan Berat Badan,Biasa,Netral
21/08/2020,Aug-21,Jumat,9:49 pm,lapar,Membaca | Seni | Berdoa | Berpuasa | Membaca Quran | Jalan Kaki | Meditasi | Mandi | Dota 2 | Buku Audio | Berita Terkini | Makan Enak | Reddit | Belajar Bahasa | Poetry | Streaming | YouTube | Mendengarkan Lagu | Dokumenter | Belanja | Coding | Tutorial | Rekaman,Baik,Positif
07/06/2020,Jun-07,Minggu,9:07 pm,khawatir,Membaca | Seni | Menulis Jurnal | Jalan Kaki | Mandi | Podcast | Menulis | Berita Terkini | Makan Enak | Reddit | Belajar Bahasa | Streaming | YouTube | Tidur Siang Singkat | Mendengarkan Lagu | Sahabat Pena,Buruk,Negatif
04/07/2018,Jul-04,Rabu,11:14 am,lemah,,Biasa,Netral
04/07/2020,Jul-04,Sabtu,10:47 am,marah,Membaca | Seni | Berdoa | Membaca Quran | Jalan Kaki | Mandi | Dota 2 | Buku Audio | Menulis | Berita Terkini | Makan Enak | Reddit | Streaming | YouTube | Program Doktor | Cinta,Sangat Buruk,Negatif
07/03/2018,Mar-07,Rabu,11:39 am,khawatir,Dota 2,Buruk,Negatif
08/05/2018,May-08,Selasa,2:02 pm,diberkati,Berdoa | Mandi | YouTube | Surel | Mendengarkan Lagu,Baik,Positif
13/09/2018,Sep-13,Kamis,10:04 am,sakit,Buku Audio | Berita Terkini | Tidur Siang Singkat,Buruk,Negatif
09/02/2018,Feb-09,Jumat,7:45 pm,diberkati,Jalan Kaki | Buku Audio | Surel | Mendengarkan Lagu,Baik,Positif
02/08/2020,Aug-02,Minggu,9:02 pm,biasa saja,Membaca | Berdoa | Berpuasa | Membaca Quran | Jalan Kaki | Meditasi | Mandi | Dota 2 | Podcast | Buku Audio | Menulis | Menonton Serial | Berita Terkini | Makan Enak | Reddit | Belajar Bahasa | Streaming | YouTube | Membersihkan Rumah | Penelitian | Keluarga | Tidur Siang Singkat | Dokumenter,Biasa,Netral
28/05/2018,May-28,Senin,2:55 pm,keren,YouTube | Surel | Pekerjaan,Luar Biasa,Positif
28/06/2020,Jun-28,Minggu,9:02 pm,bingung,Menulis Jurnal | Berdoa | Membaca Quran | Jalan Kaki | Meditasi | Mandi | Dota 2 | Buku Audio | Menulis | Menonton Serial | Berita Terkini | Makan Enak | Reddit | Belajar Bahasa | Streaming | YouTube | Mendengarkan Lagu | Cinta,Biasa,Netral
15/02/2018,Feb-15,Kamis,4:58 pm,biasa saja,YouTube | Tidur Siang Singkat,Biasa,Netral
23/04/2020,Apr-23,Kamis,9:01 pm,bersemangat,Berdoa | Berpuasa | Jalan Kaki | Meditasi | Mandi | Dota 2 | Menulis | Menonton Serial | Berita Terkini | Makan Enak | Reddit | Streaming | YouTube | Mendengarkan Lagu | Desain | Sahabat Pena,Luar Biasa,Positif
29/06/2018,Jun-29,Jumat,4:59 pm,diberkati,Membaca | Menulis Jurnal | Berdoa | Meditasi | Mandi | Buku Audio | Menonton Serial | Streaming | YouTube | Menonton Film | Hal Baru | Surel | Catatan Berat Badan,Baik,Positif
20/01/2020,Jan-20,Senin,10:04 pm,bersemangat,Berpuasa | Jalan Kaki | Meditasi | Podcast | Buku Audio | Menonton Serial | Berita Terkini | Makan Enak | Reddit | Streaming | YouTube,Luar Biasa,Positif
29/01/2021,Jan-29,Jumat,9:45 pm,bertanya-tanya,Membaca | Belajar | Berpuasa | Meditasi | Mandi | Menulis | Menonton Serial | Reddit | Belajar Bahasa | Streaming | YouTube | Menonton Film | Memasak | Membersihkan Rumah | Penelitian | Hal Baru | Tidur Siang Singkat | Dokumenter | Sahabat Pena | Pesta | Coding | Tutorial,Biasa,Netral
03/05/2020,May-03,Minggu,9:01 pm,bingung,Berdoa | Berpuasa | Membaca Quran | Jalan Kaki | Meditasi | Buku Audio | Menonton Serial | Berita Terkini | Makan Enak | Reddit | Streaming | YouTube | Tidur Siang Singkat | Mendengarkan Lagu,Biasa,Netral
14/02/2018,Feb-14,Rabu,10:22 am,tersulut emosi,Berdoa | YouTube | Catatan Berat Badan,Sangat Buruk,Negatif
02/05/2018,May-02,Rabu,2:02 pm,tersulut emosi,Streaming | YouTube | Surel,Sangat Buruk,Negatif
09/09/2018,Sep-09,Minggu,11:29 pm,sangat bahagia,Jalan Kaki | Mandi | Dota 2 | Podcast | Menonton Serial | Berita Terkini | Makan Enak | YouTube | Traveling | Hal Baru | Keluarga | Teman | Sahabat Pena,Luar Biasa,Positif
25/01/2021,Jan-25,Senin,2:03 am,bersemangat,Membaca | Belajar | Berpuasa | Jalan Kaki | Mandi | Buku Audio | Menulis | Menonton Serial | Berita Terkini | Makan Enak | Reddit | Belajar Bahasa | Bercukur | Streaming | YouTube | Memasak | Membersihkan Rumah | Penelitian | Hal Baru | Tidur Siang Singkat | Dokumenter | Sahabat Pena | Coding | Tutorial | Cinta,Luar Biasa,Positif
06/02/2018,Feb-06,Selasa,8:39 pm,sakit,Dota 2 | Streaming | Keluarga,Buruk,Negatif
14/02/2018,Feb-14,Rabu,7:01 pm,tersulut emosi,Jalan Kaki | YouTube | Mendengarkan Lagu,Sangat Buruk,Negatif
24/02/2021,Feb-24,Rabu,1:38 am,fokus,Membaca | Belajar | Berdoa | Berpuasa | Olahraga | Meditasi | Mandi | Buku Audio | Menulis | Menonton Serial | Makan Enak | Reddit | Belajar Bahasa | Streaming | YouTube | Memasak | Membersihkan Rumah | Penelitian | Hal Baru | Tidur Siang Singkat | Mendengarkan Lagu | Perbaikan | Dokumenter | Sahabat Pena | Coding | Tutorial | Cinta | Rekaman,Baik,Positif
08/08/2020,Aug-08,Sabtu,9:38 pm,santai,Berpuasa | Membaca Quran | Meditasi | Mandi | Dota 2 | Podcast | Menulis | Menonton Serial | Berita Terkini | Makan Enak | Reddit | Belajar Bahasa | Streaming | YouTube | Dokumenter | Cinta,Baik,Positif
03/05/2020,May-03,Minggu,9:01 pm,bingung,Berdoa | Berpuasa | Membaca Quran | Jalan Kaki | Meditasi | Buku Audio | Menonton Serial | Berita Terkini | Makan Enak | Reddit | Streaming | YouTube | Tidur Siang Singkat | Mendengarkan Lagu,Biasa,Netral
31/03/2018,Mar-31,Sabtu,10:00 am,bingung,,Biasa,Netral
09/02/2018,Feb-09,Jumat,11:12 am,biasa saja,Dota 2 | Streaming | YouTube,Biasa,Netral
14/02/2018,Feb-14,Rabu,1:40 pm,marah,Dota 2 | YouTube | Bermain Game,Sangat Buruk,Negatif
02/05/2020,May-02,Sabtu,9:25 pm,bersemangat,Membaca | Belajar | Berdoa | Berpuasa | Membaca Quran | Jalan Kaki | Meditasi | Mandi | Menonton Serial | Berita Terkini | Makan Enak | Reddit | Streaming | YouTube | Tidur Siang Singkat | Mendengarkan Lagu,Luar Biasa,Positif
14/04/2020,Apr-14,Selasa,9:13 pm,bersemangat,Seni | Berdoa | Jalan Kaki | Meditasi | Buku Audio | Menonton Serial | Berita Terkini | Makan Enak | Reddit | Streaming | YouTube | Hal Baru | Tidur Siang Singkat | Mendengarkan Lagu | Sahabat Pena,Luar Biasa,Positif
13/08/2020,Aug-13,Kamis,10:25 pm,khawatir,Menulis Jurnal | Berdoa | Berpuasa | Jalan Kaki | Meditasi | Mandi | Podcast | Buku Audio | Menulis | Menonton Serial | Berita Terkini | Makan Enak | Reddit | Belajar Bahasa | Streaming | YouTube | Cinta,Buruk,Negatif
17/12/2020,Dec-17,Kamis,3:31 pm,tersulut emosi,Membaca | Belajar | Seni | Berpuasa | Mandi | Podcast | Buku Audio | Menulis | Menonton Serial | Makan Enak | Reddit | Belajar Bahasa | Streaming | YouTube | Memasak | Traveling | Penelitian | Hal Baru | Tidur Siang Singkat | Desain | Dokumenter | Sahabat Pena | Coding | Tutorial,Sangat Buruk,Negatif
21/02/2018,Feb-21,Rabu,2:29 pm,bertanya-tanya,YouTube | Tidur Siang Singkat,Biasa,Netral
12/12/2020,Dec-12,Sabtu,9:16 pm,khawatir,Belajar | Seni | Jalan Kaki | Mandi | Dota 2 | Buku Audio | Menulis | Menonton Serial | Berita Terkini | Makan Enak | Reddit | Belajar Bahasa | Streaming | YouTube | Memasak | Penelitian | Hal Baru | Tidur Siang Singkat | Mendengarkan Lagu | Sahabat Pena | Coding | Tutorial,Buruk,Negatif
04/01/2019,Jan-04,Jumat,10:53 am,sakit,Dota 2 | Podcast | Berita Terkini | Makan Enak | YouTube | Bermain Game | Keluarga,Buruk,Negatif
01/09/2020,Sep-01,Selasa,9:34 pm,tersulut emosi,Jalan Kaki | Podcast | Buku Audio | Makan Enak | Belajar Bahasa | Streaming | Memasak,Sangat Buruk,Negatif
19/04/2020,Apr-19,Minggu,9:00 pm,bingung,Berdoa | Jalan Kaki | Meditasi | Mandi | Dota 2 | Menonton Serial | Berita Terkini | Makan Enak | Reddit | Streaming | YouTube | Tidur Siang Singkat | Mendengarkan Lagu | Sahabat Pena,Biasa,Netral
12/12/2020,Dec-12,Sabtu,9:16 pm,khawatir,Belajar | Seni | Jalan Kaki | Mandi | Dota 2 | Buku Audio | Menulis | Menonton Serial | Berita Terkini | Makan Enak | Reddit | Belajar Bahasa | Streaming | YouTube | Memasak | Penelitian | Hal Baru | Tidur Siang Singkat | Mendengarkan Lagu | Sahabat Pena | Coding | Tutorial,Buruk,Negatif
04/08/2020,Aug-04,Selasa,7:53 pm,buruk,Berdoa | Berpuasa | Olahraga | Membaca Quran | Jalan Kaki | Meditasi | Mandi | Dota 2 | Podcast | Buku Audio | Menulis | Menonton Serial | Berita Terkini | Makan Enak | Reddit | Belajar Bahasa | Streaming | YouTube | Penelitian | Tidur Siang Singkat | Mendengarkan Lagu | Desain | Dokumenter,Buruk,Negatif
05/05/2018,May-05,Sabtu,2:48 pm,bingung,Dota 2 | Menonton Serial | Streaming | YouTube,Biasa,Netral
14/06/2018,Jun-14,Kamis,11:07 am,takut,,Buruk,Negatif
20/09/2019,Sep-20,Jumat,2:00 pm,bingung,Berdoa | Berpuasa | Mandi | Buku Audio | Berita Terkini | Reddit | Catatan Berat Badan,Biasa,Netral
26/03/2018,Mar-26,Senin,8:44 am,khawatir,Streaming,Buruk,Negatif
08/01/2019,Jan-08,Selasa,2:21 pm,diberkati,Jalan Kaki | Dota 2 | Podcast | Berita Terkini | Makan Enak | Reddit | Streaming | YouTube | Menonton Film | Bermain Game | Sahabat Pena,Baik,Positif
04/02/2018,Feb-04,Minggu,11:23 am,biasa saja,Meditasi | YouTube | Penelitian,Biasa,Netral
15/08/2020,Aug-15,Sabtu,9:00 pm,buruk,Seni | Jalan Kaki | Podcast | Buku Audio | Menonton Serial | Reddit | Belajar Bahasa | Streaming | YouTube,Buruk,Negatif
25/11/2018,Nov-25,Minggu,6:21 pm,bingung,Meditasi | Dota 2 | Podcast | Buku Audio | Menonton Serial | Berita Terkini | Makan Enak | YouTube | Bermain Game | Surel | Sahabat Pena | Catatan Berat Badan,Biasa,Netral
30/12/2019,Dec-30,Senin,9:00 pm,sangat bahagia,Berpuasa | Jalan Kaki | Meditasi | Podcast | Buku Audio | Menonton Serial | Berita Terkini | Makan Enak | Reddit | Streaming | YouTube | Diet Keto,Luar Biasa,Positif
03/05/2018,May-03,Kamis,2:37 pm,bingung,Menonton Serial | Makan Enak | YouTube | Surel,Biasa,Netral
10/10/2020,Oct-10,Sabtu,10:18 pm,khawatir,Belajar | Berpuasa | Jalan Kaki | Mandi | Buku Audio | Menonton Serial | Berita Terkini | Makan Enak | Reddit | Belajar Bahasa | Streaming | YouTube | Memasak | Traveling | Penelitian | Tidur Siang Singkat | Surel | Dokumenter | Sahabat Pena | Coding | Tutorial,Buruk,Negatif
04/01/2020,Jan-04,Sabtu,9:09 pm,sangat bahagia,Membaca | Berpuasa | Jalan Kaki | Meditasi | Dota 2 | Podcast | Buku Audio | Menonton Serial | Berita Terkini | Reddit | Streaming | YouTube | Diet Keto,Luar Biasa,Positif
11/06/2020,Jun-11,Kamis,10:57 pm,lemah,Jalan Kaki | Meditasi | Mandi | Buku Audio | Menulis | Berita Terkini | Makan Enak | Reddit | Belajar Bahasa | Streaming | YouTube | Tidur Siang Singkat | Mendengarkan Lagu,Biasa,Netral
23/11/2019,Nov-23,Sabtu,9:00 pm,santai totalitas,Berpuasa | Jalan Kaki | Meditasi | Buku Audio | Menonton Serial | Makan Enak | Reddit | Streaming | YouTube | Diet Keto | Catatan Berat Badan,Baik,Positif
29/04/2018,Apr-29,Minggu,11:42 am,khawatir,,Buruk,Negatif
09/11/2018,Nov-09,Jumat,1:14 pm,bertanya-tanya,Membaca | Meditasi | Mandi | Berita Terkini | Penelitian,Biasa,Netral
13/07/2020,Jul-13,Senin,11:47 pm,bingung,Seni | Berdoa | Membaca Quran | Jalan Kaki | Mandi | Dota 2 | Buku Audio | Menulis | Menonton Serial | Berita Terkini | Makan Enak | Reddit | Belajar Bahasa | Streaming | YouTube | Cinta,Biasa,Netral
26/06/2018,Jun-26,Selasa,2:08 pm,bersemangat,Membaca | Menulis Jurnal | Berdoa | Mandi | Buku Audio | Menonton Serial | Hal Baru | Surel | Catatan Berat Badan,Luar Biasa,Positif
23/06/2020,Jun-23,Selasa,9:00 pm,bertanya-tanya,Membaca | Belajar | Seni | Menulis Jurnal | Berdoa | Membaca Quran | Jalan Kaki | Meditasi | Mandi | Podcast | Buku Audio | Menulis | Menonton Serial | Berita Terkini | Makan Enak | Reddit | Streaming | YouTube | Penelitian | Surel | Mendengarkan Lagu | Dokumenter | Sahabat Pena | Tutorial | Cinta | Rekaman,Biasa,Netral
04/05/2019,May-04,Sabtu,10:15 am,tersulut emosi,Dota 2 | Podcast | Buku Audio | Berita Terkini | Makan Enak | Reddit | Streaming | YouTube | Surel | Mendengarkan Lagu | Desain | Catatan Berat Badan,Sangat Buruk,Negatif
19/11/2018,Nov-19,Senin,1:34 pm,diberkati,Berpuasa | Meditasi | Mandi | Buku Audio | Menonton Serial | Berita Terkini | YouTube | Bermain Game | Desain | Sahabat Pena | Pekerjaan | Catatan Berat Badan,Baik,Positif
05/05/2019,May-05,Minggu,12:12 pm,bertanya-tanya,Berita Terkini | Bermain Game | Mendengarkan Lagu,Biasa,Netral
19/08/2020,Aug-19,Rabu,1:53 pm,khawatir,Berpuasa | Berita Terkini | Makan Enak | Reddit | Belajar Bahasa | Streaming | YouTube | Keluarga | Dokumenter | Cinta,Buruk,Negatif
06/07/2018,Jul-06,Jumat,2:15 pm,tersulut emosi,Berdoa | Berpuasa | Meditasi | Mandi | Streaming | YouTube,Sangat Buruk,Negatif
07/11/2020,Nov-07,Sabtu,9:38 pm,bersemangat,Belajar | Berpuasa | Jalan Kaki | Buku Audio | Menulis | Menonton Serial | Berita Terkini | Makan Enak | Reddit | Belajar Bahasa | Streaming | YouTube | Memasak | Membersihkan Rumah | Penelitian | Hal Baru | Tidur Siang Singkat | Mendengarkan Lagu | Desain | Perbaikan | Dokumenter | Sahabat Pena | Coding | Tutorial | Cinta,Luar Biasa,Positif
25/07/2020,Jul-25,Sabtu,2:48 pm,lemah,Belajar | Seni | Berdoa | Berpuasa | Membaca Quran | Jalan Kaki | Meditasi | Mandi | Dota 2 | Podcast | Buku Audio | Menulis | Berita Terkini | Makan Enak | Reddit | Belajar Bahasa | Streaming | YouTube | Membersihkan Rumah | Penelitian | Tidur Siang Singkat | Mendengarkan Lagu | Desain | Tutorial,Biasa,Netral
17/12/2020,Dec-17,Kamis,3:31 pm,tersulut emosi,Membaca | Belajar | Seni | Berpuasa | Mandi | Podcast | Buku Audio | Menulis | Menonton Serial | Makan Enak | Reddit | Belajar Bahasa | Streaming | YouTube | Memasak | Traveling | Penelitian | Hal Baru | Tidur Siang Singkat | Desain | Dokumenter | Sahabat Pena | Coding | Tutorial,Sangat Buruk,Negatif
17/03/2018,Mar-17,Sabtu,2:17 pm,bingung,Streaming | YouTube,Biasa,Netral
09/02/2018,Feb-09,Jumat,6:36 pm,biasa saja,Berdoa | Streaming | YouTube | Traveling | Penelitian | Hal Baru,Biasa,Netral
13/04/2021,Apr-13,Selasa,2:38 am,bertanya-tanya,Membaca | Belajar | Seni | Berdoa | Berpuasa | Jalan Kaki | Meditasi | Buku Audio | Menulis | Menonton Serial | Berita Terkini | Makan Enak | Reddit | Belajar Bahasa | Bercukur | Streaming | YouTube | Memasak | Penelitian | Hal Baru | Tidur Siang Singkat | Dokumenter | Sahabat Pena | Coding | Tutorial,Biasa,Netral
02/10/2020,Oct-02,Jumat,9:30 pm,lemah,Belajar | Seni | Berdoa | Berpuasa | Membaca Quran | Jalan Kaki | Mandi | Buku Audio | Menulis | Menonton Serial | Berita Terkini | Makan Enak | Reddit | Belajar Bahasa | Streaming | YouTube | Memasak | Membersihkan Rumah | Penelitian | Hal Baru | Tidur Siang Singkat | Perbaikan | Sahabat Pena | Coding | Tutorial,Biasa,Netral
01/06/2020,Jun-01,Senin,9:09 pm,santai totalitas,Belajar | Menulis Jurnal | Berdoa | Membaca Quran | Jalan Kaki | Meditasi | Mandi | Menulis | Menonton Serial | Berita Terkini | Makan Enak | Reddit | Belajar Bahasa | Streaming | YouTube | Tidur Siang Singkat | Mendengarkan Lagu,Baik,Positif
27/08/2020,Aug-27,Kamis,9:56 pm,biasa saja,Seni | Berdoa | Olahraga | Membaca Quran | Jalan Kaki | Meditasi | Mandi | Buku Audio | Menulis | Menonton Serial | Berita Terkini | Makan Enak | Reddit | Belajar Bahasa | Bercukur | Poetry | Streaming | YouTube | Memasak | Membersihkan Rumah | Hal Baru | Tidur Siang Singkat | Mendengarkan Lagu | Dokumenter | Sahabat Pena | Coding | Rekaman,Biasa,Netral
14/12/2019,Dec-14,Sabtu,9:00 pm,bersemangat,Berpuasa | Olahraga | Jalan Kaki | Meditasi | Buku Audio | Menonton Serial | Berita Terkini | Reddit | Streaming | YouTube | Diet Keto | Catatan Berat Badan,Luar Biasa,Positif
05/03/2021,Mar-05,Jumat,9:35 pm,bertanya-tanya,Berdoa | Jalan Kaki | Meditasi | Mandi | Buku Audio | Makan Enak | Reddit | Streaming | YouTube | Memasak | Tidur Siang Singkat | Surel | Dokumenter | Coding,Biasa,Netral
21/02/2018,Feb-21,Rabu,2:29 pm,bertanya-tanya,YouTube | Tidur Siang Singkat,Biasa,Netral
09/01/2020,Jan-09,Kamis,9:11 pm,diberkati,Berpuasa | Jalan Kaki | Meditasi | Podcast | Buku Audio | Menonton Serial | Berita Terkini | Makan Enak | Reddit | Streaming | YouTube | Tidur Siang Singkat | Diet Keto,Baik,Positif
06/03/2021,Mar-06,Sabtu,1:02 pm,fokus,Membaca | Belajar | Seni | Berdoa | Berpuasa | Jalan Kaki | Meditasi | Mandi | Buku Audio | Menulis | Menonton Serial | Makan Enak | Reddit | Belajar Bahasa | Streaming | YouTube | Memasak | Membersihkan Rumah | Penelitian | Hal Baru | Tidur Siang Singkat | Dokumenter | Coding | Tutorial | Cinta,Baik,Positif
17/09/2019,Sep-17,Selasa,1:36 pm,bingung,Seni | Berpuasa | Meditasi | Berita Terkini | Reddit | Desain,Biasa,Netral
18/08/2020,Aug-18,Selasa,8:59 pm,sangat sedih,Berdoa | Berpuasa | Membaca Quran | Jalan Kaki | Meditasi | Mandi | Buku Audio | Menonton Serial | Berita Terkini | Makan Enak | Reddit | Belajar Bahasa | Streaming | YouTube | Traveling | Teman | Pekerjaan | Cinta,Sangat Buruk,Negatif
17/08/2020,Aug-17,Senin,7:40 pm,bingung,Berdoa | Berpuasa | Membaca Quran | Jalan Kaki | Meditasi | Mandi | Buku Audio | Menonton Serial | Berita Terkini | Makan Enak | Reddit | Belajar Bahasa | Streaming | YouTube | Tidur Siang Singkat | Dokumenter | Cinta,Biasa,Netral
06/08/2020,Aug-06,Kamis,9:02 pm,buruk,Seni | Berdoa | Berpuasa | Membaca Quran | Jalan Kaki | Meditasi | Mandi | Dota 2 | Podcast | Buku Audio | Menulis | Berita Terkini | Makan Enak | Reddit | Belajar Bahasa | Bercukur | Streaming | YouTube | Penelitian | Keluarga | Tidur Siang Singkat | Mendengarkan Lagu | Desain | Cinta,Buruk,Negatif
12/03/2018,Mar-12,Senin,2:17 pm,khawatir,,Buruk,Negatif
01/05/2018,May-01,Selasa,2:51 pm,khawatir,Membaca | Menulis Jurnal | YouTube | Penelitian,Buruk,Negatif
19/06/2020,Jun-19,Jumat,9:00 pm,hari paling bahagia,Membaca | Seni | Berdoa | Berpuasa | Membaca Quran | Jalan Kaki | Meditasi | Mandi | Dota 2 | Podcast | Buku Audio | Menulis | Menonton Serial | Berita Terkini | Makan Enak | Reddit | Streaming | YouTube | Tidur Siang Singkat | Mendengarkan Lagu | Dokumenter | Sahabat Pena | Cinta,Luar Biasa,Positif
02/12/2018,Dec-02,Minggu,12:02 pm,lapar,Jalan Kaki | Meditasi | Buku Audio | YouTube | Tidur Siang Singkat,Baik,Positif
27/11/2018,Nov-27,Selasa,12:07 pm,santai totalitas,Membaca | Meditasi | Buku Audio | Makan Enak | YouTube | Bermain Game | Hal Baru | Surel | Desain,Baik,Positif
01/05/2018,May-01,Selasa,2:51 pm,khawatir,Membaca | Menulis Jurnal | YouTube | Penelitian,Buruk,Negatif
30/06/2020,Jun-30,Selasa,9:23 pm,santai totalitas,Seni | Berdoa | Berpuasa | Jalan Kaki | Mandi | Buku Audio | Menulis | Menonton Serial | Berita Terkini | Makan Enak | Reddit | Streaming | YouTube | Tidur Siang Singkat | Cinta,Baik,Positif
26/04/2018,Apr-26,Kamis,2:01 pm,santai totalitas,Dota 2 | Makan Enak | Streaming | YouTube | Surel,Baik,Positif
08/10/2020,Oct-08,Kamis,8:54 pm,lemah,Seni | Berpuasa | Jalan Kaki | Mandi | Buku Audio | Menulis | Menonton Serial | Berita Terkini | Makan Enak | Reddit | Belajar Bahasa | Streaming | YouTube | Membersihkan Rumah | Penelitian | Hal Baru | Tidur Siang Singkat | Dokumenter | Sahabat Pena | Coding | Tutorial,Biasa,Netral
20/11/2018,Nov-20,Selasa,12:00 pm,santai totalitas,Meditasi | Podcast | Buku Audio | Berita Terkini | YouTube | Bermain Game | Membersihkan Rumah | Surel | Sahabat Pena | Catatan Berat Badan,Baik,Positif
30/04/2018,Apr-30,Senin,2:00 pm,bertanya-tanya,,Biasa,Netral
25/01/2020,Jan-25,Sabtu,9:00 pm,santai totalitas,Berdoa | Berpuasa | Jalan Kaki | Meditasi | Mandi | Buku Audio | Menonton Serial | Berita Terkini | Reddit | Streaming | YouTube | Diet Keto,Baik,Positif
10/06/2020,Jun-10,Rabu,11:04 am,diberkati,Seni | Membaca Quran | Jalan Kaki | Meditasi | Mandi | Menulis | Menonton Serial | Makan Enak | Reddit | Belajar Bahasa | Streaming | YouTube | Tidur Siang Singkat | Mendengarkan Lagu | Sahabat Pena,Baik,Positif
03/02/2020,Feb-03,Senin,7:10 pm,marah,Berpuasa | Jalan Kaki | Meditasi | Mandi | Dota 2 | Buku Audio | Menonton Serial | Berita Terkini | Makan Enak | Reddit | Streaming | YouTube | Menonton Film | Mendengarkan Lagu | Sahabat Pena | Diet Keto,Sangat Buruk,Negatif
25/09/2020,Sep-25,Jumat,12:02 pm,khawatir,Belajar | Seni | Berdoa | Berpuasa | Olahraga | Membaca Quran | Jalan Kaki | Mandi | Buku Audio | Menonton Serial | Berita Terkini | Makan Enak | Reddit | Belajar Bahasa | Bercukur | Streaming | YouTube | Memasak | Penelitian | Hal Baru | Tidur Siang Singkat | Surel | Mendengarkan Lagu | Desain | Sahabat Pena | Coding | Tutorial | Rekaman,Buruk,Negatif
23/12/2018,Dec-23,Minggu,7:52 pm,sangat sedih,Dota 2 | Streaming | YouTube,Sangat Buruk,Negatif
26/05/2018,May-26,Sabtu,10:05 am,khawatir,,Buruk,Negatif
01/05/2019,May-01,Rabu,8:00 pm,bingung,Jalan Kaki | Podcast | Buku Audio | Berita Terkini | Makan Enak | Reddit | Streaming | YouTube | Surel | Desain | Catatan Berat Badan,Biasa,Netral
31/03/2018,Mar-31,Sabtu,7:06 pm,bersemangat,,Luar Biasa,Positif
19/03/2018,Mar-19,Senin,3:01 pm,bersemangat,Berdoa | Menonton Serial | Streaming | YouTube | Hal Baru | Surel,Luar Biasa,Positif
26/06/2018,Jun-26,Selasa,7:24 pm,diberkati,Buku Audio | Menonton Serial | Makan Enak | Streaming | YouTube | Surel | Pesta,Baik,Positif
04/01/2019,Jan-04,Jumat,10:53 am,sakit,Dota 2 | Podcast | Berita Terkini | Makan Enak | YouTube | Bermain Game | Keluarga,Buruk,Negatif
01/07/2020,Jul-01,Rabu,8:13 pm,diberkati,Membaca | Belajar | Berdoa | Berpuasa | Membaca Quran | Jalan Kaki | Meditasi | Mandi | Dota 2 | Buku Audio | Menulis | Berita Terkini | Makan Enak | Reddit | Belajar Bahasa | Streaming | YouTube | Keluarga | Tidur Siang Singkat | Surel | Mendengarkan Lagu | Cinta,Baik,Positif
06/02/2018,Feb-06,Selasa,9:56 am,buruk,Berpuasa | Jalan Kaki | Meditasi | Traveling | Rumah Sakit,Buruk,Negatif
22/04/2018,Apr-22,Minggu,2:00 pm,biasa saja,Makan Enak | Streaming | YouTube | Penelitian | Surel | Pekerjaan,Biasa,Netral
29/10/2020,Oct-29,Kamis,9:00 pm,lapar,Membaca | Belajar | Berpuasa | Jalan Kaki | Meditasi | Mandi | Podcast | Buku Audio | Menulis | Menonton Serial | Berita Terkini | Makan Enak | Reddit | Belajar Bahasa | Streaming | YouTube | Memasak | Membersihkan Rumah | Penelitian | Hal Baru | Tidur Siang Singkat | Dokumenter | Coding | Tutorial,Baik,Positif
12/02/2018,Feb-12,Senin,7:12 pm,tersulut emosi,Dota 2 | Streaming | YouTube | Hal Baru | Keluarga | Surel | Mendengarkan Lagu,Sangat Buruk,Negatif
01/05/2018,May-01,Selasa,7:00 pm,bingung,Menonton Serial | Makan Enak | Streaming | YouTube | Penelitian,Biasa,Netral
07/08/2020,Aug-07,Jumat,7:19 am,marah,Membaca | Belajar | Seni | Berdoa | Berpuasa | Membaca Quran | Jalan Kaki | Meditasi | Mandi | Dota 2 | Podcast | Buku Audio | Menulis | Menonton Serial | Berita Terkini | Makan Enak | Reddit | Belajar Bahasa | Streaming | YouTube | Menonton Film | Bermain Game | Hal Baru | Keluarga | Tidur Siang Singkat | Mendengarkan Lagu | Desain | Dokumenter | Cinta | Rekaman,Sangat Buruk,Negatif
11/09/2018,Sep-11,Selasa,11:28 am,bertanya-tanya,Dota 2 | Podcast | Buku Audio | Berita Terkini | YouTube | Sahabat Pena,Biasa,Netral
05/01/2021,Jan-05,Selasa,5:57 pm,lemah,Membaca | Belajar | Seni | Berpuasa | Jalan Kaki | Mandi | Buku Audio | Menulis | Makan Enak | Reddit | Belajar Bahasa | Streaming | YouTube | Menonton Film | Memasak | Membersihkan Rumah | Penelitian | Hal Baru | Tidur Siang Singkat | Mendengarkan Lagu | Dokumenter | Sahabat Pena | Coding | Tutorial,Biasa,Netral
13/02/2018,Feb-13,Selasa,2:00 pm,marah,Makan Enak | YouTube | Surel,Sangat Buruk,Negatif
13/08/2020,Aug-13,Kamis,10:25 pm,khawatir,Menulis Jurnal | Berdoa | Berpuasa | Jalan Kaki | Meditasi | Mandi | Podcast | Buku Audio | Menulis | Menonton Serial | Berita Terkini | Makan Enak | Reddit | Belajar Bahasa | Streaming | YouTube | Cinta,Buruk,Negatif
03/02/2020,Feb-03,Senin,7:10 pm,marah,Berpuasa | Jalan Kaki | Meditasi | Mandi | Dota 2 | Buku Audio | Menonton Serial | Berita Terkini | Makan Enak | Reddit | Streaming | YouTube | Menonton Film | Mendengarkan Lagu | Sahabat Pena | Diet Keto,Sangat Buruk,Negatif
12/02/2021,Feb-12,Jumat,9:10 pm,khawatir,Membaca | Belajar | Berdoa | Berpuasa | Jalan Kaki | Meditasi | Mandi | Buku Audio | Menonton Serial | Reddit | Belajar Bahasa | Streaming | YouTube | Memasak | Membersihkan Rumah | Penelitian | Tidur Siang Singkat | Surel | Dokumenter | Sahabat Pena | Coding | Tutorial,Buruk,Negatif
20/02/2018,Feb-20,Selasa,7:46 pm,lemah,Jalan Kaki | Dota 2 | Buku Audio | Menonton Serial | Streaming | YouTube,Biasa,Netral
20/04/2018,Apr-20,Jumat,7:34 pm,tersulut emosi,Dota 2,Sangat Buruk,Negatif
31/01/2021,Jan-31,Minggu,9:46 pm,lemah,Membaca | Belajar | Berpuasa | Buku Audio | Menulis | Menonton Serial | Belajar Bahasa | Yoga | Bercukur | Poetry | Streaming | YouTube | Menonton Film | Memasak | Membersihkan Rumah | Penelitian | Hal Baru | Tidur Siang Singkat | Dokumenter | Sahabat Pena | Coding | Tutorial,Biasa,Netral
10/05/2020,May-10,Minggu,11:04 am,sangat bahagia,Membaca | Belajar | Seni | Menulis Jurnal | Berdoa | Berpuasa | Membaca Quran | Jalan Kaki | Meditasi | Mandi | Buku Audio | Berita Terkini | Makan Enak | Reddit | Streaming | YouTube | Hal Baru | Surel | Mendengarkan Lagu | Tutorial | Catatan Berat Badan,Luar Biasa,Positif
04/04/2020,Apr-04,Sabtu,9:11 pm,bersemangat,Seni | Berdoa | Jalan Kaki | Meditasi | Mandi | Menulis | Menonton Serial | Berita Terkini | Makan Enak | Reddit | Streaming | YouTube | Membersihkan Rumah | Tidur Siang Singkat | Mendengarkan Lagu,Luar Biasa,Positif
03/05/2018,May-03,Kamis,11:32 am,biasa saja,,Biasa,Netral
13/06/2020,Jun-13,Sabtu,6:47 am,sangat bahagia,Jalan Kaki | Mandi | Buku Audio | Menulis | Menonton Serial | Berita Terkini | Makan Enak | Reddit | Belajar Bahasa | Streaming | YouTube | Hal Baru | Tidur Siang Singkat | Mendengarkan Lagu | Sahabat Pena,Luar Biasa,Positif
09/04/2018,Apr-09,Senin,7:52 pm,khawatir,Dota 2 | Podcast | Buku Audio | Streaming | YouTube | Mendengarkan Lagu,Buruk,Negatif
25/07/2020,Jul-25,Sabtu,2:48 pm,lemah,Belajar | Seni | Berdoa | Berpuasa | Membaca Quran | Jalan Kaki | Meditasi | Mandi | Dota 2 | Podcast | Buku Audio | Menulis | Berita Terkini | Makan Enak | Reddit | Belajar Bahasa | Streaming | YouTube | Membersihkan Rumah | Penelitian | Tidur Siang Singkat | Mendengarkan Lagu | Desain | Tutorial,Biasa,Netral
25/09/2020,Sep-25,Jumat,12:02 pm,khawatir,Belajar | Seni | Berdoa | Berpuasa | Olahraga | Membaca Quran | Jalan Kaki | Mandi | Buku Audio | Menonton Serial | Berita Terkini | Makan Enak | Reddit | Belajar Bahasa | Bercukur | Streaming | YouTube | Memasak | Penelitian | Hal Baru | Tidur Siang Singkat | Surel | Mendengarkan Lagu | Desain | Sahabat Pena | Coding | Tutorial | Rekaman,Buruk,Negatif
25/09/2020,Sep-25,Jumat,12:02 pm,khawatir,Belajar | Seni | Berdoa | Berpuasa | Olahraga | Membaca Quran | Jalan Kaki | Mandi | Buku Audio | Menonton Serial | Berita Terkini | Makan Enak | Reddit | Belajar Bahasa | Bercukur | Streaming | YouTube | Memasak | Penelitian | Hal Baru | Tidur Siang Singkat | Surel | Mendengarkan Lagu | Desain | Sahabat Pena | Coding | Tutorial | Rekaman,Buruk,Negatif
07/11/2020,Nov-07,Sabtu,9:38 pm,bersemangat,Belajar | Berpuasa | Jalan Kaki | Buku Audio | Menulis | Menonton Serial | Berita Terkini | Makan Enak | Reddit | Belajar Bahasa | Streaming | YouTube | Memasak | Membersihkan Rumah | Penelitian | Hal Baru | Tidur Siang Singkat | Mendengarkan Lagu | Desain | Perbaikan | Dokumenter | Sahabat Pena | Coding | Tutorial | Cinta,Luar Biasa,Positif
14/02/2018,Feb-14,Rabu,7:01 pm,tersulut emosi,Jalan Kaki | YouTube | Mendengarkan Lagu,Sangat Buruk,Negatif
23/10/2020,Oct-23,Jumat,10:35 pm,lemah,Membaca | Belajar | Seni | Berdoa | Berpuasa | Jalan Kaki | Meditasi | Mandi | Buku Audio | Menulis | Menonton Serial | Berita Terkini | Makan Enak | Reddit | Belajar Bahasa | Poetry | Streaming | YouTube | Memasak | Meditasi Holotropik | Membersihkan Rumah | Penelitian | Tidur Siang Singkat | Mendengarkan Lagu | Dokumenter | Sahabat Pena | Coding | Tutorial,Biasa,Netral
18/09/2018,Sep-18,Selasa,10:49 am,khawatir,Berdoa,Buruk,Negatif
17/03/2018,Mar-17,Sabtu,2:17 pm,bingung,Streaming | YouTube,Biasa,Netral
04/05/2019,May-04,Sabtu,10:15 am,tersulut emosi,Dota 2 | Podcast | Buku Audio | Berita Terkini | Makan Enak | Reddit | Streaming | YouTube | Surel | Mendengarkan Lagu | Desain | Catatan Berat Badan,Sangat Buruk,Negatif
10/02/2020,Feb-10,Senin,9:05 pm,sangat bahagia,Jalan Kaki | Meditasi | Dota 2 | Menonton Serial | Berita Terkini | Makan Enak | Reddit | Streaming | YouTube | Tidur Siang Singkat | Mendengarkan Lagu | Sahabat Pena | Diet Keto,Luar Biasa,Positif
13/12/2018,Dec-13,Kamis,6:15 pm,bingung,Dota 2 | Berita Terkini | Makan Enak,Biasa,Netral
29/03/2020,Mar-29,Minggu,9:00 pm,sangat bahagia,Berdoa | Berpuasa | Jalan Kaki | Meditasi | Mandi | Dota 2 | Buku Audio | Menonton Serial | Berita Terkini | Makan Enak | Reddit | Streaming | YouTube | Tidur Siang Singkat | Mendengarkan Lagu | Sahabat Pena,Luar Biasa,Positif
23/12/2019,Dec-23,Senin,9:10 pm,bersemangat,Berpuasa | Jalan Kaki | Meditasi | Buku Audio | Menonton Serial | Berita Terkini | Makan Enak | Reddit | Streaming | YouTube | Tidur Siang Singkat | Diet Keto,Luar Biasa,Positif
14/06/2018,Jun-14,Kamis,11:07 am,takut,,Buruk,Negatif
17/08/2020,Aug-17,Senin,7:40 pm,bingung,Berdoa | Berpuasa | Membaca Quran | Jalan Kaki | Meditasi | Mandi | Buku Audio | Menonton Serial | Berita Terkini | Makan Enak | Reddit | Belajar Bahasa | Streaming | YouTube | Tidur Siang Singkat | Dokumenter | Cinta,Biasa,Netral
03/03/2021,Mar-03,Rabu,10:43 pm,fokus,Membaca | Seni | Berdoa | Berpuasa | Meditasi | Mandi | Buku Audio | Menulis | Menonton Serial | Makan Enak | Reddit | Belajar Bahasa | Streaming | YouTube | Memasak | Penelitian | Hal Baru | Tidur Siang Singkat | Dokumenter | Coding | Tutorial | Cinta,Baik,Positif
02/05/2018,May-02,Rabu,8:23 pm,sangat sedih,Dota 2 | Streaming | YouTube,Sangat Buruk,Negatif
22/01/2021,Jan-22,Jumat,1:19 pm,marah,Membaca | Belajar | Berdoa | Berpuasa | Jalan Kaki | Buku Audio | Menulis | Menonton Serial | Makan Enak | Reddit | Belajar Bahasa | Streaming | YouTube | Memasak | Membersihkan Rumah | Penelitian | Hal Baru | Tidur Siang Singkat | Dokumenter | Sahabat Pena | Coding | Tutorial,Sangat Buruk,Negatif
28/09/2020,Sep-28,Senin,9:15 pm,bingung,Belajar | Seni | Berdoa | Membaca Quran | Jalan Kaki | Meditasi | Mandi | Dota 2 | Buku Audio | Menonton Serial | Berita Terkini | Makan Enak | Reddit | Belajar Bahasa | Streaming | YouTube | Memasak | Meditasi Holotropik | Membersihkan Rumah | Penelitian | Hal Baru | Tidur Siang Singkat | Mendengarkan Lagu | Desain | Dokumenter | Sahabat Pena | Coding | Tutorial,Biasa,Netral
25/09/2018,Sep-25,Selasa,10:15 am,sakit,YouTube,Buruk,Negatif
09/07/2018,Jul-09,Senin,9:58 am,bingung,,Biasa,Netral
17/03/2020,Mar-17,Selasa,9:02 pm,bersemangat,Berdoa | Berpuasa | Jalan Kaki | Meditasi | Mandi | Dota 2 | Buku Audio | Menonton Serial | Berita Terkini | Makan Enak | Reddit | Streaming | YouTube | Tidur Siang Singkat | Mendengarkan Lagu | Sahabat Pena | Catatan Berat Badan,Luar Biasa,Positif
27/04/2019,Apr-27,Sabtu,1:44 pm,bertanya-tanya,Berpuasa | Podcast | Berita Terkini | Reddit | Streaming | YouTube | Sahabat Pena | Catatan Berat Badan,Biasa,Netral
04/01/2019,Jan-04,Jumat,10:53 am,sakit,Dota 2 | Podcast | Berita Terkini | Makan Enak | YouTube | Bermain Game | Keluarga,Buruk,Negatif
03/04/2018,Apr-03,Selasa,2:00 pm,sakit,Makan Enak | Streaming | Traveling,Buruk,Negatif
10/10/2020,Oct-10,Sabtu,10:18 pm,khawatir,Belajar | Berpuasa | Jalan Kaki | Mandi | Buku Audio | Menonton Serial | Berita Terkini | Makan Enak | Reddit | Belajar Bahasa | Streaming | YouTube | Memasak | Traveling | Penelitian | Tidur Siang Singkat | Surel | Dokumenter | Sahabat Pena | Coding | Tutorial,Buruk,Negatif
05/01/2021,Jan-05,Selasa,5:57 pm,lemah,Membaca | Belajar | Seni | Berpuasa | Jalan Kaki | Mandi | Buku Audio | Menulis | Makan Enak | Reddit | Belajar Bahasa | Streaming | YouTube | Menonton Film | Memasak | Membersihkan Rumah | Penelitian | Hal Baru | Tidur Siang Singkat | Mendengarkan Lagu | Dokumenter | Sahabat Pena | Coding | Tutorial,Biasa,Netral
05/12/2019,Dec-05,Kamis,9:18 pm,sangat bahagia,Berpuasa | Jalan Kaki | Meditasi | Buku Audio | Menonton Serial | Berita Terkini | Reddit | Streaming | YouTube | Diet Keto,Luar Biasa,Positif
28/04/2018,Apr-28,Sabtu,2:01 pm,santai totalitas,Menonton Serial | Makan Enak | Streaming | YouTube | Surel,Baik,Positif
24/10/2018,Oct-24,Rabu,10:30 am,bertanya-tanya,Meditasi | Berita Terkini | Hal Baru | Sahabat Pena | Catatan Berat Badan,Biasa,Netral
21/05/2020,May-21,Kamis,8:00 pm,biasa saja,Membaca | Belajar | Seni | Menulis Jurnal | Berdoa | Berpuasa | Membaca Quran | Meditasi | Mandi | Buku Audio | Menulis | Berita Terkini | Makan Enak | Reddit | Belajar Bahasa | Streaming | YouTube | Penelitian | Hal Baru | Tidur Siang Singkat | Mendengarkan Lagu | Sahabat Pena | Catatan Berat Badan,Biasa,Netral
08/03/2018,Mar-08,Kamis,10:13 am,diberkati,Jalan Kaki | Menonton Serial | Tidur Siang Singkat,Baik,Positif
11/03/2020,Mar-11,Rabu,9:32 pm,bersemangat,Berdoa | Berpuasa | Jalan Kaki | Meditasi | Mandi | Dota 2 | Buku Audio | Menonton Serial | Berita Terkini | Makan Enak | Reddit | Streaming | YouTube | Tidur Siang Singkat | Mendengarkan Lagu | Sahabat Pena,Luar Biasa,Positif
20/03/2018,Mar-20,Selasa,10:08 am,khawatir,Dota 2 | Streaming | YouTube | Penelitian,Buruk,Negatif
26/04/2020,Apr-26,Minggu,9:32 pm,sangat bahagia,Membaca | Belajar | Menulis Jurnal | Berdoa | Berpuasa | Membaca Quran | Jalan Kaki | Meditasi | Mandi | Buku Audio | Menulis | Menonton Serial | Berita Terkini | Makan Enak | Reddit | Streaming | YouTube | Membersihkan Rumah | Penelitian | Hal Baru | Tidur Siang Singkat | Mendengarkan Lagu,Luar Biasa,Positif
21/09/2020,Sep-21,Senin,9:22 pm,fokus,Belajar | Berdoa | Berpuasa | Membaca Quran | Jalan Kaki | Meditasi | Mandi | Buku Audio | Menonton Serial | Makan Enak | Reddit | Belajar Bahasa | Streaming | YouTube | Memasak | Membersihkan Rumah | Penelitian | Hal Baru | Tidur Siang Singkat | Dokumenter | Sahabat Pena | Coding | Tutorial,Baik,Positif
10/12/2020,Dec-10,Kamis,9:17 pm,fokus,Membaca | Seni | Berdoa | Berpuasa | Jalan Kaki | Mandi | Buku Audio | Menulis | Menonton Serial | Berita Terkini | Reddit | Belajar Bahasa | Streaming | YouTube | Menonton Film | Memasak | Penelitian | Hal Baru | Tidur Siang Singkat | Dokumenter | Sahabat Pena | Coding | Tutorial | Cinta,Baik,Positif
13/12/2018,Dec-13,Kamis,6:15 pm,bingung,Dota 2 | Berita Terkini | Makan Enak,Biasa,Netral
05/08/2020,Aug-05,Rabu,2:43 pm,sangat buruk,Membaca | Belajar | Seni | Berdoa | Berpuasa | Membaca Quran | Jalan Kaki | Meditasi | Mandi | Dota 2 | Podcast | Buku Audio | Menulis | Menonton Serial | Berita Terkini | Makan Enak | Reddit | Belajar Bahasa | Streaming | YouTube | Penelitian | Keluarga | Tidur Siang Singkat | Mendengarkan Lagu | Dokumenter | Cinta,Sangat Buruk,Negatif
06/04/2018,Apr-06,Jumat,11:57 am,bertanya-tanya,,Biasa,Netral
01/05/2018,May-01,Selasa,7:00 pm,bingung,Menonton Serial | Makan Enak | Streaming | YouTube | Penelitian,Biasa,Netral
13/09/2018,Sep-13,Kamis,10:04 am,sakit,Buku Audio | Berita Terkini | Tidur Siang Singkat,Buruk,Negatif
31/12/2019,Dec-31,Selasa,9:00 pm,bersemangat,Membaca | Berpuasa | Jalan Kaki | Meditasi | Mandi | Podcast | Buku Audio | Menonton Serial | Berita Terkini | Makan Enak | Reddit | Streaming | YouTube | Penelitian | Diet Keto | Catatan Berat Badan,Luar Biasa,Positif
26/05/2018,May-26,Sabtu,10:05 am,khawatir,,Buruk,Negatif
09/03/2020,Mar-09,Senin,9:05 pm,bersemangat,Menulis Jurnal | Berdoa | Berpuasa | Jalan Kaki | Meditasi | Mandi | Menonton Serial | Berita Terkini | Makan Enak | Reddit | Streaming | YouTube | Tidur Siang Singkat | Mendengarkan Lagu | Sahabat Pena,Luar Biasa,Positif
22/01/2020,Jan-22,Rabu,9:02 pm,bertanya-tanya,Jalan Kaki | Meditasi | Dota 2 | Buku Audio | Menonton Serial | Berita Terkini | Makan Enak | Reddit | Streaming | YouTube | Tidur Siang Singkat,Biasa,Netral
13/04/2020,Apr-13,Senin,9:00 pm,bersemangat,Berdoa | Berpuasa | Jalan Kaki | Meditasi | Mandi | Buku Audio | Menonton Serial | Berita Terkini | Makan Enak | Reddit | Streaming | YouTube | Hal Baru | Mendengarkan Lagu | Sahabat Pena,Luar Biasa,Positif
07/03/2018,Mar-07,Rabu,11:39 am,khawatir,Dota 2,Buruk,Negatif
17/09/2018,Sep-17,Senin,7:00 pm,diberkati,Berdoa | Jalan Kaki | Mandi | Dota 2 | Podcast | Buku Audio | Berita Terkini | Hal Baru | Surel | Mendengarkan Lagu,Baik,Positif
04/01/2019,Jan-04,Jumat,10:53 am,sakit,Dota 2 | Podcast | Berita Terkini | Makan Enak | YouTube | Bermain Game | Keluarga,Buruk,Negatif
24/02/2018,Feb-24,Sabtu,9:31 am,takut,Berdoa | Tidur Siang Singkat,Buruk,Negatif
25/09/2018,Sep-25,Selasa,2:00 pm,bertanya-tanya,Mandi | Buku Audio | Berita Terkini | Makan Enak | YouTube,Biasa,Netral
04/07/2018,Jul-04,Rabu,11:14 am,lemah,,Biasa,Netral
11/03/2021,Mar-11,Kamis,9:06 pm,bersemangat,Membaca | Belajar | Seni | Berdoa | Berpuasa | Membaca Quran | Jalan Kaki | Meditasi | Mandi | Buku Audio | Menulis | Menonton Serial | Makan Enak | Reddit | Belajar Bahasa | Streaming | YouTube | Memasak | Penelitian | Hal Baru | Surel | Dokumenter | Sahabat Pena | Coding | Tutorial,Luar Biasa,Positif
29/09/2020,Sep-29,Selasa,9:41 pm,takut,Seni | Berpuasa | Jalan Kaki | Menonton Serial | Berita Terkini | Makan Enak | Reddit | Streaming | YouTube | Memasak | Penelitian | Hal Baru | Tidur Siang Singkat | Dokumenter | Sahabat Pena | Coding | Tutorial,Buruk,Negatif
12/09/2018,Sep-12,Rabu,7:03 pm,sakit,Dota 2 | YouTube,Buruk,Negatif
13/02/2018,Feb-13,Selasa,9:52 am,bingung,Jalan Kaki | Meditasi | Traveling | Surel,Biasa,Netral
12/02/2021,Feb-12,Jumat,9:10 pm,khawatir,Membaca | Belajar | Berdoa | Berpuasa | Jalan Kaki | Meditasi | Mandi | Buku Audio | Menonton Serial | Reddit | Belajar Bahasa | Streaming | YouTube | Memasak | Membersihkan Rumah | Penelitian | Tidur Siang Singkat | Surel | Dokumenter | Sahabat Pena | Coding | Tutorial,Buruk,Negatif
05/05/2019,May-05,Minggu,12:12 pm,bertanya-tanya,Berita Terkini | Bermain Game | Mendengarkan Lagu,Biasa,Netral
22/01/2021,Jan-22,Jumat,1:19 pm,marah,Membaca | Belajar | Berdoa | Berpuasa | Jalan Kaki | Buku Audio | Menulis | Menonton Serial | Makan Enak | Reddit | Belajar Bahasa | Streaming | YouTube | Memasak | Membersihkan Rumah | Penelitian | Hal Baru | Tidur Siang Singkat | Dokumenter | Sahabat Pena | Coding | Tutorial,Sangat Buruk,Negatif
22/10/2018,Oct-22,Senin,11:04 am,bingung,Meditasi | Tidur Siang Singkat | Mendengarkan Lagu,Biasa,Netral
09/07/2018,Jul-09,Senin,9:58 am,bingung,,Biasa,Netral
24/04/2018,Apr-24,Selasa,2:00 pm,bingung,,Biasa,Netral
29/01/2020,Jan-29,Rabu,9:45 pm,bersemangat,Berpuasa | Jalan Kaki | Meditasi | Dota 2 | Podcast | Buku Audio | Menonton Serial | Berita Terkini | Makan Enak | Reddit | Streaming | YouTube | Diet Keto | Catatan Berat Badan,Luar Biasa,Positif
25/07/2020,Jul-25,Sabtu,2:48 pm,lemah,Belajar | Seni | Berdoa | Berpuasa | Membaca Quran | Jalan Kaki | Meditasi | Mandi | Dota 2 | Podcast | Buku Audio | Menulis | Berita Terkini | Makan Enak | Reddit | Belajar Bahasa | Streaming | YouTube | Membersihkan Rumah | Penelitian | Tidur Siang Singkat | Mendengarkan Lagu | Desain | Tutorial,Biasa,Netral
28/03/2020,Mar-28,Sabtu,9:08 pm,bersemangat,Berdoa | Jalan Kaki | Meditasi | Buku Audio | Menonton Serial | Berita Terkini | Makan Enak | Reddit | Streaming | YouTube | Tidur Siang Singkat | Mendengarkan Lagu | Program Doktor,Luar Biasa,Positif
05/10/2020,Oct-05,Senin,9:03 pm,biasa saja,Berpuasa | Jalan Kaki | Mandi | Buku Audio | Menonton Serial | Berita Terkini | Makan Enak | Reddit | Belajar Bahasa | Streaming | YouTube | Memasak | Membersihkan Rumah | Penelitian | Hal Baru | Tidur Siang Singkat | Surel | Mendengarkan Lagu | Desain | Dokumenter | Sahabat Pena | Coding | Tutorial,Biasa,Netral
30/08/2020,Aug-30,Minggu,6:20 pm,biasa saja,Berdoa | Berpuasa | Membaca Quran | Jalan Kaki | Meditasi | Buku Audio | Menulis | Menonton Serial | Berita Terkini | Makan Enak | Reddit | Belajar Bahasa | Streaming | YouTube | Keluarga | Tidur Siang Singkat | Sahabat Pena | Coding | Cinta | Rekaman,Biasa,Netral
08/05/2020,May-08,Jumat,10:59 am,keren,Membaca | Belajar | Seni | Menulis Jurnal | Berdoa | Berpuasa | Membaca Quran | Jalan Kaki | Meditasi | Mandi | Buku Audio | Menulis | Berita Terkini | Makan Enak | Reddit | Belajar Bahasa | Streaming | YouTube | Menonton Film | Penelitian | Hal Baru | Surel | Mendengarkan Lagu | Desain | Tutorial | Catatan Berat Badan,Luar Biasa,Positif
12/03/2018,Mar-12,Senin,2:17 pm,khawatir,,Buruk,Negatif
06/04/2021,Apr-06,Selasa,9:33 pm,fokus,Membaca | Belajar | Berdoa | Berpuasa | Jalan Kaki | Meditasi | Mandi | Buku Audio | Menulis | Menonton Serial | Makan Enak | Reddit | Belajar Bahasa | Poetry | Streaming | YouTube | Memasak | Membersihkan Rumah | Hal Baru | Desain | Sahabat Pena | Coding | Tutorial,Baik,Positif
25/09/2018,Sep-25,Selasa,2:00 pm,bertanya-tanya,Mandi | Buku Audio | Berita Terkini | Makan Enak | YouTube,Biasa,Netral
31/08/2020,Aug-31,Senin,10:42 pm,biasa saja,Berpuasa | Jalan Kaki | Meditasi | Mandi | Buku Audio | Menulis | Menonton Serial | Berita Terkini | Makan Enak | Reddit | Belajar Bahasa | Streaming | YouTube | Traveling | Keluarga | Mendengarkan Lagu | Sahabat Pena | Coding | Tutorial | Rekaman,Biasa,Netral
12/09/2018,Sep-12,Rabu,2:13 pm,tersulut emosi,Dota 2,Sangat Buruk,Negatif
03/12/2020,Dec-03,Kamis,10:52 pm,fokus,Membaca | Belajar | Berdoa | Berpuasa | Jalan Kaki | Meditasi | Mandi | Buku Audio | Menulis | Menonton Serial | Berita Terkini | Makan Enak | Reddit | Belajar Bahasa | Streaming | YouTube | Memasak | Penelitian | Hal Baru | Tidur Siang Singkat | Mendengarkan Lagu | Dokumenter | Sahabat Pena | Coding | Tutorial | Cinta | Rekaman,Baik,Positif
22/01/2021,Jan-22,Jumat,1:19 pm,marah,Membaca | Belajar | Berdoa | Berpuasa | Jalan Kaki | Buku Audio | Menulis | Menonton Serial | Makan Enak | Reddit | Belajar Bahasa | Streaming | YouTube | Memasak | Membersihkan Rumah | Penelitian | Hal Baru | Tidur Siang Singkat | Dokumenter | Sahabat Pena | Coding | Tutorial,Sangat Buruk,Negatif
27/03/2018,Mar-27,Selasa,2:09 pm,bertanya-tanya,Dota 2 | Streaming | YouTube | Penelitian | Surel,Biasa,Netral
02/12/2020,Dec-02,Rabu,2:59 am,bertanya-tanya,Membaca | Belajar | Seni | Berdoa | Berpuasa | Jalan Kaki | Meditasi | Mandi | Buku Audio | Menulis | Menonton Serial | Berita Terkini | Makan Enak | Reddit | Belajar Bahasa | Streaming | YouTube | Memasak | Membersihkan Rumah | Penelitian | Hal Baru | Tidur Siang Singkat | Dokumenter | Sahabat Pena | Coding | Tutorial | Cinta,Biasa,Netral
18/01/2020,Jan-18,Sabtu,9:01 pm,bersemangat,Berpuasa | Jalan Kaki | Meditasi | Podcast | Buku Audio | Menonton Serial | Makan Enak | Reddit | Streaming | YouTube | Diet Keto,Luar Biasa,Positif
01/07/2018,Jul-01,Minggu,7:31 pm,bingung,Membaca | Meditasi | Mandi | Dota 2 | Buku Audio | Menonton Serial | Streaming | YouTube | Menonton Film | Surel | Mendengarkan Lagu | Pekerjaan | Catatan Berat Badan,Biasa,Netral
08/11/2020,Nov-08,Minggu,10:00 pm,santai totalitas,Belajar | Berdoa | Berpuasa | Mandi | Buku Audio | Menulis | Menonton Serial | Berita Terkini | Makan Enak | Reddit | Belajar Bahasa | Streaming | YouTube | Memasak | Penelitian | Hal Baru | Keluarga | Tidur Siang Singkat | Mendengarkan Lagu | Sahabat Pena | Coding | Tutorial | Cinta,Baik,Positif
06/07/2018,Jul-06,Jumat,2:15 pm,tersulut emosi,Berdoa | Berpuasa | Meditasi | Mandi | Streaming | YouTube,Sangat Buruk,Negatif
23/07/2020,Jul-23,Kamis,7:40 pm,sangat bahagia,Belajar | Seni | Berdoa | Berpuasa | Membaca Quran | Jalan Kaki | Meditasi | Mandi | Dota 2 | Buku Audio | Menulis | Menonton Serial | Berita Terkini | Makan Enak | Belajar Bahasa | Streaming | YouTube | Membersihkan Rumah | Penelitian | Dokumenter | Tutorial | Cinta,Luar Biasa,Positif
10/03/2020,Mar-10,Selasa,9:00 pm,sangat bahagia,Seni | Berdoa | Berpuasa | Jalan Kaki | Meditasi | Podcast | Buku Audio | Menonton Serial | Berita Terkini | Makan Enak | Reddit | Streaming | YouTube | Tidur Siang Singkat | Mendengarkan Lagu | Sahabat Pena | Diet Keto,Luar Biasa,Positif
22/07/2020,Jul-22,Rabu,9:03 pm,santai,Belajar | Seni | Menulis Jurnal | Berdoa | Berpuasa | Membaca Quran | Jalan Kaki | Meditasi | Dota 2 | Buku Audio | Menulis | Menonton Serial | Berita Terkini | Makan Enak | Reddit | Belajar Bahasa | Streaming | YouTube | Penelitian | Hal Baru | Keluarga | Tidur Siang Singkat | Mendengarkan Lagu | Desain | Tutorial | Rekaman,Baik,Positif
18/09/2018,Sep-18,Selasa,10:49 am,khawatir,Berdoa,Buruk,Negatif
12/08/2020,Aug-12,Rabu,8:54 pm,lemah,Seni | Berdoa | Berpuasa | Membaca Quran | Jalan Kaki | Meditasi | Mandi | Podcast | Buku Audio | Menulis | Menonton Serial | Berita Terkini | Makan Enak | Reddit | Belajar Bahasa | Streaming | YouTube | Penelitian | Hal Baru | Tidur Siang Singkat | Mendengarkan Lagu | Dokumenter | Tutorial | Cinta,Biasa,Netral
16/04/2020,Apr-16,Kamis,10:05 pm,keren,Berdoa | Jalan Kaki | Meditasi | Mandi | Dota 2 | Menonton Serial | Berita Terkini | Makan Enak | Reddit | Streaming | YouTube | Keluarga | Tidur Siang Singkat | Mendengarkan Lagu | Sahabat Pena | Catatan Berat Badan,Luar Biasa,Positif
05/05/2018,May-05,Sabtu,2:48 pm,bingung,Dota 2 | Menonton Serial | Streaming | YouTube,Biasa,Netral
11/08/2020,Aug-11,Selasa,9:00 pm,bertanya-tanya,Membaca | Seni | Berdoa | Berpuasa | Membaca Quran | Jalan Kaki | Meditasi | Mandi | Podcast | Buku Audio | Menulis | Menonton Serial | Berita Terkini | Makan Enak | Reddit | Belajar Bahasa | Poetry | Streaming | YouTube | Membersihkan Rumah | Tidur Siang Singkat | Mendengarkan Lagu | Desain | Dokumenter | Cinta,Biasa,Netral
27/03/2018,Mar-27,Selasa,10:03 am,bertanya-tanya,,Biasa,Netral
12/02/2018,Feb-12,Senin,7:12 pm,tersulut emosi,Dota 2 | Streaming | YouTube | Hal Baru | Keluarga | Surel | Mendengarkan Lagu,Sangat Buruk,Negatif
03/04/2018,Apr-03,Selasa,2:00 pm,sakit,Makan Enak | Streaming | Traveling,Buruk,Negatif
28/03/2018,Mar-28,Rabu,10:00 am,diberkati,Menulis Jurnal | Jalan Kaki | Meditasi | Buku Audio | Hal Baru | Mendengarkan Lagu,Baik,Positif
03/02/2021,Feb-03,Rabu,9:48 pm,fokus,Membaca | Belajar | Berpuasa | Jalan Kaki | Meditasi | Buku Audio | Menulis | Menonton Serial | Berita Terkini | Makan Enak | Reddit | Belajar Bahasa | Streaming | YouTube | Menonton Film | Memasak | Penelitian | Hal Baru | Tidur Siang Singkat | Mendengarkan Lagu | Desain | Dokumenter | Sahabat Pena | Coding | Tutorial | Cinta | Rekaman,Baik,Positif
12/03/2018,Mar-12,Senin,2:17 pm,khawatir,,Buruk,Negatif
06/07/2018,Jul-06,Jumat,2:15 pm,tersulut emosi,Berdoa | Berpuasa | Meditasi | Mandi | Streaming | YouTube,Sangat Buruk,Negatif
20/10/2018,Oct-20,Sabtu,4:41 pm,lapar,Streaming | YouTube | Bermain Game | Hal Baru | Tidur Siang Singkat,Baik,Positif
27/02/2020,Feb-27,Kamis,9:21 pm,bersemangat,Seni | Berdoa | Berpuasa | Jalan Kaki | Meditasi | Mandi | Buku Audio | Menonton Serial | Berita Terkini | Makan Enak | Reddit | Streaming | YouTube | Tidur Siang Singkat | Mendengarkan Lagu | Desain | Diet Keto | Catatan Berat Badan,Luar Biasa,Positif
06/02/2018,Feb-06,Selasa,8:39 pm,sakit,Dota 2 | Streaming | Keluarga,Buruk,Negatif
11/09/2018,Sep-11,Selasa,11:28 am,bertanya-tanya,Dota 2 | Podcast | Buku Audio | Berita Terkini | YouTube | Sahabat Pena,Biasa,Netral
07/05/2020,May-07,Kamis,9:28 pm,bersemangat,Membaca | Belajar | Seni | Menulis Jurnal | Berdoa | Berpuasa | Membaca Quran | Jalan Kaki | Meditasi | Mandi | Buku Audio | Menulis | Berita Terkini | Makan Enak | Reddit | Streaming | YouTube | Penelitian | Tidur Siang Singkat | Mendengarkan Lagu | Desain,Luar Biasa,Positif
17/09/2020,Sep-17,Kamis,10:20 pm,fokus,Membaca | Berdoa | Berpuasa | Membaca Quran | Jalan Kaki | Meditasi | Buku Audio | Menonton Serial | Berita Terkini | Makan Enak | Reddit | Belajar Bahasa | Streaming | YouTube | Hal Baru | Mendengarkan Lagu | Desain | Sahabat Pena | Coding | Tutorial | Cinta,Baik,Positif
18/03/2020,Mar-18,Rabu,9:07 pm,bersemangat,Berdoa | Berpuasa | Membaca Quran | Jalan Kaki | Meditasi | Mandi | Buku Audio | Menonton Serial | Berita Terkini | Makan Enak | Reddit | Streaming | YouTube | Tidur Siang Singkat | Mendengarkan Lagu | Sahabat Pena,Luar Biasa,Positif
19/09/2020,Sep-19,Sabtu,9:17 pm,bertanya-tanya,Belajar | Berdoa | Berpuasa | Membaca Quran | Jalan Kaki | Meditasi | Mandi | Menonton Serial | Berita Terkini | Makan Enak | Reddit | Belajar Bahasa | Streaming | YouTube | Memasak | Membersihkan Rumah | Penelitian | Hal Baru | Mendengarkan Lagu | Dokumenter | Sahabat Pena | Coding | Tutorial,Biasa,Netral
05/03/2020,Mar-05,Kamis,9:19 pm,keren,Seni | Berdoa | Berpuasa | Jalan Kaki | Meditasi | Dota 2 | Buku Audio | Menonton Serial | Berita Terkini | Makan Enak | Reddit | Streaming | YouTube | Keluarga | Tidur Siang Singkat | Mendengarkan Lagu | Sahabat Pena | Catatan Berat Badan,Luar Biasa,Positif
28/03/2020,Mar-28,Sabtu,9:08 pm,bersemangat,Berdoa | Jalan Kaki | Meditasi | Buku Audio | Menonton Serial | Berita Terkini | Makan Enak | Reddit | Streaming | YouTube | Tidur Siang Singkat | Mendengarkan Lagu | Program Doktor,Luar Biasa,Positif
12/08/2020,Aug-12,Rabu,8:54 pm,lemah,Seni | Berdoa | Berpuasa | Membaca Quran | Jalan Kaki | Meditasi | Mandi | Podcast | Buku Audio | Menulis | Menonton Serial | Berita Terkini | Makan Enak | Reddit | Belajar Bahasa | Streaming | YouTube | Penelitian | Hal Baru | Tidur Siang Singkat | Mendengarkan Lagu | Dokumenter | Tutorial | Cinta,Biasa,Netral
10/08/2020,Aug-10,Senin,9:15 pm,bertanya-tanya,Membaca | Seni | Berdoa | Berpuasa | Membaca Quran | Jalan Kaki | Meditasi | Mandi | Dota 2 | Buku Audio | Menulis | Menonton Serial | Berita Terkini | Makan Enak | Reddit | Belajar Bahasa | Bercukur | Merapikan Rambut | Streaming | YouTube | Membersihkan Rumah | Tidur Siang Singkat | Mendengarkan Lagu | Dokumenter | Cinta,Biasa,Netral
14/08/2020,Aug-14,Jumat,7:54 pm,biasa saja,Berdoa | Berpuasa | Membaca Quran | Jalan Kaki | Meditasi | Mandi | Dota 2 | Podcast | Menonton Serial | Berita Terkini | Makan Enak | Reddit | Belajar Bahasa | Bercukur | Merapikan Rambut | Streaming | YouTube | Traveling | Keluarga,Biasa,Netral
21/05/2020,May-21,Kamis,8:00 pm,biasa saja,Membaca | Belajar | Seni | Menulis Jurnal | Berdoa | Berpuasa | Membaca Quran | Meditasi | Mandi | Buku Audio | Menulis | Berita Terkini | Makan Enak | Reddit | Belajar Bahasa | Streaming | YouTube | Penelitian | Hal Baru | Tidur Siang Singkat | Mendengarkan Lagu | Sahabat Pena | Catatan Berat Badan,Biasa,Netral
10/02/2018,Feb-10,Sabtu,2:00 pm,tersulut emosi,Dota 2 | Streaming | YouTube,Sangat Buruk,Negatif
11/03/2018,Mar-11,Minggu,7:01 pm,sangat sedih,,Sangat Buruk,Negatif
15/08/2020,Aug-15,Sabtu,5:50 pm,marah,Belajar | Jalan Kaki | Mandi | Buku Audio | Menulis | Menonton Serial | Berita Terkini | Reddit | Belajar Bahasa | YouTube | Tidur Siang Singkat | Dokumenter | Coding | Tutorial,Sangat Buruk,Negatif
29/06/2020,Jun-29,Senin,9:00 pm,bertanya-tanya,Seni | Jalan Kaki | Buku Audio | Berita Terkini | Makan Enak | Reddit | Streaming | YouTube | Mendengarkan Lagu | Cinta,Biasa,Netral
19/10/2020,Oct-19,Senin,9:50 pm,sangat sedih,Membaca | Belajar | Berdoa | Berpuasa | Membaca Quran | Jalan Kaki | Meditasi | Mandi | Dota 2 | Podcast | Buku Audio | Menulis | Menonton Serial | Berita Terkini | Makan Enak | Reddit | Belajar Bahasa | Streaming | YouTube | Memasak | Penelitian | Hal Baru | Mendengarkan Lagu | Dokumenter | Coding | Tutorial,Sangat Buruk,Negatif
20/01/2020,Jan-20,Senin,10:04 pm,bersemangat,Berpuasa | Jalan Kaki | Meditasi | Podcast | Buku Audio | Menonton Serial | Berita Terkini | Makan Enak | Reddit | Streaming | YouTube,Luar Biasa,Positif
20/09/2019,Sep-20,Jumat,2:00 pm,bingung,Berdoa | Berpuasa | Mandi | Buku Audio | Berita Terkini | Reddit | Catatan Berat Badan,Biasa,Netral
13/01/2019,Jan-13,Minggu,8:36 pm,diberkati,Jalan Kaki | Menonton Serial | Berita Terkini | Makan Enak | Streaming | YouTube | Bermain Game | Tidur Siang Singkat | Surel | Desain | Sahabat Pena,Baik,Positif
05/08/2020,Aug-05,Rabu,2:43 pm,sangat buruk,Membaca | Belajar | Seni | Berdoa | Berpuasa | Membaca Quran | Jalan Kaki | Meditasi | Mandi | Dota 2 | Podcast | Buku Audio | Menulis | Menonton Serial | Berita Terkini | Makan Enak | Reddit | Belajar Bahasa | Streaming | YouTube | Penelitian | Keluarga | Tidur Siang Singkat | Mendengarkan Lagu | Dokumenter | Cinta,Sangat Buruk,Negatif
01/05/2018,May-01,Selasa,2:51 pm,khawatir,Membaca | Menulis Jurnal | YouTube | Penelitian,Buruk,Negatif
14/02/2021,Feb-14,Minggu,12:17 pm,khawatir,Membaca | Belajar | Berpuasa | Jalan Kaki | Menulis | Menonton Serial | Berita Terkini | Makan Enak | Reddit | Belajar Bahasa | Streaming | YouTube | Memasak | Membersihkan Rumah | Penelitian | Hal Baru | Tidur Siang Singkat | Dokumenter | Sahabat Pena | Coding | Tutorial,Buruk,Negatif
23/02/2020,Feb-23,Minggu,9:07 pm,bersemangat,Berdoa | Berpuasa | Jalan Kaki | Meditasi | Mandi | Dota 2 | Podcast | Menonton Serial | Berita Terkini | Makan Enak | Reddit | Streaming | YouTube | Tidur Siang Singkat | Sahabat Pena | Diet Keto | Catatan Berat Badan,Luar Biasa,Positif
06/08/2020,Aug-06,Kamis,9:02 pm,buruk,Seni | Berdoa | Berpuasa | Membaca Quran | Jalan Kaki | Meditasi | Mandi | Dota 2 | Podcast | Buku Audio | Menulis | Berita Terkini | Makan Enak | Reddit | Belajar Bahasa | Bercukur | Streaming | YouTube | Penelitian | Keluarga | Tidur Siang Singkat | Mendengarkan Lagu | Desain | Cinta,Buruk,Negatif
20/03/2018,Mar-20,Selasa,10:08 am,khawatir,Dota 2 | Streaming | YouTube | Penelitian,Buruk,Negatif
09/03/2021,Mar-09,Selasa,10:11 pm,fokus,Belajar | Berdoa | Berpuasa | Jalan Kaki | Meditasi | Mandi | Buku Audio | Menulis | Menonton Serial | Makan Enak | Belajar Bahasa | Bercukur | Streaming | YouTube | Memasak | Membersihkan Rumah | Hal Baru | Tidur Siang Singkat | Sahabat Pena | Coding | Tutorial,Baik,Positif
25/11/2018,Nov-25,Minggu,6:21 pm,bingung,Meditasi | Dota 2 | Podcast | Buku Audio | Menonton Serial | Berita Terkini | Makan Enak | YouTube | Bermain Game | Surel | Sahabat Pena | Catatan Berat Badan,Biasa,Netral
02/05/2018,May-02,Rabu,10:33 am,bingung,,Biasa,Netral
16/06/2020,Jun-16,Selasa,9:13 pm,diberkati,Membaca | Belajar | Jalan Kaki | Meditasi | Dota 2 | Menulis | Menonton Serial | Makan Enak | Reddit | Belajar Bahasa | Streaming | YouTube | Tidur Siang Singkat | Mendengarkan Lagu | Sahabat Pena | Cinta,Baik,Positif
22/09/2020,Sep-22,Selasa,9:00 pm,lemah,Belajar | Seni | Berdoa | Berpuasa | Membaca Quran | Jalan Kaki | Buku Audio | Menulis | Menonton Serial | Berita Terkini | Makan Enak | Reddit | Belajar Bahasa | Streaming | YouTube | Memasak | Membersihkan Rumah | Penelitian | Hal Baru | Tidur Siang Singkat | Mendengarkan Lagu | Sahabat Pena | Coding | Tutorial,Biasa,Netral
07/08/2020,Aug-07,Jumat,7:19 am,marah,Membaca | Belajar | Seni | Berdoa | Berpuasa | Membaca Quran | Jalan Kaki | Meditasi | Mandi | Dota 2 | Podcast | Buku Audio | Menulis | Menonton Serial | Berita Terkini | Makan Enak | Reddit | Belajar Bahasa | Streaming | YouTube | Menonton Film | Bermain Game | Hal Baru | Keluarga | Tidur Siang Singkat | Mendengarkan Lagu | Desain | Dokumenter | Cinta | Rekaman,Sangat Buruk,Negatif
28/05/2018,May-28,Senin,2:55 pm,keren,YouTube | Surel | Pekerjaan,Luar Biasa,Positif
30/09/2020,Sep-30,Rabu,9:42 pm,bertanya-tanya,Seni | Berpuasa | Jalan Kaki | Podcast | Buku Audio | Menonton Serial | Berita Terkini | Makan Enak | Reddit | Belajar Bahasa | Streaming | YouTube | Membersihkan Rumah | Penelitian | Tidur Siang Singkat | Dokumenter | Sahabat Pena | Coding | Tutorial,Biasa,Netral
13/09/2018,Sep-13,Kamis,10:04 am,sakit,Buku Audio | Berita Terkini | Tidur Siang Singkat,Buruk,Negatif
13/02/2018,Feb-13,Selasa,2:00 pm,marah,Makan Enak | YouTube | Surel,Sangat Buruk,Negatif
11/08/2020,Aug-11,Selasa,9:00 pm,bertanya-tanya,Membaca | Seni | Berdoa | Berpuasa | Membaca Quran | Jalan Kaki | Meditasi | Mandi | Podcast | Buku Audio | Menulis | Menonton Serial | Berita Terkini | Makan Enak | Reddit | Belajar Bahasa | Poetry | Streaming | YouTube | Membersihkan Rumah | Tidur Siang Singkat | Mendengarkan Lagu | Desain | Dokumenter | Cinta,Biasa,Netral
31/03/2018,Mar-31,Sabtu,10:00 am,bingung,,Biasa,Netral
24/09/2020,Sep-24,Kamis,9:32 pm,tersulut emosi,Belajar | Berdoa | Berpuasa | Membaca Quran | Jalan Kaki | Mandi | Buku Audio | Menulis | Menonton Serial | Berita Terkini | Makan Enak | Reddit | Belajar Bahasa | Streaming | YouTube | Membersihkan Rumah | Penelitian | Hal Baru | Sahabat Pena | Coding | Tutorial,Sangat Buruk,Negatif
06/02/2018,Feb-06,Selasa,2:39 pm,biasa saja,Berpuasa | Dota 2 | Menonton Serial | Makan Enak | Catatan Berat Badan,Biasa,Netral
07/02/2018,Feb-07,Rabu,5:20 pm,sakit,Jalan Kaki | Buku Audio | Penelitian | Keluarga | Rumah Sakit,Buruk,Negatif
27/03/2018,Mar-27,Selasa,2:09 pm,bertanya-tanya,Dota 2 | Streaming | YouTube | Penelitian | Surel,Biasa,Netral
29/09/2020,Sep-29,Selasa,9:41 pm,takut,Seni | Berpuasa | Jalan Kaki | Menonton Serial | Berita Terkini | Makan Enak | Reddit | Streaming | YouTube | Memasak | Penelitian | Hal Baru | Tidur Siang Singkat | Dokumenter | Sahabat Pena | Coding | Tutorial,Buruk,Negatif
23/08/2020,Aug-23,Minggu,9:01 pm,baik,Membaca | Seni | Berdoa | Berpuasa | Olahraga | Membaca Quran | Jalan Kaki | Meditasi | Mandi | Dota 2 | Buku Audio | Menulis | Menonton Serial | Berita Terkini | Makan Enak | Reddit | Belajar Bahasa | Streaming | YouTube | Membersihkan Rumah | Penelitian | Hal Baru | Keluarga | Desain | Dokumenter | Teman | Sahabat Pena | Coding | Tutorial | Cinta | Rekaman,Baik,Positif
06/08/2020,Aug-06,Kamis,9:02 pm,buruk,Seni | Berdoa | Berpuasa | Membaca Quran | Jalan Kaki | Meditasi | Mandi | Dota 2 | Podcast | Buku Audio | Menulis | Berita Terkini | Makan Enak | Reddit | Belajar Bahasa | Bercukur | Streaming | YouTube | Penelitian | Keluarga | Tidur Siang Singkat | Mendengarkan Lagu | Desain | Cinta,Buruk,Negatif
01/03/2020,Mar-01,Minggu,9:10 pm,bersemangat,Berdoa | Berpuasa | Jalan Kaki | Meditasi | Mandi | Menonton Serial | Berita Terkini | Makan Enak | Reddit | Streaming | YouTube | Tidur Siang Singkat | Mendengarkan Lagu | Sahabat Pena | Diet Keto,Luar Biasa,Positif
15/09/2020,Sep-15,Selasa,10:19 pm,fokus,Belajar | Berita Terkini | Makan Enak | Reddit | Belajar Bahasa | Streaming | YouTube | Memasak | Penelitian | Hal Baru | Tidur Siang Singkat | Sahabat Pena | Coding | Tutorial | Cinta | Rekaman,Baik,Positif
13/09/2018,Sep-13,Kamis,2:07 pm,tersulut emosi,Dota 2,Sangat Buruk,Negatif
16/08/2020,Aug-16,Minggu,6:31 pm,sangat sedih,Seni | Berpuasa | Meditasi | Podcast | Buku Audio | Berita Terkini | Makan Enak | Reddit | Belajar Bahasa | YouTube | Cinta,Sangat Buruk,Negatif
01/07/2018,Jul-01,Minggu,7:31 pm,bingung,Membaca | Meditasi | Mandi | Dota 2 | Buku Audio | Menonton Serial | Streaming | YouTube | Menonton Film | Surel | Mendengarkan Lagu | Pekerjaan | Catatan Berat Badan,Biasa,Netral
27/10/2018,Oct-27,Sabtu,11:17 am,santai totalitas,Membaca | Meditasi | Berita Terkini | Sahabat Pena,Baik,Positif
08/04/2021,Apr-08,Kamis,11:07 pm,bersemangat,Membaca | Belajar | Seni | Meditasi | Mandi | Menulis | Menonton Serial | Makan Enak | Reddit | Belajar Bahasa | Streaming | YouTube | Memasak | Membersihkan Rumah | Penelitian | Hal Baru | Tidur Siang Singkat | Dokumenter | Sahabat Pena | Coding | Tutorial,Luar Biasa,Positif
30/04/2019,Apr-30,Selasa,10:22 am,santai totalitas,Jalan Kaki | Dota 2 | Podcast | Buku Audio | Berita Terkini | Makan Enak | Reddit | Streaming | YouTube | Surel | Desain | Catatan Berat Badan,Baik,Positif
11/12/2020,Dec-11,Jumat,9:04 pm,sangat sedih,Belajar | Jalan Kaki | Buku Audio | Menulis | Menonton Serial | Streaming | YouTube | Membersihkan Rumah | Penelitian | Hal Baru | Sahabat Pena | Coding | Tutorial | Cinta,Sangat Buruk,Negatif
08/12/2020,Dec-08,Selasa,10:10 pm,khawatir,Membaca | Berdoa | Berpuasa | Jalan Kaki | Buku Audio | Menulis | Menonton Serial | Makan Enak | Reddit | Belajar Bahasa | Streaming | YouTube | Memasak | Traveling | Penelitian | Hal Baru | Sahabat Pena | Coding | Tutorial,Buruk,Negatif
06/02/2018,Feb-06,Selasa,9:56 am,buruk,Berpuasa | Jalan Kaki | Meditasi | Traveling | Rumah Sakit,Buruk,Negatif
06/03/2020,Mar-06,Jumat,9:01 pm,bersemangat,Berdoa | Berpuasa | Jalan Kaki | Meditasi | Mandi | Buku Audio | Menulis | Menonton Serial | Berita Terkini | Makan Enak | Reddit | Streaming | YouTube | Tidur Siang Singkat | Mendengarkan Lagu | Sahabat Pena,Luar Biasa,Positif
27/04/2019,Apr-27,Sabtu,1:44 pm,bertanya-tanya,Berpuasa | Podcast | Berita Terkini | Reddit | Streaming | YouTube | Sahabat Pena | Catatan Berat Badan,Biasa,Netral
11/01/2021,Jan-11,Senin,9:55 pm,keren,Membaca | Berpuasa | Meditasi | Mandi | Buku Audio | Menulis | Menonton Serial | Berita Terkini | Makan Enak | Reddit | Belajar Bahasa | Yoga | Streaming | YouTube | Membersihkan Rumah | Penelitian | Keluarga | Tidur Siang Singkat | Perbaikan | Dokumenter | Sahabat Pena | Coding | Tutorial | Cinta,Luar Biasa,Positif
14/02/2018,Feb-14,Rabu,7:01 pm,tersulut emosi,Jalan Kaki | YouTube | Mendengarkan Lagu,Sangat Buruk,Negatif
15/11/2019,Nov-15,Jumat,8:30 pm,diberkati,Berpuasa | Jalan Kaki | Meditasi | Buku Audio | Menonton Serial | Berita Terkini | Makan Enak | Reddit | YouTube | Diet Keto | Catatan Berat Badan,Baik,Positif
17/09/2019,Sep-17,Selasa,1:36 pm,bingung,Seni | Berpuasa | Meditasi | Berita Terkini | Reddit | Desain,Biasa,Netral
03/08/2020,Aug-03,Senin,9:50 pm,diberkati,Seni | Menulis Jurnal | Berdoa | Berpuasa | Membaca Quran | Jalan Kaki | Meditasi | Mandi | Dota 2 | Podcast | Buku Audio | Menulis | Menonton Serial | Berita Terkini | Makan Enak | Reddit | Belajar Bahasa | Streaming | YouTube | Membersihkan Rumah | Tidur Siang Singkat | Mendengarkan Lagu | Desain | Cinta,Baik,Positif
05/01/2020,Jan-05,Minggu,9:10 pm,fokus,Berpuasa | Jalan Kaki | Meditasi | Mandi | Dota 2 | Buku Audio | Menonton Serial | Berita Terkini | Makan Enak | Streaming | YouTube | Diet Keto | Catatan Berat Badan,Baik,Positif
06/03/2020,Mar-06,Jumat,9:01 pm,bersemangat,Berdoa | Berpuasa | Jalan Kaki | Meditasi | Mandi | Buku Audio | Menulis | Menonton Serial | Berita Terkini | Makan Enak | Reddit | Streaming | YouTube | Tidur Siang Singkat | Mendengarkan Lagu | Sahabat Pena,Luar Biasa,Positif
27/09/2020,Sep-27,Minggu,9:00 pm,santai,Berdoa | Berpuasa | Olahraga | Membaca Quran | Jalan Kaki | Meditasi | Buku Audio | Menonton Serial | Berita Terkini | Makan Enak | Reddit | Belajar Bahasa | Streaming | YouTube | Memasak | Membersihkan Rumah | Penelitian | Hal Baru | Tidur Siang Singkat | Dokumenter | Sahabat Pena | Coding | Tutorial,Baik,Positif
16/10/2020,Oct-16,Jumat,9:18 pm,lemah,Belajar | Seni | Berdoa | Berpuasa | Jalan Kaki | Meditasi | Mandi | Dota 2 | Buku Audio | Menulis | Menonton Serial | Berita Terkini | Makan Enak | Reddit | Belajar Bahasa | Streaming | YouTube | Memasak | Membersihkan Rumah | Penelitian | Hal Baru | Tidur Siang Singkat | Mendengarkan Lagu | Dokumenter | Sahabat Pena | Coding | Tutorial,Biasa,Netral
18/11/2019,Nov-18,Senin,10:54 pm,biasa saja,Berdoa | Berpuasa | Jalan Kaki | Meditasi | Mandi | Buku Audio | Menulis | Berita Terkini | Makan Enak | Reddit | Streaming | YouTube | Tidur Siang Singkat | Mendengarkan Lagu | Diet Keto | Catatan Berat Badan,Biasa,Netral
14/02/2018,Feb-14,Rabu,1:40 pm,marah,Dota 2 | YouTube | Bermain Game,Sangat Buruk,Negatif
09/04/2020,Apr-09,Kamis,9:17 pm,sangat sedih,Berdoa | Berpuasa | Membaca Quran | Jalan Kaki | Meditasi | Mandi | Menulis | Menonton Serial | Berita Terkini | Makan Enak | Reddit | Streaming | YouTube | Menonton Film | Keluarga | Tidur Siang Singkat | Mendengarkan Lagu | Desain | Sahabat Pena,Sangat Buruk,Negatif
03/05/2018,May-03,Kamis,7:18 pm,diberkati,Berdoa | Mandi | Dota 2 | Podcast | YouTube,Baik,Positif
19/12/2018,Dec-19,Rabu,10:06 pm,lapar,Jalan Kaki | Meditasi | Dota 2 | Podcast | Buku Audio | Berita Terkini | Makan Enak | Streaming | YouTube | Bermain Game | Hal Baru | Desain,Baik,Positif
26/12/2020,Dec-26,Sabtu,9:38 pm,bertanya-tanya,Membaca | Belajar | Jalan Kaki | Buku Audio | Menulis | Menonton Serial | Makan Enak | Reddit | Streaming | YouTube | Memasak | Membersihkan Rumah | Penelitian | Tidur Siang Singkat | Desain | Perbaikan | Sahabat Pena | Coding | Tutorial,Biasa,Netral
14/02/2021,Feb-14,Minggu,12:17 pm,khawatir,Membaca | Belajar | Berpuasa | Jalan Kaki | Menulis | Menonton Serial | Berita Terkini | Makan Enak | Reddit | Belajar Bahasa | Streaming | YouTube | Memasak | Membersihkan Rumah | Penelitian | Hal Baru | Tidur Siang Singkat | Dokumenter | Sahabat Pena | Coding | Tutorial,Buruk,Negatif
29/01/2020,Jan-29,Rabu,9:45 pm,bersemangat,Berpuasa | Jalan Kaki | Meditasi | Dota 2 | Podcast | Buku Audio | Menonton Serial | Berita Terkini | Makan Enak | Reddit | Streaming | YouTube | Diet Keto | Catatan Berat Badan,Luar Biasa,Positif
02/11/2020,Nov-02,Senin,9:03 pm,keren,Belajar | Mandi | Podcast | Buku Audio | Menulis | Berita Terkini | Makan Enak | Reddit | Belajar Bahasa | Streaming | YouTube | Menonton Film | Memasak | Membersihkan Rumah | Penelitian | Hal Baru | Tidur Siang Singkat | Mendengarkan Lagu | Desain | Dokumenter | Sahabat Pena | Coding | Tutorial | Cinta | Rekaman,Luar Biasa,Positif
24/04/2018,Apr-24,Selasa,2:00 pm,bingung,,Biasa,Netral
28/03/2018,Mar-28,Rabu,2:00 pm,diberkati,,Baik,Positif
12/09/2018,Sep-12,Rabu,10:00 am,bingung,Berita Terkini | Surel | Sahabat Pena,Biasa,Netral
01/05/2018,May-01,Selasa,7:00 pm,bingung,Menonton Serial | Makan Enak | Streaming | YouTube | Penelitian,Biasa,Netral
17/06/2018,Jun-17,Minggu,2:01 pm,khawatir,Streaming | YouTube | Menonton Film,Buruk,Negatif
11/02/2018,Feb-11,Minggu,7:29 pm,diberkati,Berdoa | Jalan Kaki | Meditasi | Mandi | Dota 2 | Makan Enak | Streaming | YouTube,Baik,Positif
06/12/2020,Dec-06,Minggu,10:30 pm,takut,Membaca | Belajar | Berdoa | Berpuasa | Jalan Kaki | Meditasi | Mandi | Buku Audio | Menulis | Menonton Serial | Berita Terkini | Makan Enak | Reddit | Belajar Bahasa | Streaming | YouTube | Memasak | Hal Baru | Tidur Siang Singkat | Mendengarkan Lagu | Dokumenter | Sahabat Pena | Coding | Tutorial | Cinta,Buruk,Negatif
16/09/2020,Sep-16,Rabu,5:06 pm,sangat sedih,Seni | Berdoa | Berpuasa | Jalan Kaki | Mandi | Buku Audio | Menonton Serial | Makan Enak | Reddit | Belajar Bahasa | Streaming | YouTube | Memasak | Penelitian | Tidur Siang Singkat | Dokumenter | Coding | Tutorial | Cinta,Sangat Buruk,Negatif
10/09/2020,Sep-10,Kamis,8:26 pm,bersemangat,Membaca | Belajar | Seni | Berdoa | Berpuasa | Membaca Quran | Jalan Kaki | Meditasi | Mandi | Buku Audio | Menulis | Menonton Serial | Berita Terkini | Makan Enak | Reddit | Belajar Bahasa | Yoga | Bercukur | Merapikan Rambut | Poetry | Streaming | YouTube | Memasak | Meditasi Holotropik | Membersihkan Rumah | Penelitian | Hal Baru | Mendengarkan Lagu | Dokumenter | Sahabat Pena | Coding | Tutorial | Rekaman,Luar Biasa,Positif
02/05/2018,May-02,Rabu,8:23 pm,sangat sedih,Dota 2 | Streaming | YouTube,Sangat Buruk,Negatif
06/02/2018,Feb-06,Selasa,9:56 am,buruk,Berpuasa | Jalan Kaki | Meditasi | Traveling | Rumah Sakit,Buruk,Negatif
30/04/2018,Apr-30,Senin,9:17 pm,diberkati,Meditasi | Mandi | Podcast | Menonton Serial | Makan Enak | Streaming | YouTube | Surel | Desain,Baik,Positif
28/08/2020,Aug-28,Jumat,10:04 pm,sangat sedih,Berdoa | Berpuasa | Membaca Quran | Jalan Kaki | Meditasi | Mandi | Podcast | Buku Audio | Menonton Serial | Berita Terkini | Makan Enak | Reddit | Belajar Bahasa | Streaming | YouTube | Memasak | Keluarga | Tidur Siang Singkat | Sahabat Pena | Coding | Rekaman,Sangat Buruk,Negatif
17/06/2018,Jun-17,Minggu,2:01 pm,khawatir,Streaming | YouTube | Menonton Film,Buruk,Negatif
29/04/2018,Apr-29,Minggu,11:42 am,khawatir,,Buruk,Negatif
28/02/2019,Feb-28,Kamis,10:00 am,diberkati,Menulis Jurnal | Meditasi | Mandi | Podcast | Buku Audio | Menonton Serial | Reddit | YouTube | Sahabat Pena,Baik,Positif
11/06/2020,Jun-11,Kamis,10:57 pm,lemah,Jalan Kaki | Meditasi | Mandi | Buku Audio | Menulis | Berita Terkini | Makan Enak | Reddit | Belajar Bahasa | Streaming | YouTube | Tidur Siang Singkat | Mendengarkan Lagu,Biasa,Netral
09/04/2018,Apr-09,Senin,7:52 pm,khawatir,Dota 2 | Podcast | Buku Audio | Streaming | YouTube | Mendengarkan Lagu,Buruk,Negatif
10/02/2018,Feb-10,Sabtu,2:00 pm,tersulut emosi,Dota 2 | Streaming | YouTube,Sangat Buruk,Negatif
05/05/2018,May-05,Sabtu,10:14 am,bingung,,Biasa,Netral
10/02/2018,Feb-10,Sabtu,7:00 pm,sangat bahagia,Membaca | Jalan Kaki | Buku Audio | Makan Enak | Traveling | Penelitian | Mendengarkan Lagu,Luar Biasa,Positif
07/04/2018,Apr-07,Sabtu,1:27 pm,lemah,Dota 2 | Makan Enak | Streaming | Traveling,Biasa,Netral
15/01/2021,Jan-15,Jumat,9:35 pm,bersemangat,Membaca | Belajar | Berdoa | Berpuasa | Meditasi | Mandi | Dota 2 | Buku Audio | Menulis | Menonton Serial | Berita Terkini | Reddit | Streaming | YouTube | Memasak | Membersihkan Rumah | Penelitian | Tidur Siang Singkat | Dokumenter | Sahabat Pena | Coding | Tutorial,Luar Biasa,Positif
08/03/2021,Mar-08,Senin,1:04 pm,biasa saja,Belajar | Berdoa | Berpuasa | Jalan Kaki | Meditasi | Mandi | Buku Audio | Menulis | Menonton Serial | Makan Enak | Reddit | Belajar Bahasa | Streaming | YouTube | Memasak | Membersihkan Rumah | Penelitian | Tidur Siang Singkat | Dokumenter | Sahabat Pena | Coding | Tutorial,Biasa,Netral
12/02/2018,Feb-12,Senin,11:10 am,bersemangat,Dota 2 | Streaming | YouTube,Luar Biasa,Positif
01/03/2018,Mar-01,Kamis,8:05 pm,khawatir,Dota 2 | Streaming | YouTube,Buruk,Negatif
06/02/2018,Feb-06,Selasa,9:56 am,buruk,Berpuasa | Jalan Kaki | Meditasi | Traveling | Rumah Sakit,Buruk,Negatif
10/09/2018,Sep-10,Senin,2:00 pm,bingung,Berita Terkini | Makan Enak | YouTube,Biasa,Netral
13/09/2018,Sep-13,Kamis,2:07 pm,tersulut emosi,Dota 2,Sangat Buruk,Negatif
09/10/2020,Oct-09,Jumat,9:00 pm,khawatir,Belajar | Berdoa | Berpuasa | Olahraga | Membaca Quran | Jalan Kaki | Mandi | Buku Audio | Menonton Serial | Berita Terkini | Makan Enak | Reddit | Belajar Bahasa | Streaming | YouTube | Memasak | Membersihkan Rumah | Penelitian | Hal Baru | Tidur Siang Singkat | Surel | Dokumenter | Sahabat Pena | Coding | Tutorial,Buruk,Negatif
14/02/2021,Feb-14,Minggu,12:17 pm,khawatir,Membaca | Belajar | Berpuasa | Jalan Kaki | Menulis | Menonton Serial | Berita Terkini | Makan Enak | Reddit | Belajar Bahasa | Streaming | YouTube | Memasak | Membersihkan Rumah | Penelitian | Hal Baru | Tidur Siang Singkat | Dokumenter | Sahabat Pena | Coding | Tutorial,Buruk,Negatif
10/09/2018,Sep-10,Senin,11:05 am,bertanya-tanya,Menonton Serial | Berita Terkini | Makan Enak | YouTube | Sahabat Pena,Biasa,Netral
25/11/2019,Nov-25,Senin,9:32 pm,lapar,Berpuasa | Jalan Kaki | Meditasi | Mandi | Buku Audio | Makan Enak | Reddit | Streaming | YouTube | Diet Keto | Catatan Berat Badan,Baik,Positif
19/06/2020,Jun-19,Jumat,9:00 pm,hari paling bahagia,Membaca | Seni | Berdoa | Berpuasa | Membaca Quran | Jalan Kaki | Meditasi | Mandi | Dota 2 | Podcast | Buku Audio | Menulis | Menonton Serial | Berita Terkini | Makan Enak | Reddit | Streaming | YouTube | Tidur Siang Singkat | Mendengarkan Lagu | Dokumenter | Sahabat Pena | Cinta,Luar Biasa,Positif
23/07/2020,Jul-23,Kamis,7:40 pm,sangat bahagia,Belajar | Seni | Berdoa | Berpuasa | Membaca Quran | Jalan Kaki | Meditasi | Mandi | Dota 2 | Buku Audio | Menulis | Menonton Serial | Berita Terkini | Makan Enak | Belajar Bahasa | Streaming | YouTube | Membersihkan Rumah | Penelitian | Dokumenter | Tutorial | Cinta,Luar Biasa,Positif
18/09/2020,Sep-18,Jumat,7:44 pm,tersulut emosi,Belajar | Berdoa | Berpuasa | Membaca Quran | Jalan Kaki | Meditasi | Mandi | Buku Audio | Menulis | Menonton Serial | Berita Terkini | Reddit | Belajar Bahasa | Streaming | YouTube | Memasak | Membersihkan Rumah | Penelitian | Hal Baru | Mendengarkan Lagu | Dokumenter | Sahabat Pena | Coding | Tutorial,Sangat Buruk,Negatif
07/05/2020,May-07,Kamis,9:28 pm,bersemangat,Membaca | Belajar | Seni | Menulis Jurnal | Berdoa | Berpuasa | Membaca Quran | Jalan Kaki | Meditasi | Mandi | Buku Audio | Menulis | Berita Terkini | Makan Enak | Reddit | Streaming | YouTube | Penelitian | Tidur Siang Singkat | Mendengarkan Lagu | Desain,Luar Biasa,Positif
26/02/2018,Feb-26,Senin,7:18 am,sangat bahagia,Membaca | Berdoa | Penelitian | Hal Baru | Tidur Siang Singkat,Luar Biasa,Positif
18/09/2018,Sep-18,Selasa,10:49 am,khawatir,Berdoa,Buruk,Negatif
25/10/2018,Oct-25,Kamis,10:03 am,bertanya-tanya,Berita Terkini | Sahabat Pena,Biasa,Netral
20/05/2020,May-20,Rabu,3:12 pm,marah,Membaca | Belajar | Seni | Berdoa | Berpuasa | Olahraga | Membaca Quran | Jalan Kaki | Meditasi | Mandi | Podcast | Buku Audio | Menulis | Berita Terkini | Makan Enak | Reddit | Belajar Bahasa | Streaming | YouTube | Penelitian | Tidur Siang Singkat | Surel | Mendengarkan Lagu,Sangat Buruk,Negatif
02/04/2021,Apr-02,Jumat,9:12 pm,bersemangat,Membaca | Belajar | Seni | Berdoa | Berpuasa | Jalan Kaki | Meditasi | Mandi | Buku Audio | Menulis | Menonton Serial | Makan Enak | Reddit | Belajar Bahasa | Poetry | Streaming | YouTube | Memasak | Traveling | Membersihkan Rumah | Penelitian | Hal Baru | Tidur Siang Singkat | Desain | Dokumenter | Sahabat Pena | Coding | Tutorial,Luar Biasa,Positif
01/09/2020,Sep-01,Selasa,7:52 pm,santai,Membaca | Belajar | Seni | Berpuasa | Membaca Quran | Jalan Kaki | Meditasi | Buku Audio | Menulis | Menonton Serial | Berita Terkini | Makan Enak | Reddit | Belajar Bahasa | Streaming | YouTube | Menonton Film | Tidur Siang Singkat | Mendengarkan Lagu | Dokumenter | Sahabat Pena | Coding | Tutorial | Rekaman,Baik,Positif
06/07/2018,Jul-06,Jumat,2:15 pm,tersulut emosi,Berdoa | Berpuasa | Meditasi | Mandi | Streaming | YouTube,Sangat Buruk,Negatif
11/09/2018,Sep-11,Selasa,11:28 am,bertanya-tanya,Dota 2 | Podcast | Buku Audio | Berita Terkini | YouTube | Sahabat Pena,Biasa,Netral
25/12/2018,Dec-25,Selasa,11:51 am,bertanya-tanya,Membaca | Meditasi | Mandi | Podcast | Berita Terkini | Makan Enak | Streaming | YouTube | Bermain Game | Sahabat Pena | Catatan Berat Badan,Biasa,Netral
12/03/2018,Mar-12,Senin,2:17 pm,khawatir,,Buruk,Negatif
19/08/2020,Aug-19,Rabu,1:53 pm,khawatir,Berpuasa | Berita Terkini | Makan Enak | Reddit | Belajar Bahasa | Streaming | YouTube | Keluarga | Dokumenter | Cinta,Buruk,Negatif
09/02/2020,Feb-09,Minggu,9:00 pm,diberkati,Berpuasa | Jalan Kaki | Meditasi | Dota 2 | Podcast | Buku Audio | Menonton Serial | Berita Terkini | Makan Enak | Reddit | Streaming | YouTube | Sahabat Pena | Diet Keto,Baik,Positif
03/04/2018,Apr-03,Selasa,2:00 pm,sakit,Makan Enak | Streaming | Traveling,Buruk,Negatif
03/02/2018,Feb-03,Sabtu,3:12 pm,biasa saja,Jalan Kaki | Meditasi | Dota 2 | Buku Audio | Streaming | Traveling | Penelitian | Hal Baru,Biasa,Netral
07/05/2020,May-07,Kamis,9:28 pm,bersemangat,Membaca | Belajar | Seni | Menulis Jurnal | Berdoa | Berpuasa | Membaca Quran | Jalan Kaki | Meditasi | Mandi | Buku Audio | Menulis | Berita Terkini | Makan Enak | Reddit | Streaming | YouTube | Penelitian | Tidur Siang Singkat | Mendengarkan Lagu | Desain,Luar Biasa,Positif
02/08/2020,Aug-02,Minggu,9:02 pm,biasa saja,Membaca | Berdoa | Berpuasa | Membaca Quran | Jalan Kaki | Meditasi | Mandi | Dota 2 | Podcast | Buku Audio | Menulis | Menonton Serial | Berita Terkini | Makan Enak | Reddit | Belajar Bahasa | Streaming | YouTube | Membersihkan Rumah | Penelitian | Keluarga | Tidur Siang Singkat | Dokumenter,Biasa,Netral
07/07/2020,Jul-07,Selasa,9:40 pm,lemah,Membaca | Berdoa | Berpuasa | Membaca Quran | Jalan Kaki | Meditasi | Dota 2 | Podcast | Buku Audio | Menulis | Menonton Serial | Berita Terkini | Makan Enak | Reddit | Belajar Bahasa | Streaming | YouTube | Keluarga | Mendengarkan Lagu | Cinta,Biasa,Netral
20/12/2020,Dec-20,Minggu,3:21 am,fokus,Membaca | Belajar | Seni | Menulis Jurnal | Berdoa | Berpuasa | Jalan Kaki | Mandi | Menulis | Reddit | Belajar Bahasa | Streaming | YouTube | Memasak | Penelitian | Hal Baru | Tidur Siang Singkat | Mendengarkan Lagu | Dokumenter | Sahabat Pena | Coding | Tutorial,Baik,Positif
24/02/2020,Feb-24,Senin,9:09 pm,lemah,Berdoa | Jalan Kaki | Meditasi | Mandi | Menonton Serial | Berita Terkini | Makan Enak | Reddit | Streaming | YouTube | Mendengarkan Lagu,Biasa,Netral
11/01/2021,Jan-11,Senin,9:55 pm,keren,Membaca | Berpuasa | Meditasi | Mandi | Buku Audio | Menulis | Menonton Serial | Berita Terkini | Makan Enak | Reddit | Belajar Bahasa | Yoga | Streaming | YouTube | Membersihkan Rumah | Penelitian | Keluarga | Tidur Siang Singkat | Perbaikan | Dokumenter | Sahabat Pena | Coding | Tutorial | Cinta,Luar Biasa,Positif
12/11/2018,Nov-12,Senin,1:40 pm,keren,Membaca | Meditasi | Menonton Serial | Berita Terkini | Makan Enak | Streaming | YouTube | Sahabat Pena,Luar Biasa,Positif
25/03/2021,Mar-25,Kamis,12:16 am,bertanya-tanya,Membaca | Belajar | Seni | Berdoa | Berpuasa | Jalan Kaki | Meditasi | Mandi | Podcast | Buku Audio | Menulis | Menonton Serial | Makan Enak | Reddit | Belajar Bahasa | Bercukur | Streaming | YouTube | Memasak | Membersihkan Rumah | Penelitian | Hal Baru | Tidur Siang Singkat | Mendengarkan Lagu | Dokumenter | Sahabat Pena | Coding | Tutorial,Biasa,Netral
24/08/2020,Aug-24,Senin,10:12 pm,biasa saja,Seni | Menulis Jurnal | Berdoa | Berpuasa | Membaca Quran | Jalan Kaki | Meditasi | Mandi | Dota 2 | Buku Audio | Menulis | Menonton Serial | Berita Terkini | Makan Enak | Reddit | Belajar Bahasa | Streaming | YouTube | Menonton Film | Membersihkan Rumah | Hal Baru | Dokumenter | Coding | Rekaman | Edit Video,Biasa,Netral
05/08/2020,Aug-05,Rabu,2:43 pm,sangat buruk,Membaca | Belajar | Seni | Berdoa | Berpuasa | Membaca Quran | Jalan Kaki | Meditasi | Mandi | Dota 2 | Podcast | Buku Audio | Menulis | Menonton Serial | Berita Terkini | Makan Enak | Reddit | Belajar Bahasa | Streaming | YouTube | Penelitian | Keluarga | Tidur Siang Singkat | Mendengarkan Lagu | Dokumenter | Cinta,Sangat Buruk,Negatif
29/08/2020,Aug-29,Sabtu,9:01 pm,takut,Belajar | Seni | Berdoa | Berpuasa | Membaca Quran | Jalan Kaki | Meditasi | Mandi | Podcast | Buku Audio | Menonton Serial | Berita Terkini | Makan Enak | Reddit | Belajar Bahasa | Streaming | YouTube | Traveling | Dokumenter | Coding | Rekaman,Buruk,Negatif
12/12/2020,Dec-12,Sabtu,9:16 pm,khawatir,Belajar | Seni | Jalan Kaki | Mandi | Dota 2 | Buku Audio | Menulis | Menonton Serial | Berita Terkini | Makan Enak | Reddit | Belajar Bahasa | Streaming | YouTube | Memasak | Penelitian | Hal Baru | Tidur Siang Singkat | Mendengarkan Lagu | Sahabat Pena | Coding | Tutorial,Buruk,Negatif
17/09/2019,Sep-17,Selasa,1:36 pm,bingung,Seni | Berpuasa | Meditasi | Berita Terkini | Reddit | Desain,Biasa,Netral
20/06/2020,Jun-20,Sabtu,9:20 pm,lemah,Membaca | Berdoa | Berpuasa | Membaca Quran | Jalan Kaki | Meditasi | Buku Audio | Berita Terkini | Makan Enak | Reddit | Streaming | YouTube | Keluarga | Tidur Siang Singkat | Mendengarkan Lagu | Desain | Dokumenter | Cinta,Biasa,Netral
01/03/2019,Mar-01,Jumat,12:28 pm,bingung,Berdoa | Berita Terkini | Makan Enak | Reddit | Streaming | YouTube | Sahabat Pena,Biasa,Netral
13/01/2020,Jan-13,Senin,9:07 pm,bersemangat,Berpuasa | Jalan Kaki | Meditasi | Dota 2 | Buku Audio | Menonton Serial | Berita Terkini | Reddit | Streaming | YouTube,Luar Biasa,Positif
15/08/2020,Aug-15,Sabtu,7:19 pm,bingung,Belajar | Berdoa | Membaca Quran | Jalan Kaki | Meditasi | Podcast | Buku Audio | Menonton Serial | Berita Terkini | Reddit | Belajar Bahasa | Streaming | YouTube | Menonton Film | Mendengarkan Lagu | Dokumenter,Biasa,Netral
29/02/2020,Feb-29,Sabtu,9:04 pm,bersemangat,Berdoa | Jalan Kaki | Meditasi | Menonton Serial | Berita Terkini | Makan Enak | Reddit | Streaming | YouTube | Tidur Siang Singkat | Mendengarkan Lagu | Sahabat Pena,Luar Biasa,Positif
16/08/2020,Aug-16,Minggu,6:31 pm,sangat sedih,Seni | Berpuasa | Meditasi | Podcast | Buku Audio | Berita Terkini | Makan Enak | Reddit | Belajar Bahasa | YouTube | Cinta,Sangat Buruk,Negatif
14/10/2020,Oct-14,Rabu,9:49 pm,fokus,Belajar | Berpuasa | Jalan Kaki | Meditasi | Mandi | Buku Audio | Menulis | Menonton Serial | Berita Terkini | Makan Enak | Reddit | Belajar Bahasa | Poetry | Streaming | YouTube | Memasak | Membersihkan Rumah | Penelitian | Hal Baru | Tidur Siang Singkat | Surel | Mendengarkan Lagu | Perbaikan | Sahabat Pena | Coding | Tutorial,Baik,Positif
10/07/2018,Jul-10,Selasa,7:14 pm,santai,Mandi | Dota 2 | Makan Enak | Streaming | YouTube | Program Doktor | Pekerjaan,Baik,Positif
29/06/2020,Jun-29,Senin,9:00 pm,bertanya-tanya,Seni | Jalan Kaki | Buku Audio | Berita Terkini | Makan Enak | Reddit | Streaming | YouTube | Mendengarkan Lagu | Cinta,Biasa,Netral
07/03/2018,Mar-07,Rabu,7:37 pm,khawatir,Menonton Serial | Penelitian | Tidur Siang Singkat,Buruk,Negatif
28/02/2020,Feb-28,Jumat,10:28 pm,bersemangat,Seni | Berdoa | Berpuasa | Jalan Kaki | Meditasi | Dota 2 | Menonton Serial | Berita Terkini | Makan Enak | Reddit | Streaming | YouTube | Tidur Siang Singkat | Desain | Sahabat Pena | Diet Keto,Luar Biasa,Positif
27/04/2019,Apr-27,Sabtu,1:44 pm,bertanya-tanya,Berpuasa | Podcast | Berita Terkini | Reddit | Streaming | YouTube | Sahabat Pena | Catatan Berat Badan,Biasa,Netral
04/03/2020,Mar-04,Rabu,10:11 pm,sangat bahagia,Berpuasa | Jalan Kaki | Meditasi | Mandi | Dota 2 | Menonton Serial | Berita Terkini | Makan Enak | Reddit | Streaming | YouTube | Tidur Siang Singkat | Surel | Mendengarkan Lagu | Sahabat Pena,Luar Biasa,Positif
13/07/2020,Jul-13,Senin,11:47 pm,bingung,Seni | Berdoa | Membaca Quran | Jalan Kaki | Mandi | Dota 2 | Buku Audio | Menulis | Menonton Serial | Berita Terkini | Makan Enak | Reddit | Belajar Bahasa | Streaming | YouTube | Cinta,Biasa,Netral
05/07/2018,Jul-05,Kamis,7:51 pm,baik,Meditasi | Mandi | Dota 2 | Makan Enak | Streaming | YouTube | Surel | Catatan Berat Badan,Baik,Positif
26/10/2020,Oct-26,Senin,9:07 pm,lemah,Belajar | Berdoa | Berpuasa | Jalan Kaki | Meditasi | Mandi | Buku Audio | Menulis | Menonton Serial | Berita Terkini | Makan Enak | Reddit | Belajar Bahasa | Streaming | YouTube | Memasak | Penelitian | Hal Baru | Tidur Siang Singkat | Dokumenter | Coding | Tutorial,Biasa,Netral
08/05/2020,May-08,Jumat,10:59 am,keren,Membaca | Belajar | Seni | Menulis Jurnal | Berdoa | Berpuasa | Membaca Quran | Jalan Kaki | Meditasi | Mandi | Buku Audio | Menulis | Berita Terkini | Makan Enak | Reddit | Belajar Bahasa | Streaming | YouTube | Menonton Film | Penelitian | Hal Baru | Surel | Mendengarkan Lagu | Desain | Tutorial | Catatan Berat Badan,Luar Biasa,Positif
21/03/2018,Mar-21,Rabu,11:31 am,diberkati,Jalan Kaki | Meditasi | Streaming | YouTube,Baik,Positif
19/10/2020,Oct-19,Senin,9:50 pm,sangat sedih,Membaca | Belajar | Berdoa | Berpuasa | Membaca Quran | Jalan Kaki | Meditasi | Mandi | Dota 2 | Podcast | Buku Audio | Menulis | Menonton Serial | Berita Terkini | Makan Enak | Reddit | Belajar Bahasa | Streaming | YouTube | Memasak | Penelitian | Hal Baru | Mendengarkan Lagu | Dokumenter | Coding | Tutorial,Sangat Buruk,Negatif
07/06/2020,Jun-07,Minggu,9:07 pm,khawatir,Membaca | Seni | Menulis Jurnal | Jalan Kaki | Mandi | Podcast | Menulis | Berita Terkini | Makan Enak | Reddit | Belajar Bahasa | Streaming | YouTube | Tidur Siang Singkat | Mendengarkan Lagu | Sahabat Pena,Buruk,Negatif
12/09/2018,Sep-12,Rabu,7:03 pm,sakit,Dota 2 | YouTube,Buruk,Negatif
12/03/2018,Mar-12,Senin,2:17 pm,khawatir,,Buruk,Negatif
04/10/2020,Oct-04,Minggu,9:00 pm,bertanya-tanya,Belajar | Seni | Buku Audio | Menonton Serial | Berita Terkini | Makan Enak | Reddit | Belajar Bahasa | Poetry | Streaming | YouTube | Memasak | Membersihkan Rumah | Penelitian | Hal Baru | Tidur Siang Singkat | Mendengarkan Lagu | Dokumenter | Sahabat Pena | Coding | Tutorial | Cinta,Biasa,Netral
01/05/2019,May-01,Rabu,8:00 pm,bingung,Jalan Kaki | Podcast | Buku Audio | Berita Terkini | Makan Enak | Reddit | Streaming | YouTube | Surel | Desain | Catatan Berat Badan,Biasa,Netral
12/03/2018,Mar-12,Senin,2:17 pm,khawatir,,Buruk,Negatif
23/12/2018,Dec-23,Minggu,7:52 pm,sangat sedih,Dota 2 | Streaming | YouTube,Sangat Buruk,Negatif
13/04/2021,Apr-13,Selasa,2:38 am,bertanya-tanya,Membaca | Belajar | Seni | Berdoa | Berpuasa | Jalan Kaki | Meditasi | Buku Audio | Menulis | Menonton Serial | Berita Terkini | Makan Enak | Reddit | Belajar Bahasa | Bercukur | Streaming | YouTube | Memasak | Penelitian | Hal Baru | Tidur Siang Singkat | Dokumenter | Sahabat Pena | Coding | Tutorial,Biasa,Netral
16/09/2018,Sep-16,Minggu,10:06 am,bertanya-tanya,Berita Terkini | Sahabat Pena,Biasa,Netral
18/11/2020,Nov-18,Rabu,10:41 pm,bersemangat,Belajar | Berdoa | Berpuasa | Meditasi | Mandi | Buku Audio | Menulis | Menonton Serial | Berita Terkini | Makan Enak | Reddit | Belajar Bahasa | Streaming | YouTube | Memasak | Membersihkan Rumah | Penelitian | Hal Baru | Tidur Siang Singkat | Dokumenter | Sahabat Pena | Coding | Tutorial | Cinta,Luar Biasa,Positif
13/09/2018,Sep-13,Kamis,10:04 am,sakit,Buku Audio | Berita Terkini | Tidur Siang Singkat,Buruk,Negatif
06/02/2018,Feb-06,Selasa,8:39 pm,sakit,Dota 2 | Streaming | Keluarga,Buruk,Negatif
19/01/2020,Jan-19,Minggu,10:57 pm,bersemangat,Berpuasa | Jalan Kaki | Meditasi | Dota 2 | Buku Audio | Menonton Serial | Berita Terkini | Streaming | YouTube | Diet Keto,Luar Biasa,Positif
05/03/2018,Mar-05,Senin,7:02 pm,marah,Dota 2 | Streaming | YouTube,Sangat Buruk,Negatif
06/05/2018,May-06,Minggu,10:41 am,bingung,,Biasa,Netral
05/05/2018,May-05,Sabtu,10:14 am,bingung,,Biasa,Netral
24/11/2020,Nov-24,Selasa,9:10 pm,santai totalitas,Belajar | Berdoa | Berpuasa | Mandi | Buku Audio | Menulis | Menonton Serial | Berita Terkini | Makan Enak | Reddit | Belajar Bahasa | Streaming | YouTube | Memasak | Penelitian | Hal Baru | Tidur Siang Singkat | Dokumenter | Sahabat Pena | Coding | Tutorial | Cinta,Baik,Positif
29/11/2020,Nov-29,Minggu,10:55 am,bertanya-tanya,Membaca | Berpuasa | Mandi | Podcast | Buku Audio | Menulis | Menonton Serial | Berita Terkini | Makan Enak | Reddit | Belajar Bahasa | Streaming | YouTube | Menonton Film | Memasak | Penelitian | Hal Baru | Tidur Siang Singkat | Mendengarkan Lagu | Dokumenter | Sahabat Pena | Coding | Tutorial,Biasa,Netral
30/12/2019,Dec-30,Senin,9:00 pm,sangat bahagia,Berpuasa | Jalan Kaki | Meditasi | Podcast | Buku Audio | Menonton Serial | Berita Terkini | Makan Enak | Reddit | Streaming | YouTube | Diet Keto,Luar Biasa,Positif
07/03/2018,Mar-07,Rabu,11:39 am,khawatir,Dota 2,Buruk,Negatif
17/12/2020,Dec-17,Kamis,3:31 pm,tersulut emosi,Membaca | Belajar | Seni | Berpuasa | Mandi | Podcast | Buku Audio | Menulis | Menonton Serial | Makan Enak | Reddit | Belajar Bahasa | Streaming | YouTube | Memasak | Traveling | Penelitian | Hal Baru | Tidur Siang Singkat | Desain | Dokumenter | Sahabat Pena | Coding | Tutorial,Sangat Buruk,Negatif
12/01/2021,Jan-12,Selasa,9:46 pm,keren,Belajar | Jalan Kaki | Streaming | YouTube | Memasak | Penelitian | Hal Baru | Dokumenter | Coding,Luar Biasa,Positif
10/02/2018,Feb-10,Sabtu,2:00 pm,tersulut emosi,Dota 2 | Streaming | YouTube,Sangat Buruk,Negatif
04/07/2018,Jul-04,Rabu,11:14 am,lemah,,Biasa,Netral
13/09/2018,Sep-13,Kamis,10:04 am,sakit,Buku Audio | Berita Terkini | Tidur Siang Singkat,Buruk,Negatif
05/03/2018,Mar-05,Senin,10:44 am,tersulut emosi,Dota 2,Sangat Buruk,Negatif
06/03/2020,Mar-06,Jumat,9:01 pm,bersemangat,Berdoa | Berpuasa | Jalan Kaki | Meditasi | Mandi | Buku Audio | Menulis | Menonton Serial | Berita Terkini | Makan Enak | Reddit | Streaming | YouTube | Tidur Siang Singkat | Mendengarkan Lagu | Sahabat Pena,Luar Biasa,Positif
06/07/2018,Jul-06,Jumat,7:07 pm,tersulut emosi,Berpuasa | Dota 2,Sangat Buruk,Negatif
04/08/2020,Aug-04,Selasa,7:53 pm,buruk,Berdoa | Berpuasa | Olahraga | Membaca Quran | Jalan Kaki | Meditasi | Mandi | Dota 2 | Podcast | Buku Audio | Menulis | Menonton Serial | Berita Terkini | Makan Enak | Reddit | Belajar Bahasa | Streaming | YouTube | Penelitian | Tidur Siang Singkat | Mendengarkan Lagu | Desain | Dokumenter,Buruk,Negatif
18/01/2021,Jan-18,Senin,10:00 pm,santai totalitas,Membaca | Berdoa | Berpuasa | Meditasi | Mandi | Dota 2 | Podcast | Buku Audio | Menulis | Makan Enak | Streaming | YouTube | Menonton Film | Memasak | Membersihkan Rumah | Penelitian | Tidur Siang Singkat | Dokumenter | Sahabat Pena | Coding | Tutorial,Baik,Positif
25/02/2018,Feb-25,Minggu,7:04 pm,bersemangat,Dota 2 | Streaming | YouTube | Menonton Film,Luar Biasa,Positif
09/01/2019,Jan-09,Rabu,2:20 pm,bertanya-tanya,Dota 2 | Podcast | Menonton Serial | Berita Terkini | Makan Enak | Reddit | Streaming | YouTube,Biasa,Netral
19/07/2020,Jul-19,Minggu,9:03 pm,bingung,Belajar | Seni | Berdoa | Berpuasa | Membaca Quran | Jalan Kaki | Meditasi | Mandi | Dota 2 | Podcast | Buku Audio | Menulis | Menonton Serial | Berita Terkini | Makan Enak | Reddit | Belajar Bahasa | Streaming | YouTube | Membersihkan Rumah | Tidur Siang Singkat | Mendengarkan Lagu | Desain | Cinta,Biasa,Netral
11/04/2021,Apr-11,Minggu,12:21 am,bertanya-tanya,Membaca | Belajar | Berdoa | Berpuasa | Jalan Kaki | Meditasi | Mandi | Buku Audio | Menulis | Makan Enak | Reddit | Belajar Bahasa | Streaming | YouTube | Memasak | Membersihkan Rumah | Penelitian | Hal Baru | Tidur Siang Singkat | Dokumenter | Sahabat Pena | Coding | Tutorial,Biasa,Netral
14/06/2018,Jun-14,Kamis,3:00 pm,bertanya-tanya,Berdoa | Berpuasa | Mandi | Dota 2 | YouTube | Tidur Siang Singkat,Biasa,Netral
06/04/2018,Apr-06,Jumat,2:00 pm,diberkati,Berdoa | Dota 2 | Makan Enak | Streaming,Baik,Positif
07/10/2020,Oct-07,Rabu,9:11 pm,bingung,Belajar | Seni | Berdoa | Berpuasa | Membaca Quran | Jalan Kaki | Mandi | Buku Audio | Menonton Serial | Berita Terkini | Makan Enak | Reddit | Belajar Bahasa | Streaming | YouTube | Memasak | Traveling | Membersihkan Rumah | Penelitian | Hal Baru | Tidur Siang Singkat | Dokumenter | Sahabat Pena | Coding | Tutorial,Biasa,Netral
07/03/2018,Mar-07,Rabu,11:39 am,khawatir,Dota 2,Buruk,Negatif
25/03/2021,Mar-25,Kamis,12:16 am,bertanya-tanya,Membaca | Belajar | Seni | Berdoa | Berpuasa | Jalan Kaki | Meditasi | Mandi | Podcast | Buku Audio | Menulis | Menonton Serial | Makan Enak | Reddit | Belajar Bahasa | Bercukur | Streaming | YouTube | Memasak | Membersihkan Rumah | Penelitian | Hal Baru | Tidur Siang Singkat | Mendengarkan Lagu | Dokumenter | Sahabat Pena | Coding | Tutorial,Biasa,Netral
02/03/2020,Mar-02,Senin,9:00 pm,bersemangat,Berdoa | Berpuasa | Membaca Quran | Jalan Kaki | Meditasi | Mandi | Dota 2 | Buku Audio | Menonton Serial | Berita Terkini | Makan Enak | Reddit | Streaming | YouTube | Tidur Siang Singkat | Mendengarkan Lagu | Teman | Sahabat Pena | Diet Keto,Luar Biasa,Positif
17/08/2020,Aug-17,Senin,7:40 pm,bingung,Berdoa | Berpuasa | Membaca Quran | Jalan Kaki | Meditasi | Mandi | Buku Audio | Menonton Serial | Berita Terkini | Makan Enak | Reddit | Belajar Bahasa | Streaming | YouTube | Tidur Siang Singkat | Dokumenter | Cinta,Biasa,Netral
01/03/2021,Mar-01,Senin,8:02 pm,sangat buruk,Membaca | Belajar | Berpuasa | Meditasi | Buku Audio | Menulis | Menonton Serial | Berita Terkini | Makan Enak | Reddit | Belajar Bahasa | Streaming | YouTube | Memasak | Penelitian | Tidur Siang Singkat | Dokumenter | Coding | Tutorial,Sangat Buruk,Negatif
12/04/2021,Apr-12,Senin,9:52 pm,marah,Membaca | Belajar | Berpuasa | Jalan Kaki | Meditasi | Mandi | Menulis | Menonton Serial | Makan Enak | Reddit | Belajar Bahasa | Streaming | YouTube | Memasak | Membersihkan Rumah | Penelitian | Hal Baru | Tidur Siang Singkat | Dokumenter | Sahabat Pena | Coding | Tutorial,Sangat Buruk,Negatif
05/12/2018,Dec-05,Rabu,7:37 pm,takut,Jalan Kaki | Dota 2 | Podcast | Menonton Serial | Berita Terkini | Makan Enak | Streaming | YouTube | Desain,Buruk,Negatif
20/07/2020,Jul-20,Senin,9:12 pm,bertanya-tanya,Membaca | Belajar | Seni | Menulis Jurnal | Berdoa | Membaca Quran | Jalan Kaki | Meditasi | Mandi | Dota 2 | Podcast | Buku Audio | Menulis | Menonton Serial | Berita Terkini | Makan Enak | Reddit | Belajar Bahasa | Streaming | YouTube | Membersihkan Rumah | Penelitian | Hal Baru | Tidur Siang Singkat | Mendengarkan Lagu | Desain | Dokumenter | Tutorial | Cinta,Biasa,Netral
06/09/2020,Sep-06,Minggu,9:16 pm,sangat bahagia,Seni | Berpuasa | Membaca Quran | Jalan Kaki | Meditasi | Buku Audio | Menulis | Menonton Serial | Berita Terkini | Makan Enak | Reddit | Belajar Bahasa | Streaming | YouTube | Memasak | Meditasi Holotropik | Penelitian | Hal Baru | Tidur Siang Singkat | Dokumenter | Sahabat Pena | Coding | Tutorial | Rekaman,Luar Biasa,Positif
09/07/2018,Jul-09,Senin,9:58 am,bingung,,Biasa,Netral
17/07/2020,Jul-17,Jumat,7:51 am,takut,Membaca | Belajar | Seni | Berdoa | Membaca Quran | Jalan Kaki | Meditasi | Mandi | Dota 2 | Podcast | Buku Audio | Menulis | Menonton Serial | Berita Terkini | Makan Enak | Reddit | Belajar Bahasa | Streaming | YouTube | Membersihkan Rumah | Hal Baru | Keluarga | Tidur Siang Singkat | Mendengarkan Lagu | Desain | Dokumenter | Tutorial | Cinta | Rekaman,Buruk,Negatif
02/05/2018,May-02,Rabu,8:23 pm,sangat sedih,Dota 2 | Streaming | YouTube,Sangat Buruk,Negatif
14/02/2018,Feb-14,Rabu,10:22 am,tersulut emosi,Berdoa | YouTube | Catatan Berat Badan,Sangat Buruk,Negatif
04/12/2019,Dec-04,Rabu,9:07 pm,fokus,Berpuasa | Jalan Kaki | Meditasi | Buku Audio | Menonton Serial | Reddit | Streaming | YouTube | Diet Keto,Baik,Positif
28/03/2018,Mar-28,Rabu,7:22 pm,sangat bahagia,Dota 2 | Makan Enak | Streaming | YouTube,Luar Biasa,Positif
05/03/2021,Mar-05,Jumat,9:35 pm,bertanya-tanya,Berdoa | Jalan Kaki | Meditasi | Mandi | Buku Audio | Makan Enak | Reddit | Streaming | YouTube | Memasak | Tidur Siang Singkat | Surel | Dokumenter | Coding,Biasa,Netral
04/08/2020,Aug-04,Selasa,7:53 pm,buruk,Berdoa | Berpuasa | Olahraga | Membaca Quran | Jalan Kaki | Meditasi | Mandi | Dota 2 | Podcast | Buku Audio | Menulis | Menonton Serial | Berita Terkini | Makan Enak | Reddit | Belajar Bahasa | Streaming | YouTube | Penelitian | Tidur Siang Singkat | Mendengarkan Lagu | Desain | Dokumenter,Buruk,Negatif
13/12/2018,Dec-13,Kamis,11:22 am,diberkati,Meditasi | Dota 2 | Berita Terkini,Baik,Positif
02/12/2020,Dec-02,Rabu,2:59 am,bertanya-tanya,Membaca | Belajar | Seni | Berdoa | Berpuasa | Jalan Kaki | Meditasi | Mandi | Buku Audio | Menulis | Menonton Serial | Berita Terkini | Makan Enak | Reddit | Belajar Bahasa | Streaming | YouTube | Memasak | Membersihkan Rumah | Penelitian | Hal Baru | Tidur Siang Singkat | Dokumenter | Sahabat Pena | Coding | Tutorial | Cinta,Biasa,Netral
03/05/2020,May-03,Minggu,9:01 pm,bingung,Berdoa | Berpuasa | Membaca Quran | Jalan Kaki | Meditasi | Buku Audio | Menonton Serial | Berita Terkini | Makan Enak | Reddit | Streaming | YouTube | Tidur Siang Singkat | Mendengarkan Lagu,Biasa,Netral
30/12/2019,Dec-30,Senin,9:00 pm,sangat bahagia,Berpuasa | Jalan Kaki | Meditasi | Podcast | Buku Audio | Menonton Serial | Berita Terkini | Makan Enak | Reddit | Streaming | YouTube | Diet Keto,Luar Biasa,Positif
04/08/2020,Aug-04,Selasa,7:53 pm,buruk,Berdoa | Berpuasa | Olahraga | Membaca Quran | Jalan Kaki | Meditasi | Mandi | Dota 2 | Podcast | Buku Audio | Menulis | Menonton Serial | Berita Terkini | Makan Enak | Reddit | Belajar Bahasa | Streaming | YouTube | Penelitian | Tidur Siang Singkat | Mendengarkan Lagu | Desain | Dokumenter,Buruk,Negatif
04/04/2018,Apr-04,Rabu,7:10 pm,bingung,,Biasa,Netral
29/01/2021,Jan-29,Jumat,9:45 pm,bertanya-tanya,Membaca | Belajar | Berpuasa | Meditasi | Mandi | Menulis | Menonton Serial | Reddit | Belajar Bahasa | Streaming | YouTube | Menonton Film | Memasak | Membersihkan Rumah | Penelitian | Hal Baru | Tidur Siang Singkat | Dokumenter | Sahabat Pena | Pesta | Coding | Tutorial,Biasa,Netral
13/02/2018,Feb-13,Selasa,6:50 pm,marah,Dota 2 | Keluarga | Surel,Sangat Buruk,Negatif
11/10/2020,Oct-11,Minggu,11:35 pm,bingung,Belajar | Berpuasa | Jalan Kaki | Meditasi | Menonton Serial | Berita Terkini | Makan Enak | Reddit | Belajar Bahasa | Streaming | YouTube | Memasak | Membersihkan Rumah | Penelitian | Hal Baru | Tidur Siang Singkat | Sahabat Pena | Coding | Tutorial,Biasa,Netral
03/05/2018,May-03,Kamis,2:37 pm,bingung,Menonton Serial | Makan Enak | YouTube | Surel,Biasa,Netral
13/07/2020,Jul-13,Senin,11:47 pm,bingung,Seni | Berdoa | Membaca Quran | Jalan Kaki | Mandi | Dota 2 | Buku Audio | Menulis | Menonton Serial | Berita Terkini | Makan Enak | Reddit | Belajar Bahasa | Streaming | YouTube | Cinta,Biasa,Netral
06/02/2021,Feb-06,Sabtu,11:18 pm,fokus,Membaca | Belajar | Berpuasa | Jalan Kaki | Buku Audio | Menulis | Menonton Serial | Makan Enak | Reddit | Belajar Bahasa | Streaming | YouTube | Memasak | Membersihkan Rumah | Penelitian | Tidur Siang Singkat | Dokumenter | Sahabat Pena | Coding | Tutorial | Cinta,Baik,Positif
11/10/2020,Oct-11,Minggu,11:35 pm,bingung,Belajar | Berpuasa | Jalan Kaki | Meditasi | Menonton Serial | Berita Terkini | Makan Enak | Reddit | Belajar Bahasa | Streaming | YouTube | Memasak | Membersihkan Rumah | Penelitian | Hal Baru | Tidur Siang Singkat | Sahabat Pena | Coding | Tutorial,Biasa,Netral
07/02/2020,Feb-07,Jumat,9:12 pm,bingung,Berdoa | Berpuasa | Jalan Kaki | Meditasi | Mandi | Dota 2 | Podcast | Buku Audio | Menonton Serial | Berita Terkini | Makan Enak | Reddit | Streaming | YouTube | Teman | Sahabat Pena | Diet Keto,Biasa,Netral
27/06/2018,Jun-27,Rabu,7:00 pm,bingung,Mandi | Streaming | YouTube,Biasa,Netral
16/02/2018,Feb-16,Jumat,6:33 am,bingung,Berdoa | Mandi | Dota 2 | Makan Enak | YouTube | Keluarga,Biasa,Netral
02/05/2018,May-02,Rabu,10:33 am,bingung,,Biasa,Netral
16/11/2020,Nov-16,Senin,10:39 pm,fokus,Belajar | Seni | Berdoa | Berpuasa | Jalan Kaki | Meditasi | Mandi | Podcast | Buku Audio | Menonton Serial | Berita Terkini | Makan Enak | Reddit | Belajar Bahasa | Streaming | YouTube | Memasak | Membersihkan Rumah | Penelitian | Hal Baru | Tidur Siang Singkat | Desain | Perbaikan | Dokumenter | Sahabat Pena | Coding | Tutorial | Cinta | Rekaman,Baik,Positif
23/12/2018,Dec-23,Minggu,7:52 pm,sangat sedih,Dota 2 | Streaming | YouTube,Sangat Buruk,Negatif
14/01/2020,Jan-14,Selasa,9:00 pm,diberkati,Berpuasa | Jalan Kaki | Meditasi | Buku Audio | Menonton Serial | Berita Terkini | Makan Enak | Reddit | Streaming | YouTube | Diet Keto,Baik,Positif
08/03/2021,Mar-08,Senin,1:04 pm,biasa saja,Belajar | Berdoa | Berpuasa | Jalan Kaki | Meditasi | Mandi | Buku Audio | Menulis | Menonton Serial | Makan Enak | Reddit | Belajar Bahasa | Streaming | YouTube | Memasak | Membersihkan Rumah | Penelitian | Tidur Siang Singkat | Dokumenter | Sahabat Pena | Coding | Tutorial,Biasa,Netral
23/12/2018,Dec-23,Minggu,7:52 pm,sangat sedih,Dota 2 | Streaming | YouTube,Sangat Buruk,Negatif
19/09/2019,Sep-19,Kamis,2:02 pm,bingung,Berpuasa | Meditasi | Berita Terkini | Reddit | YouTube | Penelitian,Biasa,Netral
12/09/2020,Sep-12,Sabtu,8:57 pm,bersemangat,Belajar | Seni | Berdoa | Berpuasa | Membaca Quran | Jalan Kaki | Meditasi | Podcast | Buku Audio | Menonton Serial | Berita Terkini | Makan Enak | Reddit | Belajar Bahasa | Streaming | YouTube | Penelitian | Mendengarkan Lagu | Sahabat Pena | Coding | Tutorial | Rekaman,Luar Biasa,Positif
27/04/2019,Apr-27,Sabtu,1:44 pm,bertanya-tanya,Berpuasa | Podcast | Berita Terkini | Reddit | Streaming | YouTube | Sahabat Pena | Catatan Berat Badan,Biasa,Netral
02/12/2020,Dec-02,Rabu,2:59 am,bertanya-tanya,Membaca | Belajar | Seni | Berdoa | Berpuasa | Jalan Kaki | Meditasi | Mandi | Buku Audio | Menulis | Menonton Serial | Berita Terkini | Makan Enak | Reddit | Belajar Bahasa | Streaming | YouTube | Memasak | Membersihkan Rumah | Penelitian | Hal Baru | Tidur Siang Singkat | Dokumenter | Sahabat Pena | Coding | Tutorial | Cinta,Biasa,Netral
01/05/2018,May-01,Selasa,7:00 pm,bingung,Menonton Serial | Makan Enak | Streaming | YouTube | Penelitian,Biasa,Netral
18/02/2021,Feb-18,Kamis,8:27 pm,lemah,Belajar | Seni | Berdoa | Berpuasa | Meditasi | Mandi | Buku Audio | Menulis | Menonton Serial | Berita Terkini | Makan Enak | Reddit | Belajar Bahasa | Streaming | YouTube | Memasak | Membersihkan Rumah | Penelitian | Hal Baru | Tidur Siang Singkat | Dokumenter | Sahabat Pena | Coding | Tutorial,Biasa,Netral
05/05/2018,May-05,Sabtu,10:14 am,bingung,,Biasa,Netral
24/09/2020,Sep-24,Kamis,9:32 pm,tersulut emosi,Belajar | Berdoa | Berpuasa | Membaca Quran | Jalan Kaki | Mandi | Buku Audio | Menulis | Menonton Serial | Berita Terkini | Makan Enak | Reddit | Belajar Bahasa | Streaming | YouTube | Membersihkan Rumah | Penelitian | Hal Baru | Sahabat Pena | Coding | Tutorial,Sangat Buruk,Negatif
20/03/2020,Mar-20,Jumat,9:16 pm,bingung,Jalan Kaki | Meditasi | Dota 2 | Buku Audio | Menonton Serial | Berita Terkini | Makan Enak | Reddit | Streaming | YouTube,Biasa,Netral
20/10/2020,Oct-20,Selasa,10:23 pm,bertanya-tanya,Belajar | Berpuasa | Jalan Kaki | Mandi | Buku Audio | Menonton Serial | Berita Terkini | Makan Enak | Reddit | Belajar Bahasa | Yoga | Bercukur | Merapikan Rambut | Poetry | Streaming | YouTube | Memasak | Membersihkan Rumah | Penelitian | Hal Baru | Keluarga | Tidur Siang Singkat | Surel | Dokumenter | Sahabat Pena | Coding | Tutorial,Biasa,Netral
31/12/2018,Dec-31,Senin,8:11 pm,diberkati,Berdoa | Jalan Kaki | Meditasi | Mandi | Dota 2 | Podcast | Berita Terkini | Reddit | Streaming | YouTube | Bermain Game | Sahabat Pena,Baik,Positif
12/09/2018,Sep-12,Rabu,2:13 pm,tersulut emosi,Dota 2,Sangat Buruk,Negatif
17/07/2020,Jul-17,Jumat,7:51 am,takut,Membaca | Belajar | Seni | Berdoa | Membaca Quran | Jalan Kaki | Meditasi | Mandi | Dota 2 | Podcast | Buku Audio | Menulis | Menonton Serial | Berita Terkini | Makan Enak | Reddit | Belajar Bahasa | Streaming | YouTube | Membersihkan Rumah | Hal Baru | Keluarga | Tidur Siang Singkat | Mendengarkan Lagu | Desain | Dokumenter | Tutorial | Cinta | Rekaman,Buruk,Negatif
15/08/2020,Aug-15,Sabtu,7:19 pm,bingung,Belajar | Berdoa | Membaca Quran | Jalan Kaki | Meditasi | Podcast | Buku Audio | Menonton Serial | Berita Terkini | Reddit | Belajar Bahasa | Streaming | YouTube | Menonton Film | Mendengarkan Lagu | Dokumenter,Biasa,Netral
07/04/2020,Apr-07,Selasa,7:27 pm,bingung,Seni | Menulis Jurnal | Berdoa | Jalan Kaki | Meditasi | Mandi | Podcast | Buku Audio | Menulis | Menonton Serial | Berita Terkini | Makan Enak | Reddit | Streaming | YouTube | Membersihkan Rumah | Keluarga | Tidur Siang Singkat | Mendengarkan Lagu | Sahabat Pena,Biasa,Netral
06/08/2020,Aug-06,Kamis,9:02 pm,buruk,Seni | Berdoa | Berpuasa | Membaca Quran | Jalan Kaki | Meditasi | Mandi | Dota 2 | Podcast | Buku Audio | Menulis | Berita Terkini | Makan Enak | Reddit | Belajar Bahasa | Bercukur | Streaming | YouTube | Penelitian | Keluarga | Tidur Siang Singkat | Mendengarkan Lagu | Desain | Cinta,Buruk,Negatif
15/12/2019,Dec-15,Minggu,7:01 pm,sangat bahagia,Berpuasa | Olahraga | Jalan Kaki | Meditasi | Buku Audio | Menonton Serial | Berita Terkini | Makan Enak | Reddit | Streaming | YouTube | Diet Keto | Catatan Berat Badan,Luar Biasa,Positif
03/12/2019,Dec-03,Selasa,9:36 pm,keren,Berpuasa | Jalan Kaki | Meditasi | Mandi | Buku Audio | Menonton Serial | Makan Enak | Reddit | Streaming | YouTube | Traveling | Tidur Siang Singkat | Diet Keto | Catatan Berat Badan,Luar Biasa,Positif
16/05/2020,May-16,Sabtu,1:45 pm,bersemangat,Membaca | Belajar | Seni | Berdoa | Berpuasa | Olahraga | Membaca Quran | Jalan Kaki | Meditasi | Mandi | Menulis | Menonton Serial | Berita Terkini | Makan Enak | Reddit | Belajar Bahasa | Streaming | YouTube | Tidur Siang Singkat | Mendengarkan Lagu,Luar Biasa,Positif
13/04/2020,Apr-13,Senin,9:00 pm,bersemangat,Berdoa | Berpuasa | Jalan Kaki | Meditasi | Mandi | Buku Audio | Menonton Serial | Berita Terkini | Makan Enak | Reddit | Streaming | YouTube | Hal Baru | Mendengarkan Lagu | Sahabat Pena,Luar Biasa,Positif
21/03/2018,Mar-21,Rabu,7:02 pm,bertanya-tanya,,Biasa,Netral
26/06/2020,Jun-26,Jumat,9:02 pm,bertanya-tanya,Membaca | Belajar | Seni | Menulis Jurnal | Berdoa | Berpuasa | Membaca Quran | Jalan Kaki | Meditasi | Mandi | Buku Audio | Menulis | Menonton Serial | Berita Terkini | Makan Enak | Reddit | Streaming | YouTube | Penelitian | Keluarga | Tidur Siang Singkat | Mendengarkan Lagu | Sahabat Pena | Pesta | Cinta | Rekaman | Edit Video,Biasa,Netral
18/10/2020,Oct-18,Minggu,9:06 pm,fokus,Berpuasa | Olahraga | Membaca Quran | Jalan Kaki | Meditasi | Buku Audio | Menulis | Menonton Serial | Berita Terkini | Makan Enak | Reddit | Belajar Bahasa | Streaming | YouTube | Memasak | Membersihkan Rumah | Penelitian | Tidur Siang Singkat | Surel | Coding | Tutorial,Baik,Positif
29/09/2020,Sep-29,Selasa,9:41 pm,takut,Seni | Berpuasa | Jalan Kaki | Menonton Serial | Berita Terkini | Makan Enak | Reddit | Streaming | YouTube | Memasak | Penelitian | Hal Baru | Tidur Siang Singkat | Dokumenter | Sahabat Pena | Coding | Tutorial,Buruk,Negatif
05/04/2018,Apr-05,Kamis,2:00 pm,sakit,Streaming,Buruk,Negatif
20/04/2018,Apr-20,Jumat,7:34 pm,tersulut emosi,Dota 2,Sangat Buruk,Negatif
12/11/2020,Nov-12,Kamis,10:41 pm,fokus,Berpuasa | Buku Audio | Menulis | Menonton Serial | Makan Enak | Reddit | Belajar Bahasa | Yoga | Streaming | YouTube | Memasak | Penelitian | Tidur Siang Singkat | Mendengarkan Lagu | Desain | Perbaikan | Sahabat Pena | Coding | Tutorial | Pekerjaan,Baik,Positif
05/02/2018,Feb-05,Senin,7:21 pm,biasa saja,Berdoa | Menonton Serial,Biasa,Netral
06/07/2018,Jul-06,Jumat,2:15 pm,tersulut emosi,Berdoa | Berpuasa | Meditasi | Mandi | Streaming | YouTube,Sangat Buruk,Negatif
20/02/2018,Feb-20,Selasa,10:18 am,bingung,Berdoa | Menonton Serial | YouTube | Tidur Siang Singkat,Biasa,Netral
20/04/2020,Apr-20,Senin,9:00 pm,santai totalitas,Berdoa | Membaca Quran | Meditasi | Mandi | Buku Audio | Menonton Serial | Berita Terkini | Makan Enak | Reddit | Streaming | YouTube | Tidur Siang Singkat | Mendengarkan Lagu | Sahabat Pena,Baik,Positif
11/10/2020,Oct-11,Minggu,11:35 pm,bingung,Belajar | Berpuasa | Jalan Kaki | Meditasi | Menonton Serial | Berita Terkini | Makan Enak | Reddit | Belajar Bahasa | Streaming | YouTube | Memasak | Membersihkan Rumah | Penelitian | Hal Baru | Tidur Siang Singkat | Sahabat Pena | Coding | Tutorial,Biasa,Netral
07/08/2020,Aug-07,Jumat,7:19 am,marah,Membaca | Belajar | Seni | Berdoa | Berpuasa | Membaca Quran | Jalan Kaki | Meditasi | Mandi | Dota 2 | Podcast | Buku Audio | Menulis | Menonton Serial | Berita Terkini | Makan Enak | Reddit | Belajar Bahasa | Streaming | YouTube | Menonton Film | Bermain Game | Hal Baru | Keluarga | Tidur Siang Singkat | Mendengarkan Lagu | Desain | Dokumenter | Cinta | Rekaman,Sangat Buruk,Negatif
03/04/2018,Apr-03,Selasa,2:00 pm,sakit,Makan Enak | Streaming | Traveling,Buruk,Negatif
15/08/2020,Aug-15,Sabtu,9:00 pm,buruk,Seni | Jalan Kaki | Podcast | Buku Audio | Menonton Serial | Reddit | Belajar Bahasa | Streaming | YouTube,Buruk,Negatif
26/03/2018,Mar-26,Senin,8:44 am,khawatir,Streaming,Buruk,Negatif
08/05/2020,May-08,Jumat,10:59 am,keren,Membaca | Belajar | Seni | Menulis Jurnal | Berdoa | Berpuasa | Membaca Quran | Jalan Kaki | Meditasi | Mandi | Buku Audio | Menulis | Berita Terkini | Makan Enak | Reddit | Belajar Bahasa | Streaming | YouTube | Menonton Film | Penelitian | Hal Baru | Surel | Mendengarkan Lagu | Desain | Tutorial | Catatan Berat Badan,Luar Biasa,Positif
16/04/2021,Apr-16,Jumat,8:00 pm,santai totalitas,Membaca | Seni | Berdoa | Berpuasa | Jalan Kaki | Meditasi | Mandi | Menulis | Menonton Serial | Makan Enak | Reddit | Belajar Bahasa | Streaming | YouTube | Memasak | Traveling | Membersihkan Rumah | Hal Baru | Tidur Siang Singkat | Dokumenter | Sahabat Pena | Coding,Baik,Positif
06/02/2018,Feb-06,Selasa,8:39 pm,sakit,Dota 2 | Streaming | Keluarga,Buruk,Negatif
11/12/2020,Dec-11,Jumat,9:04 pm,sangat sedih,Belajar | Jalan Kaki | Buku Audio | Menulis | Menonton Serial | Streaming | YouTube | Membersihkan Rumah | Penelitian | Hal Baru | Sahabat Pena | Coding | Tutorial | Cinta,Sangat Buruk,Negatif
25/11/2018,Nov-25,Minggu,6:21 pm,bingung,Meditasi | Dota 2 | Podcast | Buku Audio | Menonton Serial | Berita Terkini | Makan Enak | YouTube | Bermain Game | Surel | Sahabat Pena | Catatan Berat Badan,Biasa,Netral
06/05/2018,May-06,Minggu,10:41 am,bingung,,Biasa,Netral
23/04/2018,Apr-23,Senin,10:34 am,bingung,Tidur Siang Singkat,Biasa,Netral
17/05/2020,May-17,Minggu,9:00 pm,bersemangat,Membaca | Belajar | Seni | Berdoa | Berpuasa | Membaca Quran | Jalan Kaki | Meditasi | Mandi | Podcast | Buku Audio | Menulis | Menonton Serial | Berita Terkini | Makan Enak | Reddit | Belajar Bahasa | Streaming | YouTube | Penelitian | Hal Baru | Tidur Siang Singkat | Surel | Mendengarkan Lagu,Luar Biasa,Positif
27/03/2018,Mar-27,Selasa,6:07 pm,santai,Menulis Jurnal | Mandi | Dota 2 | Buku Audio | Makan Enak | Streaming | YouTube | Keluarga | Pekerjaan,Baik,Positif
05/03/2021,Mar-05,Jumat,9:35 pm,bertanya-tanya,Berdoa | Jalan Kaki | Meditasi | Mandi | Buku Audio | Makan Enak | Reddit | Streaming | YouTube | Memasak | Tidur Siang Singkat | Surel | Dokumenter | Coding,Biasa,Netral
02/10/2020,Oct-02,Jumat,9:30 pm,lemah,Belajar | Seni | Berdoa | Berpuasa | Membaca Quran | Jalan Kaki | Mandi | Buku Audio | Menulis | Menonton Serial | Berita Terkini | Makan Enak | Reddit | Belajar Bahasa | Streaming | YouTube | Memasak | Membersihkan Rumah | Penelitian | Hal Baru | Tidur Siang Singkat | Perbaikan | Sahabat Pena | Coding | Tutorial,Biasa,Netral
05/02/2018,Feb-05,Senin,7:21 pm,biasa saja,Berdoa | Menonton Serial,Biasa,Netral
06/07/2018,Jul-06,Jumat,2:15 pm,tersulut emosi,Berdoa | Berpuasa | Meditasi | Mandi | Streaming | YouTube,Sangat Buruk,Negatif
29/01/2020,Jan-29,Rabu,9:45 pm,bersemangat,Berpuasa | Jalan Kaki | Meditasi | Dota 2 | Podcast | Buku Audio | Menonton Serial | Berita Terkini | Makan Enak | Reddit | Streaming | YouTube | Diet Keto | Catatan Berat Badan,Luar Biasa,Positif
24/09/2020,Sep-24,Kamis,9:32 pm,tersulut emosi,Belajar | Berdoa | Berpuasa | Membaca Quran | Jalan Kaki | Mandi | Buku Audio | Menulis | Menonton Serial | Berita Terkini | Makan Enak | Reddit | Belajar Bahasa | Streaming | YouTube | Membersihkan Rumah | Penelitian | Hal Baru | Sahabat Pena | Coding | Tutorial,Sangat Buruk,Negatif
01/03/2018,Mar-01,Kamis,12:20 pm,biasa saja,Dota 2 | Makan Enak | Streaming | YouTube | Tidur Siang Singkat,Biasa,Netral
29/12/2020,Dec-29,Selasa,12:35 pm,fokus,Membaca | Belajar | Berdoa | Berpuasa | Meditasi | Mandi | Buku Audio | Menulis | Menonton Serial | Berita Terkini | Makan Enak | Reddit | Belajar Bahasa | Streaming | YouTube | Memasak | Membersihkan Rumah | Penelitian | Hal Baru | Tidur Siang Singkat | Mendengarkan Lagu | Perbaikan | Dokumenter | Sahabat Pena | Coding | Tutorial | Cinta,Baik,Positif
03/04/2018,Apr-03,Selasa,2:00 pm,sakit,Makan Enak | Streaming | Traveling,Buruk,Negatif
27/04/2019,Apr-27,Sabtu,1:44 pm,bertanya-tanya,Berpuasa | Podcast | Berita Terkini | Reddit | Streaming | YouTube | Sahabat Pena | Catatan Berat Badan,Biasa,Netral
10/11/2018,Nov-10,Sabtu,1:45 pm,santai totalitas,Membaca | Menulis Jurnal | Meditasi | Menonton Serial | Makan Enak | Streaming | YouTube | Menonton Film | Surel | Sahabat Pena,Baik,Positif
05/11/2018,Nov-05,Senin,10:07 am,bertanya-tanya,Membaca | Meditasi | Buku Audio | Berita Terkini | YouTube | Hal Baru | Sahabat Pena | Catatan Berat Badan,Biasa,Netral
11/04/2021,Apr-11,Minggu,12:21 am,bertanya-tanya,Membaca | Belajar | Berdoa | Berpuasa | Jalan Kaki | Meditasi | Mandi | Buku Audio | Menulis | Makan Enak | Reddit | Belajar Bahasa | Streaming | YouTube | Memasak | Membersihkan Rumah | Penelitian | Hal Baru | Tidur Siang Singkat | Dokumenter | Sahabat Pena | Coding | Tutorial,Biasa,Netral
30/10/2020,Oct-30,Jumat,9:34 pm,santai totalitas,Belajar | Berdoa | Berpuasa | Olahraga | Jalan Kaki | Meditasi | Mandi | Dota 2 | Buku Audio | Menulis | Menonton Serial | Berita Terkini | Makan Enak | Reddit | Belajar Bahasa | Streaming | YouTube | Membersihkan Rumah | Penelitian | Tidur Siang Singkat | Desain | Dokumenter | Coding | Tutorial | Cinta,Baik,Positif
02/07/2020,Jul-02,Kamis,10:17 pm,diberkati,Membaca | Belajar | Berdoa | Membaca Quran | Jalan Kaki | Meditasi | Mandi | Podcast | Buku Audio | Menulis | Menonton Serial | Berita Terkini | Makan Enak | Reddit | Belajar Bahasa | Streaming | YouTube | Penelitian | Keluarga | Tidur Siang Singkat | Mendengarkan Lagu | Dokumenter | Sahabat Pena,Baik,Positif
18/02/2021,Feb-18,Kamis,8:27 pm,lemah,Belajar | Seni | Berdoa | Berpuasa | Meditasi | Mandi | Buku Audio | Menulis | Menonton Serial | Berita Terkini | Makan Enak | Reddit | Belajar Bahasa | Streaming | YouTube | Memasak | Membersihkan Rumah | Penelitian | Hal Baru | Tidur Siang Singkat | Dokumenter | Sahabat Pena | Coding | Tutorial,Biasa,Netral
18/11/2019,Nov-18,Senin,10:54 pm,biasa saja,Berdoa | Berpuasa | Jalan Kaki | Meditasi | Mandi | Buku Audio | Menulis | Berita Terkini | Makan Enak | Reddit | Streaming | YouTube | Tidur Siang Singkat | Mendengarkan Lagu | Diet Keto | Catatan Berat Badan,Biasa,Netral
29/03/2018,Mar-29,Kamis,7:23 pm,diberkati,Berdoa | Mandi | Streaming,Baik,Positif
14/04/2020,Apr-14,Selasa,9:13 pm,bersemangat,Seni | Berdoa | Jalan Kaki | Meditasi | Buku Audio | Menonton Serial | Berita Terkini | Makan Enak | Reddit | Streaming | YouTube | Hal Baru | Tidur Siang Singkat | Mendengarkan Lagu | Sahabat Pena,Luar Biasa,Positif
25/11/2018,Nov-25,Minggu,6:21 pm,bingung,Meditasi | Dota 2 | Podcast | Buku Audio | Menonton Serial | Berita Terkini | Makan Enak | YouTube | Bermain Game | Surel | Sahabat Pena | Catatan Berat Badan,Biasa,Netral
14/08/2020,Aug-14,Jumat,7:54 pm,biasa saja,Berdoa | Berpuasa | Membaca Quran | Jalan Kaki | Meditasi | Mandi | Dota 2 | Podcast | Menonton Serial | Berita Terkini | Makan Enak | Reddit | Belajar Bahasa | Bercukur | Merapikan Rambut | Streaming | YouTube | Traveling | Keluarga,Biasa,Netral
10/02/2020,Feb-10,Senin,9:05 pm,sangat bahagia,Jalan Kaki | Meditasi | Dota 2 | Menonton Serial | Berita Terkini | Makan Enak | Reddit | Streaming | YouTube | Tidur Siang Singkat | Mendengarkan Lagu | Sahabat Pena | Diet Keto,Luar Biasa,Positif
13/06/2018,Jun-13,Rabu,2:09 pm,bingung,Surel | Pekerjaan,Biasa,Netral
08/04/2020,Apr-08,Rabu,7:28 pm,bersemangat,Berdoa | Berpuasa | Olahraga | Membaca Quran | Jalan Kaki | Meditasi | Mandi | Podcast | Buku Audio | Menulis | Menonton Serial | Berita Terkini | Makan Enak | Reddit | Streaming | YouTube | Keluarga | Tidur Siang Singkat | Mendengarkan Lagu | Sahabat Pena,Luar Biasa,Positif
22/01/2020,Jan-22,Rabu,9:02 pm,bertanya-tanya,Jalan Kaki | Meditasi | Dota 2 | Buku Audio | Menonton Serial | Berita Terkini | Makan Enak | Reddit | Streaming | YouTube | Tidur Siang Singkat,Biasa,Netral
05/03/2018,Mar-05,Senin,7:02 pm,marah,Dota 2 | Streaming | YouTube,Sangat Buruk,Negatif
24/09/2020,Sep-24,Kamis,9:32 pm,tersulut emosi,Belajar | Berdoa | Berpuasa | Membaca Quran | Jalan Kaki | Mandi | Buku Audio | Menulis | Menonton Serial | Berita Terkini | Makan Enak | Reddit | Belajar Bahasa | Streaming | YouTube | Membersihkan Rumah | Penelitian | Hal Baru | Sahabat Pena | Coding | Tutorial,Sangat Buruk,Negatif
07/02/2020,Feb-07,Jumat,9:12 pm,bingung,Berdoa | Berpuasa | Jalan Kaki | Meditasi | Mandi | Dota 2 | Podcast | Buku Audio | Menonton Serial | Berita Terkini | Makan Enak | Reddit | Streaming | YouTube | Teman | Sahabat Pena | Diet Keto,Biasa,Netral
29/01/2021,Jan-29,Jumat,9:45 pm,bertanya-tanya,Membaca | Belajar | Berpuasa | Meditasi | Mandi | Menulis | Menonton Serial | Reddit | Belajar Bahasa | Streaming | YouTube | Menonton Film | Memasak | Membersihkan Rumah | Penelitian | Hal Baru | Tidur Siang Singkat | Dokumenter | Sahabat Pena | Pesta | Coding | Tutorial,Biasa,Netral
08/12/2020,Dec-08,Selasa,10:10 pm,khawatir,Membaca | Berdoa | Berpuasa | Jalan Kaki | Buku Audio | Menulis | Menonton Serial | Makan Enak | Reddit | Belajar Bahasa | Streaming | YouTube | Memasak | Traveling | Penelitian | Hal Baru | Sahabat Pena | Coding | Tutorial,Buruk,Negatif
27/12/2018,Dec-27,Kamis,11:45 am,santai totalitas,Membaca | Jalan Kaki | Meditasi | Dota 2 | Podcast | Berita Terkini | Makan Enak | Streaming | YouTube | Bermain Game | Mendengarkan Lagu,Baik,Positif
16/02/2018,Feb-16,Jumat,6:33 am,bingung,Berdoa | Mandi | Dota 2 | Makan Enak | YouTube | Keluarga,Biasa,Netral
07/04/2020,Apr-07,Selasa,7:27 pm,bingung,Seni | Menulis Jurnal | Berdoa | Jalan Kaki | Meditasi | Mandi | Podcast | Buku Audio | Menulis | Menonton Serial | Berita Terkini | Makan Enak | Reddit | Streaming | YouTube | Membersihkan Rumah | Keluarga | Tidur Siang Singkat | Mendengarkan Lagu | Sahabat Pena,Biasa,Netral
17/09/2019,Sep-17,Selasa,1:36 pm,bingung,Seni | Berpuasa | Meditasi | Berita Terkini | Reddit | Desain,Biasa,Netral
22/12/2019,Dec-22,Minggu,9:00 pm,keren,Berpuasa | Jalan Kaki | Meditasi | Buku Audio | Menonton Serial | Berita Terkini | Makan Enak | Reddit | Streaming | YouTube | Penelitian | Diet Keto,Luar Biasa,Positif
23/02/2020,Feb-23,Minggu,9:07 pm,bersemangat,Berdoa | Berpuasa | Jalan Kaki | Meditasi | Mandi | Dota 2 | Podcast | Menonton Serial | Berita Terkini | Makan Enak | Reddit | Streaming | YouTube | Tidur Siang Singkat | Sahabat Pena | Diet Keto | Catatan Berat Badan,Luar Biasa,Positif
16/08/2020,Aug-16,Minggu,6:31 pm,sangat sedih,Seni | Berpuasa | Meditasi | Podcast | Buku Audio | Berita Terkini | Makan Enak | Reddit | Belajar Bahasa | YouTube | Cinta,Sangat Buruk,Negatif
29/11/2019,Nov-29,Jumat,9:00 pm,diberkati,Berpuasa | Jalan Kaki | Meditasi | Mandi | Buku Audio | Menonton Serial | Berita Terkini | Reddit | Streaming | YouTube | Diet Keto,Baik,Positif
01/03/2018,Mar-01,Kamis,8:05 pm,khawatir,Dota 2 | Streaming | YouTube,Buruk,Negatif
26/03/2021,Mar-26,Jumat,9:33 pm,hari paling bahagia,Membaca | Belajar | Seni | Berdoa | Berpuasa | Jalan Kaki | Meditasi | Mandi | Buku Audio | Menulis | Menonton Serial | Makan Enak | Reddit | Belajar Bahasa | Streaming | YouTube | Memasak | Membersihkan Rumah | Penelitian | Hal Baru | Tidur Siang Singkat | Perbaikan | Dokumenter | Sahabat Pena | Coding | Tutorial,Luar Biasa,Positif
29/11/2020,Nov-29,Minggu,10:55 am,bertanya-tanya,Membaca | Berpuasa | Mandi | Podcast | Buku Audio | Menulis | Menonton Serial | Berita Terkini | Makan Enak | Reddit | Belajar Bahasa | Streaming | YouTube | Menonton Film | Memasak | Penelitian | Hal Baru | Tidur Siang Singkat | Mendengarkan Lagu | Dokumenter | Sahabat Pena | Coding | Tutorial,Biasa,Netral
06/02/2018,Feb-06,Selasa,8:39 pm,sakit,Dota 2 | Streaming | Keluarga,Buruk,Negatif
24/08/2020,Aug-24,Senin,10:12 pm,biasa saja,Seni | Menulis Jurnal | Berdoa | Berpuasa | Membaca Quran | Jalan Kaki | Meditasi | Mandi | Dota 2 | Buku Audio | Menulis | Menonton Serial | Berita Terkini | Makan Enak | Reddit | Belajar Bahasa | Streaming | YouTube | Menonton Film | Membersihkan Rumah | Hal Baru | Dokumenter | Coding | Rekaman | Edit Video,Biasa,Netral
07/03/2018,Mar-07,Rabu,11:39 am,khawatir,Dota 2,Buruk,Negatif
17/07/2020,Jul-17,Jumat,7:51 am,takut,Membaca | Belajar | Seni | Berdoa | Membaca Quran | Jalan Kaki | Meditasi | Mandi | Dota 2 | Podcast | Buku Audio | Menulis | Menonton Serial | Berita Terkini | Makan Enak | Reddit | Belajar Bahasa | Streaming | YouTube | Membersihkan Rumah | Hal Baru | Keluarga | Tidur Siang Singkat | Mendengarkan Lagu | Desain | Dokumenter | Tutorial | Cinta | Rekaman,Buruk,Negatif
13/04/2021,Apr-13,Selasa,2:38 am,bertanya-tanya,Membaca | Belajar | Seni | Berdoa | Berpuasa | Jalan Kaki | Meditasi | Buku Audio | Menulis | Menonton Serial | Berita Terkini | Makan Enak | Reddit | Belajar Bahasa | Bercukur | Streaming | YouTube | Memasak | Penelitian | Hal Baru | Tidur Siang Singkat | Dokumenter | Sahabat Pena | Coding | Tutorial,Biasa,Netral
26/06/2018,Jun-26,Selasa,2:08 pm,bersemangat,Membaca | Menulis Jurnal | Berdoa | Mandi | Buku Audio | Menonton Serial | Hal Baru | Surel | Catatan Berat Badan,Luar Biasa,Positif
29/04/2018,Apr-29,Minggu,11:42 am,khawatir,,Buruk,Negatif
14/02/2018,Feb-14,Rabu,1:40 pm,marah,Dota 2 | YouTube | Bermain Game,Sangat Buruk,Negatif
05/01/2019,Jan-05,Sabtu,10:54 am,bingung,Berita Terkini,Biasa,Netral
29/04/2018,Apr-29,Minggu,11:42 am,khawatir,,Buruk,Negatif
20/09/2019,Sep-20,Jumat,2:00 pm,bingung,Berdoa | Berpuasa | Mandi | Buku Audio | Berita Terkini | Reddit | Catatan Berat Badan,Biasa,Netral
14/02/2018,Feb-14,Rabu,2:06 pm,marah,Dota 2 | YouTube | Bermain Game | Penelitian,Sangat Buruk,Negatif
16/03/2021,Mar-16,Selasa,9:04 pm,lemah,Membaca | Belajar | Seni | Berdoa | Jalan Kaki | Meditasi | Mandi | Menulis | Menonton Serial | Berita Terkini | Makan Enak | Reddit | Belajar Bahasa | Bercukur | Streaming | YouTube | Memasak | Penelitian | Hal Baru | Tidur Siang Singkat | Dokumenter | Sahabat Pena | Coding | Tutorial,Biasa,Netral
12/12/2020,Dec-12,Sabtu,9:16 pm,khawatir,Belajar | Seni | Jalan Kaki | Mandi | Dota 2 | Buku Audio | Menulis | Menonton Serial | Berita Terkini | Makan Enak | Reddit | Belajar Bahasa | Streaming | YouTube | Memasak | Penelitian | Hal Baru | Tidur Siang Singkat | Mendengarkan Lagu | Sahabat Pena | Coding | Tutorial,Buruk,Negatif
11/02/2021,Feb-11,Kamis,9:00 pm,keren,Membaca | Belajar | Berpuasa | Jalan Kaki | Buku Audio | Menonton Serial | Makan Enak | Belajar Bahasa | Streaming | YouTube | Memasak | Membersihkan Rumah | Penelitian | Hal Baru | Tidur Siang Singkat | Dokumenter | Sahabat Pena | Coding | Tutorial | Cinta,Luar Biasa,Positif
12/02/2018,Feb-12,Senin,7:12 pm,tersulut emosi,Dota 2 | Streaming | YouTube | Hal Baru | Keluarga | Surel | Mendengarkan Lagu,Sangat Buruk,Negatif
24/09/2020,Sep-24,Kamis,9:32 pm,tersulut emosi,Belajar | Berdoa | Berpuasa | Membaca Quran | Jalan Kaki | Mandi | Buku Audio | Menulis | Menonton Serial | Berita Terkini | Makan Enak | Reddit | Belajar Bahasa | Streaming | YouTube | Membersihkan Rumah | Penelitian | Hal Baru | Sahabat Pena | Coding | Tutorial,Sangat Buruk,Negatif
22/12/2019,Dec-22,Minggu,9:00 pm,keren,Berpuasa | Jalan Kaki | Meditasi | Buku Audio | Menonton Serial | Berita Terkini | Makan Enak | Reddit | Streaming | YouTube | Penelitian | Diet Keto,Luar Biasa,Positif
18/11/2019,Nov-18,Senin,10:54 pm,biasa saja,Berdoa | Berpuasa | Jalan Kaki | Meditasi | Mandi | Buku Audio | Menulis | Berita Terkini | Makan Enak | Reddit | Streaming | YouTube | Tidur Siang Singkat | Mendengarkan Lagu | Diet Keto | Catatan Berat Badan,Biasa,Netral
25/11/2018,Nov-25,Minggu,6:21 pm,bingung,Meditasi | Dota 2 | Podcast | Buku Audio | Menonton Serial | Berita Terkini | Makan Enak | YouTube | Bermain Game | Surel | Sahabat Pena | Catatan Berat Badan,Biasa,Netral
31/03/2018,Mar-31,Sabtu,7:06 pm,bersemangat,,Luar Biasa,Positif
22/02/2020,Feb-22,Sabtu,3:55 pm,keren,Berdoa | Berpuasa | Jalan Kaki | Meditasi | Mandi | Podcast | Buku Audio | Menonton Serial | Berita Terkini | Makan Enak | Reddit | Streaming | YouTube | Tidur Siang Singkat | Mendengarkan Lagu | Sahabat Pena | Diet Keto,Luar Biasa,Positif
16/11/2018,Nov-16,Jumat,12:25 pm,bertanya-tanya,Meditasi | Podcast | Buku Audio | Berita Terkini | Makan Enak | Streaming | Bermain Game,Biasa,Netral
25/08/2020,Aug-25,Selasa,10:00 pm,sangat buruk,Seni | Berpuasa | Olahraga | Meditasi | Buku Audio | Menulis | Menonton Serial | Reddit | Belajar Bahasa | Streaming | YouTube | Tidur Siang Singkat | Dokumenter | Coding | Rekaman,Sangat Buruk,Negatif
09/06/2018,Jun-09,Sabtu,1:28 pm,diberkati,Meditasi | Mandi | Dota 2 | Streaming,Baik,Positif
16/05/2020,May-16,Sabtu,1:45 pm,bersemangat,Membaca | Belajar | Seni | Berdoa | Berpuasa | Olahraga | Membaca Quran | Jalan Kaki | Meditasi | Mandi | Menulis | Menonton Serial | Berita Terkini | Makan Enak | Reddit | Belajar Bahasa | Streaming | YouTube | Tidur Siang Singkat | Mendengarkan Lagu,Luar Biasa,Positif
26/10/2020,Oct-26,Senin,9:07 pm,lemah,Belajar | Berdoa | Berpuasa | Jalan Kaki | Meditasi | Mandi | Buku Audio | Menulis | Menonton Serial | Berita Terkini | Makan Enak | Reddit | Belajar Bahasa | Streaming | YouTube | Memasak | Penelitian | Hal Baru | Tidur Siang Singkat | Dokumenter | Coding | Tutorial,Biasa,Netral
11/01/2021,Jan-11,Senin,9:55 pm,keren,Membaca | Berpuasa | Meditasi | Mandi | Buku Audio | Menulis | Menonton Serial | Berita Terkini | Makan Enak | Reddit | Belajar Bahasa | Yoga | Streaming | YouTube | Membersihkan Rumah | Penelitian | Keluarga | Tidur Siang Singkat | Perbaikan | Dokumenter | Sahabat Pena | Coding | Tutorial | Cinta,Luar Biasa,Positif
24/12/2019,Dec-24,Selasa,6:58 pm,santai totalitas,Berpuasa | Jalan Kaki | Meditasi | Mandi | Buku Audio | Menonton Serial | Berita Terkini | Makan Enak | Reddit | Streaming | YouTube | Diet Keto | Catatan Berat Badan,Baik,Positif
11/10/2020,Oct-11,Minggu,11:35 pm,bingung,Belajar | Berpuasa | Jalan Kaki | Meditasi | Menonton Serial | Berita Terkini | Makan Enak | Reddit | Belajar Bahasa | Streaming | YouTube | Memasak | Membersihkan Rumah | Penelitian | Hal Baru | Tidur Siang Singkat | Sahabat Pena | Coding | Tutorial,Biasa,Netral
27/08/2020,Aug-27,Kamis,9:56 pm,biasa saja,Seni | Berdoa | Olahraga | Membaca Quran | Jalan Kaki | Meditasi | Mandi | Buku Audio | Menulis | Menonton Serial | Berita Terkini | Makan Enak | Reddit | Belajar Bahasa | Bercukur | Poetry | Streaming | YouTube | Memasak | Membersihkan Rumah | Hal Baru | Tidur Siang Singkat | Mendengarkan Lagu | Dokumenter | Sahabat Pena | Coding | Rekaman,Biasa,Netral
31/01/2020,Jan-31,Jumat,9:16 pm,santai totalitas,Berdoa | Berpuasa | Jalan Kaki | Meditasi | Mandi | Dota 2 | Buku Audio | Menonton Serial | Berita Terkini | Makan Enak | Reddit | Streaming | YouTube,Baik,Positif
19/03/2018,Mar-19,Senin,7:05 pm,keren,Dota 2,Luar Biasa,Positif
14/09/2020,Sep-14,Senin,10:19 pm,lemah,Seni | Berdoa | Berpuasa | Membaca Quran | Jalan Kaki | Meditasi | Mandi | Buku Audio | Menulis | Menonton Serial | Makan Enak | Reddit | Belajar Bahasa | Streaming | YouTube | Memasak | Penelitian | Hal Baru | Sahabat Pena | Coding | Tutorial | Rekaman,Biasa,Netral
25/02/2018,Feb-25,Minggu,7:04 pm,bersemangat,Dota 2 | Streaming | YouTube | Menonton Film,Luar Biasa,Positif
03/03/2020,Mar-03,Selasa,10:09 pm,keren,Berdoa | Berpuasa | Jalan Kaki | Meditasi | Mandi | Dota 2 | Menonton Serial | Berita Terkini | Makan Enak | Reddit | Streaming | YouTube | Keluarga | Tidur Siang Singkat | Mendengarkan Lagu | Sahabat Pena | Catatan Berat Badan,Luar Biasa,Positif
15/12/2018,Dec-15,Sabtu,12:01 pm,diberkati,Membaca | Meditasi | Sahabat Pena,Baik,Positif
10/01/2019,Jan-10,Kamis,2:19 pm,santai totalitas,,Baik,Positif
19/09/2020,Sep-19,Sabtu,9:17 pm,bertanya-tanya,Belajar | Berdoa | Berpuasa | Membaca Quran | Jalan Kaki | Meditasi | Mandi | Menonton Serial | Berita Terkini | Makan Enak | Reddit | Belajar Bahasa | Streaming | YouTube | Memasak | Membersihkan Rumah | Penelitian | Hal Baru | Mendengarkan Lagu | Dokumenter | Sahabat Pena | Coding | Tutorial,Biasa,Netral
05/04/2020,Apr-05,Minggu,9:00 pm,sangat bahagia,Seni | Berpuasa | Jalan Kaki | Meditasi | Buku Audio | Menulis | Menonton Serial | Berita Terkini | Makan Enak | Reddit | Streaming | YouTube | Membersihkan Rumah | Tidur Siang Singkat | Mendengarkan Lagu | Sahabat Pena,Luar Biasa,Positif
06/05/2020,May-06,Rabu,9:05 pm,bersemangat,Belajar | Seni | Menulis Jurnal | Berdoa | Berpuasa | Membaca Quran | Jalan Kaki | Meditasi | Mandi | Buku Audio | Berita Terkini | Makan Enak | Reddit | Streaming | YouTube | Tidur Siang Singkat | Mendengarkan Lagu,Luar Biasa,Positif
17/08/2020,Aug-17,Senin,7:40 pm,bingung,Berdoa | Berpuasa | Membaca Quran | Jalan Kaki | Meditasi | Mandi | Buku Audio | Menonton Serial | Berita Terkini | Makan Enak | Reddit | Belajar Bahasa | Streaming | YouTube | Tidur Siang Singkat | Dokumenter | Cinta,Biasa,Netral
08/11/2018,Nov-08,Kamis,12:00 pm,diberkati,Membaca | Meditasi | Berita Terkini | Makan Enak,Baik,Positif
20/04/2018,Apr-20,Jumat,7:34 pm,tersulut emosi,Dota 2,Sangat Buruk,Negatif
28/06/2020,Jun-28,Minggu,9:02 pm,bingung,Menulis Jurnal | Berdoa | Membaca Quran | Jalan Kaki | Meditasi | Mandi | Dota 2 | Buku Audio | Menulis | Menonton Serial | Berita Terkini | Makan Enak | Reddit | Belajar Bahasa | Streaming | YouTube | Mendengarkan Lagu | Cinta,Biasa,Netral
20/03/2021,Mar-20,Sabtu,3:42 am,santai totalitas,Membaca | Belajar | Berdoa | Berpuasa | Jalan Kaki | Meditasi | Mandi | Menulis | Menonton Serial | Makan Enak | Reddit | Belajar Bahasa | Bercukur | Streaming | YouTube | Memasak | Traveling | Tidur Siang Singkat | Mendengarkan Lagu | Dokumenter | Sahabat Pena | Coding | Tutorial,Baik,Positif
27/05/2018,May-27,Minggu,7:40 pm,diberkati,Berdoa | Berpuasa | Dota 2 | Podcast | Streaming | YouTube | Surel | Pekerjaan,Baik,Positif
22/11/2019,Nov-22,Jumat,9:00 pm,bertanya-tanya,Berdoa | Berpuasa | Jalan Kaki | Meditasi | Mandi | Buku Audio | Menonton Serial | Berita Terkini | Reddit | YouTube | Diet Keto | Catatan Berat Badan,Biasa,Netral
20/02/2021,Feb-20,Sabtu,8:00 pm,bertanya-tanya,Membaca | Berdoa | Berpuasa | Jalan Kaki | Meditasi | Mandi | Buku Audio | Menulis | Menonton Serial | Makan Enak | Reddit | Belajar Bahasa | Streaming | YouTube | Memasak | Penelitian | Hal Baru | Tidur Siang Singkat | Desain | Dokumenter | Sahabat Pena | Coding | Tutorial,Biasa,Netral
12/08/2020,Aug-12,Rabu,8:54 pm,lemah,Seni | Berdoa | Berpuasa | Membaca Quran | Jalan Kaki | Meditasi | Mandi | Podcast | Buku Audio | Menulis | Menonton Serial | Berita Terkini | Makan Enak | Reddit | Belajar Bahasa | Streaming | YouTube | Penelitian | Hal Baru | Tidur Siang Singkat | Mendengarkan Lagu | Dokumenter | Tutorial | Cinta,Biasa,Netral
01/05/2018,May-01,Selasa,2:51 pm,khawatir,Membaca | Menulis Jurnal | YouTube | Penelitian,Buruk,Negatif
15/08/2020,Aug-15,Sabtu,5:50 pm,marah,Belajar | Jalan Kaki | Mandi | Buku Audio | Menulis | Menonton Serial | Berita Terkini | Reddit | Belajar Bahasa | YouTube | Tidur Siang Singkat | Dokumenter | Coding | Tutorial,Sangat Buruk,Negatif
10/09/2020,Sep-10,Kamis,8:26 pm,bersemangat,Membaca | Belajar | Seni | Berdoa | Berpuasa | Membaca Quran | Jalan Kaki | Meditasi | Mandi | Buku Audio | Menulis | Menonton Serial | Berita Terkini | Makan Enak | Reddit | Belajar Bahasa | Yoga | Bercukur | Merapikan Rambut | Poetry | Streaming | YouTube | Memasak | Meditasi Holotropik | Membersihkan Rumah | Penelitian | Hal Baru | Mendengarkan Lagu | Dokumenter | Sahabat Pena | Coding | Tutorial | Rekaman,Luar Biasa,Positif
29/01/2021,Jan-29,Jumat,9:45 pm,bertanya-tanya,Membaca | Belajar | Berpuasa | Meditasi | Mandi | Menulis | Menonton Serial | Reddit | Belajar Bahasa | Streaming | YouTube | Menonton Film | Memasak | Membersihkan Rumah | Penelitian | Hal Baru | Tidur Siang Singkat | Dokumenter | Sahabat Pena | Pesta | Coding | Tutorial,Biasa,Netral
19/05/2020,May-19,Selasa,3:14 pm,khawatir,Membaca | Belajar | Seni | Menulis Jurnal | Berdoa | Berpuasa | Membaca Quran | Jalan Kaki | Meditasi | Mandi | Podcast | Buku Audio | Menulis | Menonton Serial | Berita Terkini | Makan Enak | Reddit | Belajar Bahasa | Streaming | YouTube | Penelitian | Hal Baru | Keluarga | Mendengarkan Lagu | Desain | Catatan Berat Badan,Buruk,Negatif
28/04/2020,Apr-28,Selasa,9:08 pm,santai totalitas,Membaca | Belajar | Menulis Jurnal | Berdoa | Berpuasa | Membaca Quran | Jalan Kaki | Meditasi | Mandi | Buku Audio | Menonton Serial | Berita Terkini | Makan Enak | Reddit | Streaming | YouTube | Tidur Siang Singkat | Mendengarkan Lagu | Desain | Sahabat Pena | Catatan Berat Badan,Baik,Positif
28/09/2020,Sep-28,Senin,9:15 pm,bingung,Belajar | Seni | Berdoa | Membaca Quran | Jalan Kaki | Meditasi | Mandi | Dota 2 | Buku Audio | Menonton Serial | Berita Terkini | Makan Enak | Reddit | Belajar Bahasa | Streaming | YouTube | Memasak | Meditasi Holotropik | Membersihkan Rumah | Penelitian | Hal Baru | Tidur Siang Singkat | Mendengarkan Lagu | Desain | Dokumenter | Sahabat Pena | Coding | Tutorial,Biasa,Netral
10/03/2018,Mar-10,Sabtu,10:50 am,biasa saja,Membersihkan Rumah | Tidur Siang Singkat,Biasa,Netral
07/05/2020,May-07,Kamis,9:28 pm,bersemangat,Membaca | Belajar | Seni | Menulis Jurnal | Berdoa | Berpuasa | Membaca Quran | Jalan Kaki | Meditasi | Mandi | Buku Audio | Menulis | Berita Terkini | Makan Enak | Reddit | Streaming | YouTube | Penelitian | Tidur Siang Singkat | Mendengarkan Lagu | Desain,Luar Biasa,Positif
24/04/2020,Apr-24,Jumat,11:33 pm,fokus,Jalan Kaki | Menonton Serial | Berita Terkini | Makan Enak | Reddit | Streaming | YouTube | Mendengarkan Lagu | Sahabat Pena,Baik,Positif
16/02/2018,Feb-16,Jumat,6:33 am,bingung,Berdoa | Mandi | Dota 2 | Makan Enak | YouTube | Keluarga,Biasa,Netral
17/03/2020,Mar-17,Selasa,9:02 pm,bersemangat,Berdoa | Berpuasa | Jalan Kaki | Meditasi | Mandi | Dota 2 | Buku Audio | Menonton Serial | Berita Terkini | Makan Enak | Reddit | Streaming | YouTube | Tidur Siang Singkat | Mendengarkan Lagu | Sahabat Pena | Catatan Berat Badan,Luar Biasa,Positif
30/04/2018,Apr-30,Senin,10:00 am,santai,,Baik,Positif
07/02/2018,Feb-07,Rabu,10:08 am,tersulut emosi,Berdoa | Berpuasa | Dota 2 | YouTube | Tidur Siang Singkat,Sangat Buruk,Negatif
22/09/2020,Sep-22,Selasa,9:00 pm,lemah,Belajar | Seni | Berdoa | Berpuasa | Membaca Quran | Jalan Kaki | Buku Audio | Menulis | Menonton Serial | Berita Terkini | Makan Enak | Reddit | Belajar Bahasa | Streaming | YouTube | Memasak | Membersihkan Rumah | Penelitian | Hal Baru | Tidur Siang Singkat | Mendengarkan Lagu | Sahabat Pena | Coding | Tutorial,Biasa,Netral
04/04/2021,Apr-04,Minggu,9:06 pm,fokus,Membaca | Menulis Jurnal | Berdoa | Berpuasa | Jalan Kaki | Meditasi | Mandi | Buku Audio | Menulis | Menonton Serial | Makan Enak | Reddit | Belajar Bahasa | Yoga | Streaming | YouTube | Memasak | Penelitian | Hal Baru | Tidur Siang Singkat | Dokumenter | Sahabat Pena | Coding | Tutorial,Baik,Positif
18/12/2019,Dec-18,Rabu,11:13 pm,santai totalitas,Berpuasa | Jalan Kaki | Meditasi | Buku Audio | Reddit | Streaming | YouTube | Diet Keto,Baik,Positif
22/01/2020,Jan-22,Rabu,9:02 pm,bertanya-tanya,Jalan Kaki | Meditasi | Dota 2 | Buku Audio | Menonton Serial | Berita Terkini | Makan Enak | Reddit | Streaming | YouTube | Tidur Siang Singkat,Biasa,Netral
24/05/2018,May-24,Kamis,2:14 pm,bingung,Surel | Pekerjaan,Biasa,Netral
11/09/2018,Sep-11,Selasa,11:28 am,bertanya-tanya,Dota 2 | Podcast | Buku Audio | Berita Terkini | YouTube | Sahabat Pena,Biasa,Netral
25/12/2020,Dec-25,Jumat,7:08 pm,fokus,Membaca | Belajar | Berdoa | Berpuasa | Mandi | Buku Audio | Menulis | Menonton Serial | Berita Terkini | Makan Enak | Reddit | Streaming | YouTube | Memasak | Traveling | Membersihkan Rumah | Hal Baru | Tidur Siang Singkat | Sahabat Pena,Baik,Positif
20/03/2018,Mar-20,Selasa,10:08 am,khawatir,Dota 2 | Streaming | YouTube | Penelitian,Buruk,Negatif
14/02/2018,Feb-14,Rabu,2:06 pm,marah,Dota 2 | YouTube | Bermain Game | Penelitian,Sangat Buruk,Negatif
05/11/2018,Nov-05,Senin,10:07 am,bertanya-tanya,Membaca | Meditasi | Buku Audio | Berita Terkini | YouTube | Hal Baru | Sahabat Pena | Catatan Berat Badan,Biasa,Netral
03/04/2018,Apr-03,Selasa,2:00 pm,sakit,Makan Enak | Streaming | Traveling,Buruk,Negatif
10/08/2020,Aug-10,Senin,9:15 pm,bertanya-tanya,Membaca | Seni | Berdoa | Berpuasa | Membaca Quran | Jalan Kaki | Meditasi | Mandi | Dota 2 | Buku Audio | Menulis | Menonton Serial | Berita Terkini | Makan Enak | Reddit | Belajar Bahasa | Bercukur | Merapikan Rambut | Streaming | YouTube | Membersihkan Rumah | Tidur Siang Singkat | Mendengarkan Lagu | Dokumenter | Cinta,Biasa,Netral
06/07/2018,Jul-06,Jumat,7:07 pm,tersulut emosi,Berpuasa | Dota 2,Sangat Buruk,Negatif
13/06/2018,Jun-13,Rabu,11:32 am,sangat sedih,,Sangat Buruk,Negatif
12/09/2018,Sep-12,Rabu,7:03 pm,sakit,Dota 2 | YouTube,Buruk,Negatif
21/05/2018,May-21,Senin,7:28 pm,diberkati,Berdoa | Berpuasa | Jalan Kaki | Podcast | Buku Audio | Streaming | YouTube | Surel | Mendengarkan Lagu,Baik,Positif
04/01/2019,Jan-04,Jumat,10:53 am,sakit,Dota 2 | Podcast | Berita Terkini | Makan Enak | YouTube | Bermain Game | Keluarga,Buruk,Negatif
10/05/2020,May-10,Minggu,11:04 am,sangat bahagia,Membaca | Belajar | Seni | Menulis Jurnal | Berdoa | Berpuasa | Membaca Quran | Jalan Kaki | Meditasi | Mandi | Buku Audio | Berita Terkini | Makan Enak | Reddit | Streaming | YouTube | Hal Baru | Surel | Mendengarkan Lagu | Tutorial | Catatan Berat Badan,Luar Biasa,Positif
22/06/2020,Jun-22,Senin,10:57 am,bingung,Membaca | Belajar | Seni | Menulis Jurnal | Berdoa | Berpuasa | Membaca Quran | Jalan Kaki | Meditasi | Mandi | Buku Audio | Menulis | Menonton Serial | Berita Terkini | Makan Enak | Reddit | Yoga | Streaming | YouTube | Penelitian | Keluarga | Surel | Mendengarkan Lagu | Dokumenter | Teman | Sahabat Pena | Tutorial | Cinta | Rekaman,Biasa,Netral
06/01/2019,Jan-06,Minggu,7:23 pm,diberkati,Berdoa | Jalan Kaki | Mandi | Makan Enak | Reddit | Streaming | YouTube | Menonton Film | Bermain Game | Membersihkan Rumah | Tidur Siang Singkat | Surel | Desain,Baik,Positif
29/03/2020,Mar-29,Minggu,9:00 pm,sangat bahagia,Berdoa | Berpuasa | Jalan Kaki | Meditasi | Mandi | Dota 2 | Buku Audio | Menonton Serial | Berita Terkini | Makan Enak | Reddit | Streaming | YouTube | Tidur Siang Singkat | Mendengarkan Lagu | Sahabat Pena,Luar Biasa,Positif
06/07/2018,Jul-06,Jumat,2:15 pm,tersulut emosi,Berdoa | Berpuasa | Meditasi | Mandi | Streaming | YouTube,Sangat Buruk,Negatif
18/09/2020,Sep-18,Jumat,7:44 pm,tersulut emosi,Belajar | Berdoa | Berpuasa | Membaca Quran | Jalan Kaki | Meditasi | Mandi | Buku Audio | Menulis | Menonton Serial | Berita Terkini | Reddit | Belajar Bahasa | Streaming | YouTube | Memasak | Membersihkan Rumah | Penelitian | Hal Baru | Mendengarkan Lagu | Dokumenter | Sahabat Pena | Coding | Tutorial,Sangat Buruk,Negatif
16/10/2020,Oct-16,Jumat,9:18 pm,lemah,Belajar | Seni | Berdoa | Berpuasa | Jalan Kaki | Meditasi | Mandi | Dota 2 | Buku Audio | Menulis | Menonton Serial | Berita Terkini | Makan Enak | Reddit | Belajar Bahasa | Streaming | YouTube | Memasak | Membersihkan Rumah | Penelitian | Hal Baru | Tidur Siang Singkat | Mendengarkan Lagu | Dokumenter | Sahabat Pena | Coding | Tutorial,Biasa,Netral
22/12/2020,Dec-22,Selasa,3:21 am,fokus,Membaca | Belajar | Seni | Berpuasa | Mandi | Buku Audio | Menulis | Menonton Serial | Makan Enak | Reddit | Belajar Bahasa | Streaming | YouTube | Memasak | Traveling | Penelitian | Tidur Siang Singkat | Dokumenter | Sahabat Pena | Coding | Tutorial | Cinta,Baik,Positif
18/09/2020,Sep-18,Jumat,7:44 pm,tersulut emosi,Belajar | Berdoa | Berpuasa | Membaca Quran | Jalan Kaki | Meditasi | Mandi | Buku Audio | Menulis | Menonton Serial | Berita Terkini | Reddit | Belajar Bahasa | Streaming | YouTube | Memasak | Membersihkan Rumah | Penelitian | Hal Baru | Mendengarkan Lagu | Dokumenter | Sahabat Pena | Coding | Tutorial,Sangat Buruk,Negatif
18/12/2020,Dec-18,Jumat,10:59 pm,marah,Membaca | Belajar | Berdoa | Berpuasa | Mandi | Buku Audio | Menulis | Menonton Serial | Berita Terkini | Makan Enak | Reddit | Belajar Bahasa | Streaming | YouTube | Memasak | Traveling | Penelitian | Hal Baru | Tidur Siang Singkat | Dokumenter | Sahabat Pena | Coding | Tutorial,Sangat Buruk,Negatif
04/03/2020,Mar-04,Rabu,10:11 pm,sangat bahagia,Berpuasa | Jalan Kaki | Meditasi | Mandi | Dota 2 | Menonton Serial | Berita Terkini | Makan Enak | Reddit | Streaming | YouTube | Tidur Siang Singkat | Surel | Mendengarkan Lagu | Sahabat Pena,Luar Biasa,Positif
25/09/2020,Sep-25,Jumat,12:02 pm,khawatir,Belajar | Seni | Berdoa | Berpuasa | Olahraga | Membaca Quran | Jalan Kaki | Mandi | Buku Audio | Menonton Serial | Berita Terkini | Makan Enak | Reddit | Belajar Bahasa | Bercukur | Streaming | YouTube | Memasak | Penelitian | Hal Baru | Tidur Siang Singkat | Surel | Mendengarkan Lagu | Desain | Sahabat Pena | Coding | Tutorial | Rekaman,Buruk,Negatif
18/01/2020,Jan-18,Sabtu,9:01 pm,bersemangat,Berpuasa | Jalan Kaki | Meditasi | Podcast | Buku Audio | Menonton Serial | Makan Enak | Reddit | Streaming | YouTube | Diet Keto,Luar Biasa,Positif
26/06/2018,Jun-26,Selasa,1:46 am,lemah,Dota 2 | Podcast | Buku Audio | Menonton Serial | Streaming | YouTube | Surel,Biasa,Netral
01/07/2018,Jul-01,Minggu,7:31 pm,bingung,Membaca | Meditasi | Mandi | Dota 2 | Buku Audio | Menonton Serial | Streaming | YouTube | Menonton Film | Surel | Mendengarkan Lagu | Pekerjaan | Catatan Berat Badan,Biasa,Netral
12/02/2018,Feb-12,Senin,7:12 pm,tersulut emosi,Dota 2 | Streaming | YouTube | Hal Baru | Keluarga | Surel | Mendengarkan Lagu,Sangat Buruk,Negatif
23/12/2020,Dec-23,Rabu,9:23 pm,fokus,Membaca | Belajar | Berdoa | Meditasi | Mandi | Dota 2 | Podcast | Buku Audio | Menulis | Menonton Serial | Makan Enak | Reddit | Belajar Bahasa | Streaming | YouTube | Memasak | Membersihkan Rumah | Penelitian | Hal Baru | Tidur Siang Singkat | Perbaikan | Dokumenter | Sahabat Pena | Coding | Tutorial | Cinta,Baik,Positif
09/04/2020,Apr-09,Kamis,9:17 pm,sangat sedih,Berdoa | Berpuasa | Membaca Quran | Jalan Kaki | Meditasi | Mandi | Menulis | Menonton Serial | Berita Terkini | Makan Enak | Reddit | Streaming | YouTube | Menonton Film | Keluarga | Tidur Siang Singkat | Mendengarkan Lagu | Desain | Sahabat Pena,Sangat Buruk,Negatif
28/12/2018,Dec-28,Jumat,7:18 pm,bertanya-tanya,Berdoa | Dota 2 | Podcast | Berita Terkini | Makan Enak | Streaming | YouTube | Menonton Film | Bermain Game,Biasa,Netral
27/12/2020,Dec-27,Minggu,10:32 pm,diberkati,Membaca | Belajar | Berdoa | Berpuasa | Jalan Kaki | Mandi | Buku Audio | Menulis | Menonton Serial | Berita Terkini | Makan Enak | Reddit | Streaming | YouTube | Memasak | Membersihkan Rumah | Penelitian | Hal Baru | Tidur Siang Singkat | Mendengarkan Lagu | Dokumenter | Sahabat Pena | Coding | Tutorial,Baik,Positif
30/04/2018,Apr-30,Senin,2:00 pm,bertanya-tanya,,Biasa,Netral
12/04/2021,Apr-12,Senin,9:52 pm,marah,Membaca | Belajar | Berpuasa | Jalan Kaki | Meditasi | Mandi | Menulis | Menonton Serial | Makan Enak | Reddit | Belajar Bahasa | Streaming | YouTube | Memasak | Membersihkan Rumah | Penelitian | Hal Baru | Tidur Siang Singkat | Dokumenter | Sahabat Pena | Coding | Tutorial,Sangat Buruk,Negatif
26/06/2018,Jun-26,Selasa,1:46 am,lemah,Dota 2 | Podcast | Buku Audio | Menonton Serial | Streaming | YouTube | Surel,Biasa,Netral
02/05/2018,May-02,Rabu,2:02 pm,tersulut emosi,Streaming | YouTube | Surel,Sangat Buruk,Negatif
20/05/2020,May-20,Rabu,3:12 pm,marah,Membaca | Belajar | Seni | Berdoa | Berpuasa | Olahraga | Membaca Quran | Jalan Kaki | Meditasi | Mandi | Podcast | Buku Audio | Menulis | Berita Terkini | Makan Enak | Reddit | Belajar Bahasa | Streaming | YouTube | Penelitian | Tidur Siang Singkat | Surel | Mendengarkan Lagu,Sangat Buruk,Negatif
07/12/2019,Dec-07,Sabtu,9:01 pm,santai totalitas,Berpuasa | Jalan Kaki | Meditasi | Podcast | Buku Audio | Menonton Serial | Berita Terkini | Makan Enak | Reddit | Streaming | YouTube | Diet Keto,Baik,Positif
07/01/2020,Jan-07,Selasa,9:46 pm,bersemangat,Membaca | Seni | Berpuasa | Jalan Kaki | Meditasi | Dota 2 | Buku Audio | Makan Enak | Reddit | Streaming | YouTube | Bermain Game | Diet Keto,Luar Biasa,Positif
31/03/2021,Mar-31,Rabu,10:31 pm,santai totalitas,Membaca | Belajar | Seni | Berdoa | Berpuasa | Jalan Kaki | Meditasi | Mandi | Buku Audio | Menulis | Menonton Serial | Makan Enak | Reddit | Belajar Bahasa | Poetry | Streaming | YouTube | Memasak | Penelitian | Hal Baru | Mendengarkan Lagu | Desain | Dokumenter | Sahabat Pena | Coding | Tutorial,Baik,Positif
02/05/2018,May-02,Rabu,10:33 am,bingung,,Biasa,Netral
03/03/2018,Mar-03,Sabtu,2:00 pm,keren,Streaming | YouTube | Penelitian | Hal Baru | Surel | Program Doktor,Luar Biasa,Positif
17/09/2019,Sep-17,Selasa,1:36 pm,bingung,Seni | Berpuasa | Meditasi | Berita Terkini | Reddit | Desain,Biasa,Netral
22/11/2019,Nov-22,Jumat,9:00 pm,bertanya-tanya,Berdoa | Berpuasa | Jalan Kaki | Meditasi | Mandi | Buku Audio | Menonton Serial | Berita Terkini | Reddit | YouTube | Diet Keto | Catatan Berat Badan,Biasa,Netral
16/07/2018,Jul-16,Senin,10:20 am,bingung,,Biasa,Netral
07/07/2018,Jul-07,Sabtu,2:03 pm,tersulut emosi,Dota 2,Sangat Buruk,Negatif
20/03/2018,Mar-20,Selasa,10:08 am,khawatir,Dota 2 | Streaming | YouTube | Penelitian,Buruk,Negatif
16/11/2018,Nov-16,Jumat,8:24 pm,santai totalitas,Berdoa | Mandi | Buku Audio | Menonton Serial | Berita Terkini | YouTube | Bermain Game | Sahabat Pena,Baik,Positif
23/11/2018,Nov-23,Jumat,12:03 pm,diberkati,Berdoa | Meditasi | Buku Audio | Berita Terkini,Baik,Positif
01/03/2018,Mar-01,Kamis,12:20 pm,biasa saja,Dota 2 | Makan Enak | Streaming | YouTube | Tidur Siang Singkat,Biasa,Netral
29/04/2018,Apr-29,Minggu,11:42 am,khawatir,,Buruk,Negatif
21/02/2018,Feb-21,Rabu,2:29 pm,bertanya-tanya,YouTube | Tidur Siang Singkat,Biasa,Netral
31/12/2020,Dec-31,Kamis,12:36 pm,bersemangat,Membaca | Belajar | Seni | Berdoa | Berpuasa | Meditasi | Mandi | Buku Audio | Menulis | Menonton Serial | Berita Terkini | Makan Enak | Reddit | Streaming | YouTube | Memasak | Membersihkan Rumah | Penelitian | Hal Baru | Tidur Siang Singkat | Perbaikan | Dokumenter | Sahabat Pena | Coding | Tutorial,Luar Biasa,Positif
03/12/2019,Dec-03,Selasa,9:36 pm,keren,Berpuasa | Jalan Kaki | Meditasi | Mandi | Buku Audio | Menonton Serial | Makan Enak | Reddit | Streaming | YouTube | Traveling | Tidur Siang Singkat | Diet Keto | Catatan Berat Badan,Luar Biasa,Positif
23/09/2020,Sep-23,Rabu,9:00 pm,khawatir,Belajar | Buku Audio | Menulis | Menonton Serial | Berita Terkini | Makan Enak | Reddit | Belajar Bahasa | Streaming | YouTube | Memasak | Membersihkan Rumah | Penelitian | Tidur Siang Singkat | Sahabat Pena | Coding,Buruk,Negatif
02/06/2020,Jun-02,Selasa,3:57 pm,khawatir,Seni | Berpuasa | Dota 2 | Menonton Serial | Berita Terkini | Makan Enak | Reddit | Belajar Bahasa | Streaming | YouTube | Sahabat Pena,Buruk,Negatif
13/02/2018,Feb-13,Selasa,2:00 pm,marah,Makan Enak | YouTube | Surel,Sangat Buruk,Negatif
12/06/2018,Jun-12,Selasa,7:16 pm,lapar,Berdoa | Mandi | Dota 2 | Buku Audio,Baik,Positif
01/09/2020,Sep-01,Selasa,9:34 pm,tersulut emosi,Jalan Kaki | Podcast | Buku Audio | Makan Enak | Belajar Bahasa | Streaming | Memasak,Sangat Buruk,Negatif
06/02/2018,Feb-06,Selasa,9:56 am,buruk,Berpuasa | Jalan Kaki | Meditasi | Traveling | Rumah Sakit,Buruk,Negatif
21/03/2021,Mar-21,Minggu,3:42 am,lemah,Membaca | Berdoa | Berpuasa | Jalan Kaki | Meditasi | Mandi | Buku Audio | Menulis | Menonton Serial | Berita Terkini | Makan Enak | Reddit | Belajar Bahasa | Streaming | YouTube | Memasak | Penelitian | Hal Baru | Tidur Siang Singkat | Dokumenter | Sahabat Pena | Coding | Tutorial,Biasa,Netral
26/05/2018,May-26,Sabtu,10:05 am,khawatir,,Buruk,Negatif
02/03/2020,Mar-02,Senin,9:00 pm,bersemangat,Berdoa | Berpuasa | Membaca Quran | Jalan Kaki | Meditasi | Mandi | Dota 2 | Buku Audio | Menonton Serial | Berita Terkini | Makan Enak | Reddit | Streaming | YouTube | Tidur Siang Singkat | Mendengarkan Lagu | Teman | Sahabat Pena | Diet Keto,Luar Biasa,Positif
04/07/2018,Jul-04,Rabu,11:14 am,lemah,,Biasa,Netral
22/01/2020,Jan-22,Rabu,9:02 pm,bertanya-tanya,Jalan Kaki | Meditasi | Dota 2 | Buku Audio | Menonton Serial | Berita Terkini | Makan Enak | Reddit | Streaming | YouTube | Tidur Siang Singkat,Biasa,Netral
29/11/2018,Nov-29,Kamis,7:20 pm,diberkati,Jalan Kaki | Mandi | Buku Audio | Makan Enak | Bermain Game | Traveling | Mendengarkan Lagu | Desain,Baik,Positif
04/02/2018,Feb-04,Minggu,11:23 am,biasa saja,Meditasi | YouTube | Penelitian,Biasa,Netral
22/06/2018,Jun-22,Jumat,10:10 am,lapar,Dota 2 | Streaming | YouTube | Mendengarkan Lagu,Baik,Positif
11/08/2020,Aug-11,Selasa,9:00 pm,bertanya-tanya,Membaca | Seni | Berdoa | Berpuasa | Membaca Quran | Jalan Kaki | Meditasi | Mandi | Podcast | Buku Audio | Menulis | Menonton Serial | Berita Terkini | Makan Enak | Reddit | Belajar Bahasa | Poetry | Streaming | YouTube | Membersihkan Rumah | Tidur Siang Singkat | Mendengarkan Lagu | Desain | Dokumenter | Cinta,Biasa,Netral
01/05/2018,May-01,Selasa,2:51 pm,khawatir,Membaca | Menulis Jurnal | YouTube | Penelitian,Buruk,Negatif
02/08/2020,Aug-02,Minggu,9:02 pm,biasa saja,Membaca | Berdoa | Berpuasa | Membaca Quran | Jalan Kaki | Meditasi | Mandi | Dota 2 | Podcast | Buku Audio | Menulis | Menonton Serial | Berita Terkini | Makan Enak | Reddit | Belajar Bahasa | Streaming | YouTube | Membersihkan Rumah | Penelitian | Keluarga | Tidur Siang Singkat | Dokumenter,Biasa,Netral
07/11/2018,Nov-07,Rabu,12:15 pm,santai totalitas,Membaca | Meditasi | Mandi | Berita Terkini | Makan Enak | Mendengarkan Lagu | Sahabat Pena,Baik,Positif
24/03/2018,Mar-24,Sabtu,2:15 pm,santai totalitas,Menonton Serial | Streaming | YouTube,Baik,Positif
22/02/2018,Feb-22,Kamis,2:00 pm,bingung,Mandi | Menonton Serial | YouTube | Menonton Film | Tidur Siang Singkat,Biasa,Netral
14/06/2020,Jun-14,Minggu,9:28 pm,sangat bahagia,Membaca | Jalan Kaki | Mandi | Dota 2 | Menulis | Menonton Serial | Berita Terkini | Makan Enak | Reddit | Streaming | YouTube | Menonton Film | Keluarga | Dokumenter | Teman | Sahabat Pena | Cinta,Luar Biasa,Positif
07/07/2020,Jul-07,Selasa,9:40 pm,lemah,Membaca | Berdoa | Berpuasa | Membaca Quran | Jalan Kaki | Meditasi | Dota 2 | Podcast | Buku Audio | Menulis | Menonton Serial | Berita Terkini | Makan Enak | Reddit | Belajar Bahasa | Streaming | YouTube | Keluarga | Mendengarkan Lagu | Cinta,Biasa,Netral
18/01/2020,Jan-18,Sabtu,9:01 pm,bersemangat,Berpuasa | Jalan Kaki | Meditasi | Podcast | Buku Audio | Menonton Serial | Makan Enak | Reddit | Streaming | YouTube | Diet Keto,Luar Biasa,Positif
26/05/2018,May-26,Sabtu,10:05 am,khawatir,,Buruk,Negatif
05/12/2018,Dec-05,Rabu,7:37 pm,takut,Jalan Kaki | Dota 2 | Podcast | Menonton Serial | Berita Terkini | Makan Enak | Streaming | YouTube | Desain,Buruk,Negatif
17/11/2020,Nov-17,Selasa,10:41 pm,fokus,Membaca | Jalan Kaki | Meditasi | Mandi | Buku Audio | Menulis | Menonton Serial | Berita Terkini | Reddit | Belajar Bahasa | Streaming | YouTube | Memasak | Membersihkan Rumah | Penelitian | Hal Baru | Tidur Siang Singkat | Desain | Perbaikan | Dokumenter | Sahabat Pena | Coding | Tutorial | Cinta | Rekaman,Baik,Positif
05/03/2018,Mar-05,Senin,10:44 am,tersulut emosi,Dota 2,Sangat Buruk,Negatif
02/10/2020,Oct-02,Jumat,9:30 pm,lemah,Belajar | Seni | Berdoa | Berpuasa | Membaca Quran | Jalan Kaki | Mandi | Buku Audio | Menulis | Menonton Serial | Berita Terkini | Makan Enak | Reddit | Belajar Bahasa | Streaming | YouTube | Memasak | Membersihkan Rumah | Penelitian | Hal Baru | Tidur Siang Singkat | Perbaikan | Sahabat Pena | Coding | Tutorial,Biasa,Netral
12/04/2021,Apr-12,Senin,9:52 pm,marah,Membaca | Belajar | Berpuasa | Jalan Kaki | Meditasi | Mandi | Menulis | Menonton Serial | Makan Enak | Reddit | Belajar Bahasa | Streaming | YouTube | Memasak | Membersihkan Rumah | Penelitian | Hal Baru | Tidur Siang Singkat | Dokumenter | Sahabat Pena | Coding | Tutorial,Sangat Buruk,Negatif
01/07/2018,Jul-01,Minggu,7:31 pm,bingung,Membaca | Meditasi | Mandi | Dota 2 | Buku Audio | Menonton Serial | Streaming | YouTube | Menonton Film | Surel | Mendengarkan Lagu | Pekerjaan | Catatan Berat Badan,Biasa,Netral
23/12/2018,Dec-23,Minggu,7:52 pm,sangat sedih,Dota 2 | Streaming | YouTube,Sangat Buruk,Negatif
11/02/2020,Feb-11,Selasa,9:26 pm,bersemangat,Berpuasa | Jalan Kaki | Meditasi | Mandi | Dota 2 | Menonton Serial | Berita Terkini | Makan Enak | Reddit | Streaming | YouTube | Sahabat Pena | Catatan Berat Badan,Luar Biasa,Positif
11/03/2018,Mar-11,Minggu,7:01 pm,sangat sedih,,Sangat Buruk,Negatif
20/06/2020,Jun-20,Sabtu,9:20 pm,lemah,Membaca | Berdoa | Berpuasa | Membaca Quran | Jalan Kaki | Meditasi | Buku Audio | Berita Terkini | Makan Enak | Reddit | Streaming | YouTube | Keluarga | Tidur Siang Singkat | Mendengarkan Lagu | Desain | Dokumenter | Cinta,Biasa,Netral
05/06/2020,Jun-05,Jumat,9:02 pm,bingung,Seni | Berpuasa | Makan Enak | Reddit | Belajar Bahasa | Streaming | YouTube | Tidur Siang Singkat | Mendengarkan Lagu | Desain | Sahabat Pena,Biasa,Netral
06/02/2018,Feb-06,Selasa,8:39 pm,sakit,Dota 2 | Streaming | Keluarga,Buruk,Negatif
09/10/2020,Oct-09,Jumat,9:00 pm,khawatir,Belajar | Berdoa | Berpuasa | Olahraga | Membaca Quran | Jalan Kaki | Mandi | Buku Audio | Menonton Serial | Berita Terkini | Makan Enak | Reddit | Belajar Bahasa | Streaming | YouTube | Memasak | Membersihkan Rumah | Penelitian | Hal Baru | Tidur Siang Singkat | Surel | Dokumenter | Sahabat Pena | Coding | Tutorial,Buruk,Negatif
14/11/2020,Nov-14,Sabtu,9:30 pm,lapar,Belajar | Seni | Berpuasa | Jalan Kaki | Mandi | Buku Audio | Menulis | Menonton Serial | Berita Terkini | Makan Enak | Reddit | Belajar Bahasa | Streaming | YouTube | Memasak | Membersihkan Rumah | Hal Baru | Tidur Siang Singkat | Mendengarkan Lagu | Desain | Perbaikan | Sahabat Pena | Coding | Tutorial | Cinta | Rekaman,Baik,Positif
09/10/2020,Oct-09,Jumat,9:00 pm,khawatir,Belajar | Berdoa | Berpuasa | Olahraga | Membaca Quran | Jalan Kaki | Mandi | Buku Audio | Menonton Serial | Berita Terkini | Makan Enak | Reddit | Belajar Bahasa | Streaming | YouTube | Memasak | Membersihkan Rumah | Penelitian | Hal Baru | Tidur Siang Singkat | Surel | Dokumenter | Sahabat Pena | Coding | Tutorial,Buruk,Negatif
05/11/2018,Nov-05,Senin,10:07 am,bertanya-tanya,Membaca | Meditasi | Buku Audio | Berita Terkini | YouTube | Hal Baru | Sahabat Pena | Catatan Berat Badan,Biasa,Netral
24/07/2020,Jul-24,Jumat,9:10 pm,bertanya-tanya,Belajar | Seni | Menulis Jurnal | Berdoa | Berpuasa | Membaca Quran | Jalan Kaki | Meditasi | Mandi | Dota 2 | Podcast | Buku Audio | Menulis | Menonton Serial | Berita Terkini | Makan Enak | Reddit | Belajar Bahasa | Streaming | YouTube | Membersihkan Rumah | Penelitian | Tidur Siang Singkat | Desain,Biasa,Netral
31/03/2018,Mar-31,Sabtu,10:00 am,bingung,,Biasa,Netral
13/06/2018,Jun-13,Rabu,2:09 pm,bingung,Surel | Pekerjaan,Biasa,Netral
12/08/2020,Aug-12,Rabu,8:54 pm,lemah,Seni | Berdoa | Berpuasa | Membaca Quran | Jalan Kaki | Meditasi | Mandi | Podcast | Buku Audio | Menulis | Menonton Serial | Berita Terkini | Makan Enak | Reddit | Belajar Bahasa | Streaming | YouTube | Penelitian | Hal Baru | Tidur Siang Singkat | Mendengarkan Lagu | Dokumenter | Tutorial | Cinta,Biasa,Netral
