tanggal_lengkap,hari,hour,mood,mood_score,sub_suasana_hati,aktivitas,activity_count,is_weekend,has_meditation,has_exercise,mood_positive
2020-10-07,Rabu,21,Netral,2,bingung,Belajar | Seni | Berdoa | Berpuasa | Membaca Quran | Jalan Kaki | Mandi | Buku Audio | Menonton Serial | Berita Terkini | Makan Enak | Reddit | Belajar Bahasa | Streaming | YouTube | Memasak | Traveling | Membersihkan Rumah | Penelitian | Hal Baru | Tidur Siang Singkat | Dokumenter | Sahabat Pena | Coding | Tutorial,25,0,0,1,0
2018-10-25,Kamis,10,Netral,2,bertanya-tanya,Berita Terkini | Sahabat Pena,2,0,0,0,0
2019-05-04,Sabtu,10,Negatif,1,tersulut emosi,Dota 2 | Podcast | Buku Audio | Berita Terkini | Makan Enak | Reddit | Streaming | YouTube | Surel | Mendengarkan Lagu | Desain | Catatan Berat Badan,12,1,0,0,0
2018-03-03,Sabtu,14,Positif,3,keren,Streaming | YouTube | Penelitian | Hal Baru | Surel | Program Doktor,6,1,0,0,1
2020-08-07,Jumat,7,Negatif,1,marah,Membaca | Belajar | Seni | Berdoa | Berpuasa | Membaca Quran | Jalan Kaki | Meditasi | Mandi | Dota 2 | Podcast | Buku Audio | Menulis | Menonton Serial | Berita Terkini | Makan Enak | Reddit | Belajar Bahasa | Streaming | YouTube | Menonton Film | Bermain Game | Hal Baru | Keluarga | Tidur Siang Singkat | Mendengarkan Lagu | Desain | Dokumenter | Cinta | Rekaman,30,0,1,1,0
2020-05-21,Kamis,20,Netral,2,biasa saja,Membaca | Belajar | Seni | Menulis Jurnal | Berdoa | Berpuasa | Membaca Quran | Meditasi | Mandi | Buku Audio | Menulis | Berita Terkini | Makan Enak | Reddit | Belajar Bahasa | Streaming | YouTube | Penelitian | Hal Baru | Tidur Siang Singkat | Mendengarkan Lagu | Sahabat Pena | Catatan Berat Badan,23,0,1,0,0
2018-03-05,Senin,19,Negatif,1,marah,Dota 2 | Streaming | YouTube,3,0,0,0,0
2020-07-20,Senin,21,Netral,2,bertanya-tanya,Membaca | Belajar | Seni | Menulis Jurnal | Berdoa | Membaca Quran | Jalan Kaki | Meditasi | Mandi | Dota 2 | Podcast | Buku Audio | Menulis | Menonton Serial | Berita Terkini | Makan Enak | Reddit | Belajar Bahasa | Streaming | YouTube | Membersihkan Rumah | Penelitian | Hal Baru | Tidur Siang Singkat | Mendengarkan Lagu | Desain | Dokumenter | Tutorial | Cinta,29,0,1,1,0
2018-02-04,Minggu,20,Positif,3,santai totalitas,Menulis Jurnal | Jalan Kaki | Meditasi | Buku Audio | Makan Enak | Streaming | YouTube | Hal Baru,8,1,1,1,1
2020-09-22,Selasa,21,Netral,2,lemah,Belajar | Seni | Berdoa | Berpuasa | Membaca Quran | Jalan Kaki | Buku Audio | Menulis | Menonton Serial | Berita Terkini | Makan Enak | Reddit | Belajar Bahasa | Streaming | YouTube | Memasak | Membersihkan Rumah | Penelitian | Hal Baru | Tidur Siang Singkat | Mendengarkan Lagu | Sahabat Pena | Coding | Tutorial,24,0,0,1,0
2018-09-12,Rabu,14,Negatif,1,tersulut emosi,Dota 2,1,0,0,0,0
2020-08-15,Sabtu,21,Negatif,1,buruk,Seni | Jalan Kaki | Podcast | Buku Audio | Menonton Serial | Reddit | Belajar Bahasa | Streaming | YouTube,9,1,0,1,0
2018-09-12,Rabu,19,Negatif,1,sakit,Dota 2 | YouTube,2,0,0,0,0
2020-04-22,Rabu,10,Negatif,1,takut,Seni | Berdoa | Membaca Quran | Jalan Kaki | Meditasi | Mandi | Menulis | Menonton Serial | Berita Terkini | Makan Enak | Reddit | Streaming | YouTube | Tidur Siang Singkat | Mendengarkan Lagu | Desain | Sahabat Pena,17,0,1,1,0
2018-11-21,Rabu,10,Positif,3,diberkati,Berpuasa | Meditasi | Dota 2 | Podcast | Buku Audio | Berita Terkini | Makan Enak | Streaming | YouTube | Bermain Game | Traveling | Sahabat Pena | Pesta | Catatan Berat Badan,14,0,1,0,1
2018-11-13,Selasa,12,Positif,3,santai totalitas,Membaca | Meditasi | Buku Audio | Sahabat Pena,4,0,1,0,1
2020-03-07,Sabtu,21,Positif,3,bersemangat,Berdoa | Berpuasa | Jalan Kaki | Meditasi | Podcast | Buku Audio | Menulis | Menonton Serial | Berita Terkini | Makan Enak | Reddit | Streaming | YouTube | Mendengarkan Lagu | Sahabat Pena,15,1,1,1,1
2018-03-05,Senin,19,Negatif,1,marah,Dota 2 | Streaming | YouTube,3,0,0,0,0
2018-12-26,Rabu,19,Positif,3,lapar,Meditasi | Dota 2 | Berita Terkini | Makan Enak | Streaming | YouTube | Bermain Game | Tidur Siang Singkat,8,0,1,0,1
2020-06-27,Sabtu,21,Positif,3,bersemangat,Membaca | Belajar | Seni | Berdoa | Berpuasa | Membaca Quran | Jalan Kaki | Meditasi | Mandi | Buku Audio | Menulis | Menonton Serial | Berita Terkini | Makan Enak | Reddit | Streaming | YouTube | Menonton Film | Keluarga | Tidur Siang Singkat | Mendengarkan Lagu | Dokumenter | Tutorial | Cinta,24,1,1,1,1
2018-09-13,Kamis,14,Negatif,1,tersulut emosi,Dota 2,1,0,0,0,0
2018-03-20,Selasa,10,Negatif,1,khawatir,Dota 2 | Streaming | YouTube | Penelitian,4,0,0,0,0
2018-07-07,Sabtu,14,Negatif,1,tersulut emosi,Dota 2,1,1,0,0,0
2018-02-12,Senin,14,Positif,3,santai,Dota 2 | Streaming | Mendengarkan Lagu,3,0,0,0,1
2020-05-28,Kamis,22,Positif,3,santai totalitas,Belajar | Menulis Jurnal | Berdoa | Berpuasa | Membaca Quran | Jalan Kaki | Meditasi | Mandi | Buku Audio | Menulis | Menonton Serial | Berita Terkini | Makan Enak | Reddit | Belajar Bahasa | Streaming | YouTube | Hal Baru | Tidur Siang Singkat | Mendengarkan Lagu | Sahabat Pena,21,0,1,1,1
2020-08-29,Sabtu,21,Negatif,1,takut,Belajar | Seni | Berdoa | Berpuasa | Membaca Quran | Jalan Kaki | Meditasi | Mandi | Podcast | Buku Audio | Menonton Serial | Berita Terkini | Makan Enak | Reddit | Belajar Bahasa | Streaming | YouTube | Traveling | Dokumenter | Coding | Rekaman,21,1,1,1,0
2020-09-09,Rabu,21,Positif,3,keren,Belajar | Berdoa | Membaca Quran | Jalan Kaki | Meditasi | Mandi | Buku Audio | Menulis | Menonton Serial | Berita Terkini | Makan Enak | Reddit | Belajar Bahasa | Bercukur | Poetry | Streaming | YouTube | Memasak | Penelitian | Hal Baru | Keluarga | Surel | Mendengarkan Lagu | Dokumenter | Belanja | Coding | Tutorial | Rekaman,28,0,1,1,1
2018-04-04,Rabu,10,Negatif,1,sangat sedih,Dota 2 | Streaming,2,0,0,0,0
2018-02-03,Sabtu,15,Netral,2,biasa saja,Jalan Kaki | Meditasi | Dota 2 | Buku Audio | Streaming | Traveling | Penelitian | Hal Baru,8,1,1,1,0
2020-11-28,Sabtu,10,Positif,3,fokus,Membaca | Berdoa | Berpuasa | Jalan Kaki | Meditasi | Mandi | Buku Audio | Menulis | Menonton Serial | Berita Terkini | Makan Enak | Reddit | Streaming | YouTube | Memasak | Membersihkan Rumah | Penelitian | Tidur Siang Singkat | Mendengarkan Lagu | Sahabat Pena | Coding | Tutorial | Cinta,23,1,1,1,1
2018-06-26,Selasa,14,Positif,3,bersemangat,Membaca | Menulis Jurnal | Berdoa | Mandi | Buku Audio | Menonton Serial | Hal Baru | Surel | Catatan Berat Badan,9,0,0,0,1
2020-08-16,Minggu,21,Negatif,1,sangat buruk,Seni | Menulis Jurnal | Berdoa | Berpuasa | Membaca Quran | Jalan Kaki | Meditasi | Mandi | Podcast | Buku Audio | Menonton Serial | Berita Terkini | Makan Enak | Reddit | Belajar Bahasa | Streaming | YouTube | Penelitian | Dokumenter,19,1,1,1,0
2020-01-18,Sabtu,21,Positif,3,bersemangat,Berpuasa | Jalan Kaki | Meditasi | Podcast | Buku Audio | Menonton Serial | Makan Enak | Reddit | Streaming | YouTube | Diet Keto,11,1,1,1,1
2019-12-06,Jumat,21,Positif,3,lapar,Berpuasa | Jalan Kaki | Meditasi | Mandi | Dota 2 | Buku Audio | Menonton Serial | Berita Terkini | Reddit | Streaming | YouTube | Diet Keto,12,0,1,1,1
2020-08-15,Sabtu,21,Negatif,1,buruk,Seni | Jalan Kaki | Podcast | Buku Audio | Menonton Serial | Reddit | Belajar Bahasa | Streaming | YouTube,9,1,0,1,0
2021-01-11,Senin,21,Positif,3,keren,Membaca | Berpuasa | Meditasi | Mandi | Buku Audio | Menulis | Menonton Serial | Berita Terkini | Makan Enak | Reddit | Belajar Bahasa | Yoga | Streaming | YouTube | Membersihkan Rumah | Penelitian | Keluarga | Tidur Siang Singkat | Perbaikan | Dokumenter | Sahabat Pena | Coding | Tutorial | Cinta,24,0,1,1,1
2018-03-09,Jumat,10,Netral,2,lemah,Jalan Kaki,1,0,0,1,0
2018-11-25,Minggu,18,Netral,2,bingung,Meditasi | Dota 2 | Podcast | Buku Audio | Menonton Serial | Berita Terkini | Makan Enak | YouTube | Bermain Game | Surel | Sahabat Pena | Catatan Berat Badan,12,1,1,0,0
2018-03-26,Senin,8,Negatif,1,khawatir,Streaming,1,0,0,0,0
2020-08-10,Senin,21,Netral,2,bertanya-tanya,Membaca | Seni | Berdoa | Berpuasa | Membaca Quran | Jalan Kaki | Meditasi | Mandi | Dota 2 | Buku Audio | Menulis | Menonton Serial | Berita Terkini | Makan Enak | Reddit | Belajar Bahasa | Bercukur | Merapikan Rambut | Streaming | YouTube | Membersihkan Rumah | Tidur Siang Singkat | Mendengarkan Lagu | Dokumenter | Cinta,25,0,1,1,0
2020-12-06,Minggu,22,Negatif,1,takut,Membaca | Belajar | Berdoa | Berpuasa | Jalan Kaki | Meditasi | Mandi | Buku Audio | Menulis | Menonton Serial | Berita Terkini | Makan Enak | Reddit | Belajar Bahasa | Streaming | YouTube | Memasak | Hal Baru | Tidur Siang Singkat | Mendengarkan Lagu | Dokumenter | Sahabat Pena | Coding | Tutorial | Cinta,25,1,1,1,0
2018-02-06,Selasa,20,Negatif,1,sakit,Dota 2 | Streaming | Keluarga,3,0,0,0,0
2021-01-22,Jumat,13,Negatif,1,marah,Membaca | Belajar | Berdoa | Berpuasa | Jalan Kaki | Buku Audio | Menulis | Menonton Serial | Makan Enak | Reddit | Belajar Bahasa | Streaming | YouTube | Memasak | Membersihkan Rumah | Penelitian | Hal Baru | Tidur Siang Singkat | Dokumenter | Sahabat Pena | Coding | Tutorial,22,0,0,1,0
2020-09-18,Jumat,19,Negatif,1,tersulut emosi,Belajar | Berdoa | Berpuasa | Membaca Quran | Jalan Kaki | Meditasi | Mandi | Buku Audio | Menulis | Menonton Serial | Berita Terkini | Reddit | Belajar Bahasa | Streaming | YouTube | Memasak | Membersihkan Rumah | Penelitian | Hal Baru | Mendengarkan Lagu | Dokumenter | Sahabat Pena | Coding | Tutorial,24,0,1,1,0
2018-05-02,Rabu,11,Negatif,1,khawatir,YouTube | Surel,2,0,0,0,0
2019-12-19,Kamis,21,Positif,3,fokus,Berpuasa | Jalan Kaki | Meditasi | Mandi | Dota 2 | Buku Audio | Berita Terkini | Makan Enak | Reddit | Streaming | YouTube | Diet Keto | Catatan Berat Badan,13,0,1,1,1
2018-02-11,Minggu,10,Netral,2,biasa saja,Dota 2 | YouTube | Tidur Siang Singkat,3,1,0,0,0
2020-05-19,Selasa,15,Negatif,1,khawatir,Membaca | Belajar | Seni | Menulis Jurnal | Berdoa | Berpuasa | Membaca Quran | Jalan Kaki | Meditasi | Mandi | Podcast | Buku Audio | Menulis | Menonton Serial | Berita Terkini | Makan Enak | Reddit | Belajar Bahasa | Streaming | YouTube | Penelitian | Hal Baru | Keluarga | Mendengarkan Lagu | Desain | Catatan Berat Badan,26,0,1,1,0
2018-07-17,Selasa,19,Negatif,1,sangat sedih,Dota 2 | Podcast | Makan Enak | Streaming | YouTube | Catatan Berat Badan,6,0,0,0,0
2019-05-01,Rabu,20,Netral,2,bingung,Jalan Kaki | Podcast | Buku Audio | Berita Terkini | Makan Enak | Reddit | Streaming | YouTube | Surel | Desain | Catatan Berat Badan,11,0,0,1,0
2020-08-05,Rabu,14,Negatif,1,sangat buruk,Membaca | Belajar | Seni | Berdoa | Berpuasa | Membaca Quran | Jalan Kaki | Meditasi | Mandi | Dota 2 | Podcast | Buku Audio | Menulis | Menonton Serial | Berita Terkini | Makan Enak | Reddit | Belajar Bahasa | Streaming | YouTube | Penelitian | Keluarga | Tidur Siang Singkat | Mendengarkan Lagu | Dokumenter | Cinta,26,0,1,1,0
2020-09-02,Rabu,21,Netral,2,bertanya-tanya,Membaca | Belajar | Seni | Berdoa | Berpuasa | Membaca Quran | Jalan Kaki | Meditasi | Mandi | Menonton Serial | Berita Terkini | Makan Enak | Reddit | Belajar Bahasa | Bercukur | Streaming | YouTube | Memasak | Meditasi Holotropik | Keluarga | Tidur Siang Singkat | Mendengarkan Lagu | Dokumenter | Sahabat Pena | Belanja | Coding | Pekerjaan | Rekaman,28,0,1,1,0
2018-03-17,Sabtu,10,Netral,2,bertanya-tanya,Menonton Film,1,1,0,0,0
2020-12-11,Jumat,21,Negatif,1,sangat sedih,Belajar | Jalan Kaki | Buku Audio | Menulis | Menonton Serial | Streaming | YouTube | Membersihkan Rumah | Penelitian | Hal Baru | Sahabat Pena | Coding | Tutorial | Cinta,14,0,0,1,0
2018-03-05,Senin,10,Negatif,1,tersulut emosi,Dota 2,1,0,0,0,0
2018-02-03,Sabtu,19,Negatif,1,marah,Menulis Jurnal | Dota 2 | Streaming | Belanja,4,1,0,0,0
2018-02-06,Selasa,20,Negatif,1,sakit,Dota 2 | Streaming | Keluarga,3,0,0,0,0
2021-01-22,Jumat,13,Negatif,1,marah,Membaca | Belajar | Berdoa | Berpuasa | Jalan Kaki | Buku Audio | Menulis | Menonton Serial | Makan Enak | Reddit | Belajar Bahasa | Streaming | YouTube | Memasak | Membersihkan Rumah | Penelitian | Hal Baru | Tidur Siang Singkat | Dokumenter | Sahabat Pena | Coding | Tutorial,22,0,0,1,0
2020-05-19,Selasa,15,Negatif,1,khawatir,Membaca | Belajar | Seni | Menulis Jurnal | Berdoa | Berpuasa | Membaca Quran | Jalan Kaki | Meditasi | Mandi | Podcast | Buku Audio | Menulis | Menonton Serial | Berita Terkini | Makan Enak | Reddit | Belajar Bahasa | Streaming | YouTube | Penelitian | Hal Baru | Keluarga | Mendengarkan Lagu | Desain | Catatan Berat Badan,26,0,1,1,0
2020-08-26,Rabu,20,Netral,2,biasa saja,Seni | Meditasi | Mandi | Podcast | Buku Audio | Menulis | Berita Terkini | Makan Enak | Reddit | Belajar Bahasa | Poetry | Streaming | YouTube | Penelitian | Keluarga | Dokumenter | Coding | Rekaman,18,0,1,0,0
2018-05-01,Selasa,14,Negatif,1,khawatir,Membaca | Menulis Jurnal | YouTube | Penelitian,4,0,0,0,0
2020-03-27,Jumat,23,Positif,3,keren,Berdoa | Berpuasa | Meditasi | Mandi | Buku Audio | Menonton Serial | Berita Terkini | Makan Enak | Reddit | Streaming | YouTube | Tidur Siang Singkat | Mendengarkan Lagu | Sahabat Pena,14,0,1,0,1
2020-01-18,Sabtu,21,Positif,3,bersemangat,Berpuasa | Jalan Kaki | Meditasi | Podcast | Buku Audio | Menonton Serial | Makan Enak | Reddit | Streaming | YouTube | Diet Keto,11,1,1,1,1
2019-11-06,Rabu,19,Positif,3,sangat bahagia,Menulis Jurnal | Berdoa | Berpuasa | Jalan Kaki | Meditasi | Podcast | Buku Audio | Menonton Serial | Berita Terkini | Reddit | Streaming | YouTube | Mendengarkan Lagu | Kabbalah | Diet Keto | Catatan Berat Badan,16,0,1,1,1
2020-08-25,Selasa,22,Negatif,1,sangat buruk,Seni | Berpuasa | Olahraga | Meditasi | Buku Audio | Menulis | Menonton Serial | Reddit | Belajar Bahasa | Streaming | YouTube | Tidur Siang Singkat | Dokumenter | Coding | Rekaman,15,0,1,1,0
2018-04-27,Jumat,19,Netral,2,bertanya-tanya,Dota 2,1,0,0,0,0
2018-03-20,Selasa,10,Negatif,1,khawatir,Dota 2 | Streaming | YouTube | Penelitian,4,0,0,0,0
2020-08-16,Minggu,18,Negatif,1,sangat sedih,Seni | Berpuasa | Meditasi | Podcast | Buku Audio | Berita Terkini | Makan Enak | Reddit | Belajar Bahasa | YouTube | Cinta,11,1,1,0,0
2018-09-11,Selasa,19,Positif,3,santai,Dota 2 | Berita Terkini | YouTube,3,0,0,0,1
2018-05-01,Selasa,14,Negatif,1,khawatir,Membaca | Menulis Jurnal | YouTube | Penelitian,4,0,0,0,0
2018-02-14,Rabu,19,Negatif,1,tersulut emosi,Jalan Kaki | YouTube | Mendengarkan Lagu,3,0,0,1,0
2018-10-23,Selasa,19,Netral,2,bingung,Berdoa | Jalan Kaki | Podcast | Tidur Siang Singkat | Sahabat Pena,5,0,0,1,0
2018-03-06,Selasa,10,Netral,2,bertanya-tanya,Dota 2 | YouTube | Surel,3,0,0,0,0
2018-04-04,Rabu,10,Negatif,1,sangat sedih,Dota 2 | Streaming,2,0,0,0,0
2020-12-02,Rabu,2,Netral,2,bertanya-tanya,Membaca | Belajar | Seni | Berdoa | Berpuasa | Jalan Kaki | Meditasi | Mandi | Buku Audio | Menulis | Menonton Serial | Berita Terkini | Makan Enak | Reddit | Belajar Bahasa | Streaming | YouTube | Memasak | Membersihkan Rumah | Penelitian | Hal Baru | Tidur Siang Singkat | Dokumenter | Sahabat Pena | Coding | Tutorial | Cinta,27,0,1,1,0
2020-09-29,Selasa,21,Negatif,1,takut,Seni | Berpuasa | Jalan Kaki | Menonton Serial | Berita Terkini | Makan Enak | Reddit | Streaming | YouTube | Memasak | Penelitian | Hal Baru | Tidur Siang Singkat | Dokumenter | Sahabat Pena | Coding | Tutorial,17,0,0,1,0
2018-02-26,Senin,19,Positif,3,hari paling bahagia,Dota 2 | Streaming | Membersihkan Rumah | Surel,4,0,0,0,1
2020-10-16,Jumat,21,Netral,2,lemah,Belajar | Seni | Berdoa | Berpuasa | Jalan Kaki | Meditasi | Mandi | Dota 2 | Buku Audio | Menulis | Menonton Serial | Berita Terkini | Makan Enak | Reddit | Belajar Bahasa | Streaming | YouTube | Memasak | Membersihkan Rumah | Penelitian | Hal Baru | Tidur Siang Singkat | Mendengarkan Lagu | Dokumenter | Sahabat Pena | Coding | Tutorial,27,0,1,1,0
2018-04-05,Kamis,14,Negatif,1,sakit,Streaming,1,0,0,0,0
2020-08-17,Senin,19,Netral,2,bingung,Berdoa | Berpuasa | Membaca Quran | Jalan Kaki | Meditasi | Mandi | Buku Audio | Menonton Serial | Berita Terkini | Makan Enak | Reddit | Belajar Bahasa | Streaming | YouTube | Tidur Siang Singkat | Dokumenter | Cinta,17,0,1,1,0
2020-09-12,Sabtu,20,Positif,3,bersemangat,Belajar | Seni | Berdoa | Berpuasa | Membaca Quran | Jalan Kaki | Meditasi | Podcast | Buku Audio | Menonton Serial | Berita Terkini | Makan Enak | Reddit | Belajar Bahasa | Streaming | YouTube | Penelitian | Mendengarkan Lagu | Sahabat Pena | Coding | Tutorial | Rekaman,22,1,1,1,1
2021-03-12,Jumat,21,Positif,3,fokus,Membaca | Belajar | Berdoa | Berpuasa | Jalan Kaki | Meditasi | Podcast | Buku Audio | Menulis | Menonton Serial | Makan Enak | Reddit | Belajar Bahasa | Streaming | YouTube | Memasak | Membersihkan Rumah | Penelitian | Hal Baru | Tidur Siang Singkat | Mendengarkan Lagu | Dokumenter | Sahabat Pena | Coding | Tutorial,25,0,1,1,1
2021-02-19,Jumat,23,Positif,3,keren,Membaca | Berdoa | Berpuasa | Jalan Kaki | Mandi | Buku Audio | Menulis | Menonton Serial | Makan Enak | Reddit | Belajar Bahasa | Streaming | YouTube | Memasak | Membersihkan Rumah | Penelitian | Hal Baru | Tidur Siang Singkat | Dokumenter | Sahabat Pena | Coding | Tutorial,22,0,0,1,1
2018-03-05,Senin,10,Negatif,1,tersulut emosi,Dota 2,1,0,0,0,0
2020-05-19,Selasa,15,Negatif,1,khawatir,Membaca | Belajar | Seni | Menulis Jurnal | Berdoa | Berpuasa | Membaca Quran | Jalan Kaki | Meditasi | Mandi | Podcast | Buku Audio | Menulis | Menonton Serial | Berita Terkini | Makan Enak | Reddit | Belajar Bahasa | Streaming | YouTube | Penelitian | Hal Baru | Keluarga | Mendengarkan Lagu | Desain | Catatan Berat Badan,26,0,1,1,0
2019-09-18,Rabu,14,Netral,2,lemah,Menulis Jurnal | Berpuasa | Meditasi | Dota 2 | Berita Terkini,5,0,1,0,0
2018-11-05,Senin,12,Positif,3,diberkati,Meditasi | Berita Terkini | YouTube | Sahabat Pena,4,0,1,0,1
2018-04-25,Rabu,15,Positif,3,diberkati,Berdoa | Dota 2 | Menonton Serial | Streaming | YouTube | Menonton Film | Surel,7,0,0,0,1
2018-02-07,Rabu,19,Netral,2,lemah,Makan Enak | Traveling | Penelitian | Rumah Sakit | Catatan Berat Badan,5,0,0,0,0
2018-05-01,Selasa,14,Negatif,1,khawatir,Membaca | Menulis Jurnal | YouTube | Penelitian,4,0,0,0,0
2020-04-22,Rabu,10,Negatif,1,takut,Seni | Berdoa | Membaca Quran | Jalan Kaki | Meditasi | Mandi | Menulis | Menonton Serial | Berita Terkini | Makan Enak | Reddit | Streaming | YouTube | Tidur Siang Singkat | Mendengarkan Lagu | Desain | Sahabat Pena,17,0,1,1,0
2020-02-22,Sabtu,15,Positif,3,keren,Berdoa | Berpuasa | Jalan Kaki | Meditasi | Mandi | Podcast | Buku Audio | Menonton Serial | Berita Terkini | Makan Enak | Reddit | Streaming | YouTube | Tidur Siang Singkat | Mendengarkan Lagu | Sahabat Pena | Diet Keto,17,1,1,1,1
2018-02-12,Senin,19,Negatif,1,tersulut emosi,Dota 2 | Streaming | YouTube | Hal Baru | Keluarga | Surel | Mendengarkan Lagu,7,0,0,0,0
2021-01-26,Selasa,21,Positif,3,keren,Membaca | Belajar | Berdoa | Berpuasa | Jalan Kaki | Meditasi | Mandi | Buku Audio | Menulis | Menonton Serial | Makan Enak | Reddit | Belajar Bahasa | Streaming | YouTube | Menonton Film | Memasak | Meditasi Holotropik | Penelitian | Hal Baru | Tidur Siang Singkat | Dokumenter | Sahabat Pena | Coding | Tutorial,25,0,1,1,1
2018-12-05,Rabu,19,Negatif,1,takut,Jalan Kaki | Dota 2 | Podcast | Menonton Serial | Berita Terkini | Makan Enak | Streaming | YouTube | Desain,9,0,0,1,0
2018-04-23,Senin,10,Netral,2,bingung,Tidur Siang Singkat,1,0,0,0,0
2018-10-21,Minggu,19,Positif,3,diberkati,Berdoa | Buku Audio | YouTube | Hal Baru | Sahabat Pena,5,1,0,0,1
2020-08-01,Sabtu,22,Netral,2,bertanya-tanya,Seni | Berdoa | Berpuasa | Membaca Quran | Jalan Kaki | Meditasi | Mandi | Dota 2 | Podcast | Buku Audio | Menulis | Menonton Serial | Berita Terkini | Makan Enak | Reddit | Belajar Bahasa | Streaming | YouTube | Menonton Film | Membersihkan Rumah | Tidur Siang Singkat | Mendengarkan Lagu | Desain | Perbaikan | Dokumenter | Cinta,26,1,1,1,0
2020-04-07,Selasa,19,Netral,2,bingung,Seni | Menulis Jurnal | Berdoa | Jalan Kaki | Meditasi | Mandi | Podcast | Buku Audio | Menulis | Menonton Serial | Berita Terkini | Makan Enak | Reddit | Streaming | YouTube | Membersihkan Rumah | Keluarga | Tidur Siang Singkat | Mendengarkan Lagu | Sahabat Pena,20,0,1,1,0
2020-07-20,Senin,21,Netral,2,bertanya-tanya,Membaca | Belajar | Seni | Menulis Jurnal | Berdoa | Membaca Quran | Jalan Kaki | Meditasi | Mandi | Dota 2 | Podcast | Buku Audio | Menulis | Menonton Serial | Berita Terkini | Makan Enak | Reddit | Belajar Bahasa | Streaming | YouTube | Membersihkan Rumah | Penelitian | Hal Baru | Tidur Siang Singkat | Mendengarkan Lagu | Desain | Dokumenter | Tutorial | Cinta,29,0,1,1,0
2018-03-05,Senin,10,Negatif,1,tersulut emosi,Dota 2,1,0,0,0,0
2020-07-05,Minggu,10,Netral,2,bertanya-tanya,Membaca | Seni | Menulis Jurnal | Berdoa | Membaca Quran | Meditasi | Mandi | Dota 2 | Podcast | Buku Audio | Berita Terkini | Makan Enak | Reddit | Bercukur | Merapikan Rambut | Streaming | YouTube | Tidur Siang Singkat | Cinta,19,1,1,0,0
2018-05-02,Rabu,20,Negatif,1,sangat sedih,Dota 2 | Streaming | YouTube,3,0,0,0,0
2018-04-27,Jumat,19,Netral,2,bertanya-tanya,Dota 2,1,0,0,0,0
2020-07-21,Selasa,21,Positif,3,lapar,Membaca | Belajar | Menulis Jurnal | Berdoa | Membaca Quran | Jalan Kaki | Meditasi | Mandi | Dota 2 | Podcast | Buku Audio | Menulis | Menonton Serial | Berita Terkini | Makan Enak | Reddit | Belajar Bahasa | Streaming | YouTube | Menonton Film | Membersihkan Rumah | Penelitian | Hal Baru | Tidur Siang Singkat | Mendengarkan Lagu | Desain,26,0,1,1,1
2020-09-02,Rabu,21,Netral,2,bertanya-tanya,Membaca | Belajar | Seni | Berdoa | Berpuasa | Membaca Quran | Jalan Kaki | Meditasi | Mandi | Menonton Serial | Berita Terkini | Makan Enak | Reddit | Belajar Bahasa | Bercukur | Streaming | YouTube | Memasak | Meditasi Holotropik | Keluarga | Tidur Siang Singkat | Mendengarkan Lagu | Dokumenter | Sahabat Pena | Belanja | Coding | Pekerjaan | Rekaman,28,0,1,1,0
2018-02-24,Sabtu,9,Negatif,1,takut,Berdoa | Tidur Siang Singkat,2,1,0,0,0
2018-12-01,Sabtu,19,Negatif,1,marah,Buku Audio | Berita Terkini | Traveling | Keluarga,4,1,0,0,0
2020-04-14,Selasa,21,Positif,3,bersemangat,Seni | Berdoa | Jalan Kaki | Meditasi | Buku Audio | Menonton Serial | Berita Terkini | Makan Enak | Reddit | Streaming | YouTube | Hal Baru | Tidur Siang Singkat | Mendengarkan Lagu | Sahabat Pena,15,0,1,1,1
2018-06-17,Minggu,14,Negatif,1,khawatir,Streaming | YouTube | Menonton Film,3,1,0,0,0
2020-02-29,Sabtu,21,Positif,3,bersemangat,Berdoa | Jalan Kaki | Meditasi | Menonton Serial | Berita Terkini | Makan Enak | Reddit | Streaming | YouTube | Tidur Siang Singkat | Mendengarkan Lagu | Sahabat Pena,12,1,1,1,1
2021-02-16,Selasa,21,Netral,2,lemah,Membaca | Belajar | Jalan Kaki | Meditasi | Reddit | Belajar Bahasa | Streaming | YouTube | Memasak | Membersihkan Rumah | Penelitian | Hal Baru | Tidur Siang Singkat | Dokumenter,14,0,1,1,0
2018-03-27,Selasa,14,Netral,2,bertanya-tanya,Dota 2 | Streaming | YouTube | Penelitian | Surel,5,0,0,0,0
2018-03-27,Selasa,14,Netral,2,bertanya-tanya,Dota 2 | Streaming | YouTube | Penelitian | Surel,5,0,0,0,0
2019-12-30,Senin,21,Positif,3,sangat bahagia,Berpuasa | Jalan Kaki | Meditasi | Podcast | Buku Audio | Menonton Serial | Berita Terkini | Makan Enak | Reddit | Streaming | YouTube | Diet Keto,12,0,1,1,1
2021-01-29,Jumat,21,Netral,2,bertanya-tanya,Membaca | Belajar | Berpuasa | Meditasi | Mandi | Menulis | Menonton Serial | Reddit | Belajar Bahasa | Streaming | YouTube | Menonton Film | Memasak | Membersihkan Rumah | Penelitian | Hal Baru | Tidur Siang Singkat | Dokumenter | Sahabat Pena | Pesta | Coding | Tutorial,22,0,1,0,0
2018-07-06,Jumat,14,Negatif,1,tersulut emosi,Berdoa | Berpuasa | Meditasi | Mandi | Streaming | YouTube,6,0,1,0,0
2020-04-22,Rabu,10,Negatif,1,takut,Seni | Berdoa | Membaca Quran | Jalan Kaki | Meditasi | Mandi | Menulis | Menonton Serial | Berita Terkini | Makan Enak | Reddit | Streaming | YouTube | Tidur Siang Singkat | Mendengarkan Lagu | Desain | Sahabat Pena,17,0,1,1,0
2019-11-16,Sabtu,21,Positif,3,santai,Berdoa | Berpuasa | Jalan Kaki | Meditasi | Mandi | Buku Audio | Menonton Serial | Berita Terkini | Makan Enak | Reddit | Streaming | YouTube | Mendaki | Diet Keto | Catatan Berat Badan,15,1,1,1,1
2018-04-01,Minggu,19,Positif,3,diberkati,Mandi | Streaming | YouTube | Bermain Game | Hal Baru,5,1,0,0,1
2018-04-03,Selasa,14,Negatif,1,sakit,Makan Enak | Streaming | Traveling,3,0,0,0,0
2018-12-25,Selasa,11,Netral,2,bertanya-tanya,Membaca | Meditasi | Mandi | Podcast | Berita Terkini | Makan Enak | Streaming | YouTube | Bermain Game | Sahabat Pena | Catatan Berat Badan,11,0,1,0,0
2020-08-19,Rabu,13,Negatif,1,khawatir,Berpuasa | Berita Terkini | Makan Enak | Reddit | Belajar Bahasa | Streaming | YouTube | Keluarga | Dokumenter | Cinta,10,0,0,0,0
2018-02-15,Kamis,16,Netral,2,biasa saja,YouTube | Tidur Siang Singkat,2,0,0,0,0
2020-12-01,Selasa,21,Positif,3,fokus,Membaca | Belajar | Berdoa | Berpuasa | Membaca Quran | Jalan Kaki | Meditasi | Mandi | Podcast | Buku Audio | Menulis | Menonton Serial | Makan Enak | Reddit | Belajar Bahasa | Streaming | YouTube | Memasak | Membersihkan Rumah | Penelitian | Hal Baru | Tidur Siang Singkat | Dokumenter | Sahabat Pena | Coding | Tutorial | Cinta,27,0,1,1,1
2021-03-22,Senin,21,Positif,3,fokus,Membaca | Belajar | Jalan Kaki | Meditasi | Mandi | Menulis | Menonton Serial | Makan Enak | Reddit | Belajar Bahasa | Streaming | YouTube | Menonton Film | Memasak | Penelitian | Hal Baru | Tidur Siang Singkat | Dokumenter | Sahabat Pena | Coding | Tutorial,21,0,1,1,1
2020-05-12,Selasa,21,Positif,3,bersemangat,Membaca | Belajar | Seni | Menulis Jurnal | Berdoa | Berpuasa | Olahraga | Membaca Quran | Jalan Kaki | Meditasi | Mandi | Podcast | Buku Audio | Menulis | Menonton Serial | Berita Terkini | Makan Enak | Reddit | Belajar Bahasa | Streaming | YouTube | Hal Baru | Keluarga | Surel | Mendengarkan Lagu | Tutorial | Catatan Berat Badan,27,0,1,1,1
2020-02-06,Kamis,19,Positif,3,santai totalitas,Menulis Jurnal | Berpuasa | Jalan Kaki | Meditasi | Dota 2 | Buku Audio | Menonton Serial | Berita Terkini | Makan Enak | Reddit | Streaming | YouTube | Menonton Film | Teman | Sahabat Pena,15,0,1,1,1
2018-02-21,Rabu,14,Netral,2,bertanya-tanya,YouTube | Tidur Siang Singkat,2,0,0,0,0
2018-11-09,Jumat,13,Netral,2,bertanya-tanya,Membaca | Meditasi | Mandi | Berita Terkini | Penelitian,5,0,1,0,0
2020-11-23,Senin,22,Positif,3,fokus,Seni | Berpuasa | Mandi | Buku Audio | Menulis | Menonton Serial | Makan Enak | Belajar Bahasa | Streaming | YouTube | Memasak | Membersihkan Rumah | Penelitian | Hal Baru | Tidur Siang Singkat | Mendengarkan Lagu | Sahabat Pena | Coding | Tutorial | Cinta | Rekaman,21,0,0,0,1
2018-09-25,Selasa,10,Negatif,1,sakit,YouTube,1,0,0,0,0
2019-12-13,Jumat,21,Positif,3,sangat bahagia,Membaca | Berdoa | Berpuasa | Olahraga | Jalan Kaki | Meditasi | Mandi | Buku Audio | Menonton Serial | Berita Terkini | Makan Enak | Reddit | Streaming | YouTube | Diet Keto,15,0,1,1,1
2020-01-12,Minggu,21,Positif,3,santai totalitas,Berpuasa | Jalan Kaki | Meditasi | Dota 2 | Podcast | Buku Audio | Menonton Serial | Berita Terkini | Makan Enak | Reddit | Streaming | YouTube,12,1,1,1,1
2020-09-05,Sabtu,21,Positif,3,fokus,Belajar | Seni | Berpuasa | Membaca Quran | Jalan Kaki | Meditasi | Buku Audio | Menulis | Menonton Serial | Berita Terkini | Makan Enak | Reddit | Belajar Bahasa | Streaming | YouTube | Penelitian | Hal Baru | Tidur Siang Singkat | Surel | Dokumenter | Sahabat Pena | Coding | Tutorial | Rekaman,24,1,1,1,1
2020-04-21,Selasa,21,Positif,3,bersemangat,Berdoa | Berpuasa | Membaca Quran | Jalan Kaki | Meditasi | Mandi | Dota 2 | Buku Audio | Menonton Serial | Berita Terkini | Makan Enak | Reddit | Streaming | YouTube | Tidur Siang Singkat | Mendengarkan Lagu | Sahabat Pena,17,0,1,1,1
2019-12-13,Jumat,21,Positif,3,sangat bahagia,Membaca | Berdoa | Berpuasa | Olahraga | Jalan Kaki | Meditasi | Mandi | Buku Audio | Menonton Serial | Berita Terkini | Makan Enak | Reddit | Streaming | YouTube | Diet Keto,15,0,1,1,1
2020-02-29,Sabtu,21,Positif,3,bersemangat,Berdoa | Jalan Kaki | Meditasi | Menonton Serial | Berita Terkini | Makan Enak | Reddit | Streaming | YouTube | Tidur Siang Singkat | Mendengarkan Lagu | Sahabat Pena,12,1,1,1,1
2018-09-12,Rabu,10,Netral,2,bingung,Berita Terkini | Surel | Sahabat Pena,3,0,0,0,0
2020-04-22,Rabu,10,Negatif,1,takut,Seni | Berdoa | Membaca Quran | Jalan Kaki | Meditasi | Mandi | Menulis | Menonton Serial | Berita Terkini | Makan Enak | Reddit | Streaming | YouTube | Tidur Siang Singkat | Mendengarkan Lagu | Desain | Sahabat Pena,17,0,1,1,0
2018-02-17,Sabtu,19,Positif,3,baik,Streaming | YouTube | Penelitian | Tidur Siang Singkat | Mendengarkan Lagu | Desain,6,1,0,0,1
2018-07-08,Minggu,14,Negatif,1,khawatir,Dota 2,1,1,0,0,0
2020-02-24,Senin,21,Netral,2,lemah,Berdoa | Jalan Kaki | Meditasi | Mandi | Menonton Serial | Berita Terkini | Makan Enak | Reddit | Streaming | YouTube | Mendengarkan Lagu,11,0,1,1,0
2021-01-24,Minggu,21,Positif,3,diberkati,Menulis Jurnal | Berpuasa | Jalan Kaki | Meditasi | Mandi | Buku Audio | Menulis | Menonton Serial | Reddit | Belajar Bahasa | Streaming | YouTube | Memasak | Membersihkan Rumah | Penelitian | Hal Baru | Tidur Siang Singkat | Dokumenter | Sahabat Pena | Coding | Tutorial | Cinta,22,1,1,1,1
2021-03-01,Senin,20,Negatif,1,sangat buruk,Membaca | Belajar | Berpuasa | Meditasi | Buku Audio | Menulis | Menonton Serial | Berita Terkini | Makan Enak | Reddit | Belajar Bahasa | Streaming | YouTube | Memasak | Penelitian | Tidur Siang Singkat | Dokumenter | Coding | Tutorial,19,0,1,0,0
2018-07-06,Jumat,19,Negatif,1,tersulut emosi,Berpuasa | Dota 2,2,0,0,0,0
2018-05-08,Selasa,20,Netral,2,bingung,Berdoa,1,0,0,0,0
2020-04-19,Minggu,21,Netral,2,bingung,Berdoa | Jalan Kaki | Meditasi | Mandi | Dota 2 | Menonton Serial | Berita Terkini | Makan Enak | Reddit | Streaming | YouTube | Tidur Siang Singkat | Mendengarkan Lagu | Sahabat Pena,14,1,1,1,0
2020-06-05,Jumat,21,Netral,2,bingung,Seni | Berpuasa | Makan Enak | Reddit | Belajar Bahasa | Streaming | YouTube | Tidur Siang Singkat | Mendengarkan Lagu | Desain | Sahabat Pena,11,0,0,0,0
2018-03-05,Senin,19,Negatif,1,marah,Dota 2 | Streaming | YouTube,3,0,0,0,0
2018-12-01,Sabtu,19,Negatif,1,marah,Buku Audio | Berita Terkini | Traveling | Keluarga,4,1,0,0,0
2020-02-07,Jumat,21,Netral,2,bingung,Berdoa | Berpuasa | Jalan Kaki | Meditasi | Mandi | Dota 2 | Podcast | Buku Audio | Menonton Serial | Berita Terkini | Makan Enak | Reddit | Streaming | YouTube | Teman | Sahabat Pena | Diet Keto,17,0,1,1,0
2021-02-14,Minggu,12,Negatif,1,khawatir,Membaca | Belajar | Berpuasa | Jalan Kaki | Menulis | Menonton Serial | Berita Terkini | Makan Enak | Reddit | Belajar Bahasa | Streaming | YouTube | Memasak | Membersihkan Rumah | Penelitian | Hal Baru | Tidur Siang Singkat | Dokumenter | Sahabat Pena | Coding | Tutorial,21,1,0,1,0
2021-02-16,Selasa,21,Netral,2,lemah,Membaca | Belajar | Jalan Kaki | Meditasi | Reddit | Belajar Bahasa | Streaming | YouTube | Memasak | Membersihkan Rumah | Penelitian | Hal Baru | Tidur Siang Singkat | Dokumenter,14,0,1,1,0
2019-01-07,Senin,10,Netral,2,bingung,Jalan Kaki | Meditasi | Dota 2 | Podcast | Buku Audio | Berita Terkini | Makan Enak | Streaming | YouTube | Bermain Game | Surel | Sahabat Pena,12,0,1,1,0
2018-04-09,Senin,19,Negatif,1,khawatir,Dota 2 | Podcast | Buku Audio | Streaming | YouTube | Mendengarkan Lagu,6,0,0,0,0
2020-02-15,Sabtu,22,Positif,3,keren,Berpuasa | Jalan Kaki | Meditasi | Podcast | Menonton Serial | Berita Terkini | Makan Enak | Reddit | Streaming | YouTube | Diet Keto,11,1,1,1,1
2020-12-02,Rabu,2,Netral,2,bertanya-tanya,Membaca | Belajar | Seni | Berdoa | Berpuasa | Jalan Kaki | Meditasi | Mandi | Buku Audio | Menulis | Menonton Serial | Berita Terkini | Makan Enak | Reddit | Belajar Bahasa | Streaming | YouTube | Memasak | Membersihkan Rumah | Penelitian | Hal Baru | Tidur Siang Singkat | Dokumenter | Sahabat Pena | Coding | Tutorial | Cinta,27,0,1,1,0
2018-09-12,Rabu,14,Negatif,1,tersulut emosi,Dota 2,1,0,0,0,0
2020-08-15,Sabtu,17,Negatif,1,marah,Belajar | Jalan Kaki | Mandi | Buku Audio | Menulis | Menonton Serial | Berita Terkini | Reddit | Belajar Bahasa | YouTube | Tidur Siang Singkat | Dokumenter | Coding | Tutorial,14,1,0,1,0
2018-02-07,Rabu,17,Negatif,1,sakit,Jalan Kaki | Buku Audio | Penelitian | Keluarga | Rumah Sakit,5,0,0,1,0
2018-12-18,Selasa,12,Positif,3,diberkati,Membaca | Meditasi | Berita Terkini | Makan Enak | Streaming | YouTube | Bermain Game | Desain,8,0,1,0,1
2019-04-27,Sabtu,13,Netral,2,bertanya-tanya,Berpuasa | Podcast | Berita Terkini | Reddit | Streaming | YouTube | Sahabat Pena | Catatan Berat Badan,8,1,0,0,0
2020-08-13,Kamis,22,Negatif,1,khawatir,Menulis Jurnal | Berdoa | Berpuasa | Jalan Kaki | Meditasi | Mandi | Podcast | Buku Audio | Menulis | Menonton Serial | Berita Terkini | Makan Enak | Reddit | Belajar Bahasa | Streaming | YouTube | Cinta,17,0,1,1,0
2018-09-16,Minggu,19,Positif,3,diberkati,Dota 2 | Berita Terkini | Streaming | YouTube,4,1,0,0,1
2021-01-16,Sabtu,21,Positif,3,fokus,Membaca | Berdoa | Berpuasa | Meditasi | Mandi | Buku Audio | Menulis | Menonton Serial | Berita Terkini | Makan Enak | Reddit | Belajar Bahasa | Streaming | YouTube | Memasak | Traveling | Penelitian | Hal Baru | Tidur Siang Singkat | Dokumenter | Sahabat Pena | Coding | Tutorial,23,1,1,0,1
2020-09-30,Rabu,21,Netral,2,bertanya-tanya,Seni | Berpuasa | Jalan Kaki | Podcast | Buku Audio | Menonton Serial | Berita Terkini | Makan Enak | Reddit | Belajar Bahasa | Streaming | YouTube | Membersihkan Rumah | Penelitian | Tidur Siang Singkat | Dokumenter | Sahabat Pena | Coding | Tutorial,19,0,0,1,0
2020-09-25,Jumat,12,Negatif,1,khawatir,Belajar | Seni | Berdoa | Berpuasa | Olahraga | Membaca Quran | Jalan Kaki | Mandi | Buku Audio | Menonton Serial | Berita Terkini | Makan Enak | Reddit | Belajar Bahasa | Bercukur | Streaming | YouTube | Memasak | Penelitian | Hal Baru | Tidur Siang Singkat | Surel | Mendengarkan Lagu | Desain | Sahabat Pena | Coding | Tutorial | Rekaman,28,0,0,1,0
2018-02-24,Sabtu,9,Negatif,1,takut,Berdoa | Tidur Siang Singkat,2,1,0,0,0
2019-01-07,Senin,10,Netral,2,bingung,Jalan Kaki | Meditasi | Dota 2 | Podcast | Buku Audio | Berita Terkini | Makan Enak | Streaming | YouTube | Bermain Game | Surel | Sahabat Pena,12,0,1,1,0
2021-02-17,Rabu,22,Positif,3,bersemangat,Membaca | Belajar | Berpuasa | Mandi | Buku Audio | Menonton Serial | Makan Enak | Belajar Bahasa | Streaming | YouTube | Memasak | Membersihkan Rumah | Penelitian | Hal Baru | Tidur Siang Singkat | Dokumenter | Sahabat Pena | Coding | Tutorial,19,0,0,0,1
2018-03-27,Selasa,14,Netral,2,bertanya-tanya,Dota 2 | Streaming | YouTube | Penelitian | Surel,5,0,0,0,0
2020-05-06,Rabu,21,Positif,3,bersemangat,Belajar | Seni | Menulis Jurnal | Berdoa | Berpuasa | Membaca Quran | Jalan Kaki | Meditasi | Mandi | Buku Audio | Berita Terkini | Makan Enak | Reddit | Streaming | YouTube | Tidur Siang Singkat | Mendengarkan Lagu,17,0,1,1,1
2020-06-13,Sabtu,6,Positif,3,sangat bahagia,Jalan Kaki | Mandi | Buku Audio | Menulis | Menonton Serial | Berita Terkini | Makan Enak | Reddit | Belajar Bahasa | Streaming | YouTube | Hal Baru | Tidur Siang Singkat | Mendengarkan Lagu | Sahabat Pena,15,1,0,1,1
2019-11-08,Jumat,18,Netral,2,bertanya-tanya,Berdoa | Berpuasa | Jalan Kaki | Meditasi | Podcast | Buku Audio | Menonton Serial | Berita Terkini | Reddit | Streaming | YouTube | Kabbalah | Diet Keto | Catatan Berat Badan,14,0,1,1,0
2021-02-17,Rabu,22,Positif,3,bersemangat,Membaca | Belajar | Berpuasa | Mandi | Buku Audio | Menonton Serial | Makan Enak | Belajar Bahasa | Streaming | YouTube | Memasak | Membersihkan Rumah | Penelitian | Hal Baru | Tidur Siang Singkat | Dokumenter | Sahabat Pena | Coding | Tutorial,19,0,0,0,1
2018-05-02,Rabu,20,Negatif,1,sangat sedih,Dota 2 | Streaming | YouTube,3,0,0,0,0
2021-01-31,Minggu,21,Netral,2,lemah,Membaca | Belajar | Berpuasa | Buku Audio | Menulis | Menonton Serial | Belajar Bahasa | Yoga | Bercukur | Poetry | Streaming | YouTube | Menonton Film | Memasak | Membersihkan Rumah | Penelitian | Hal Baru | Tidur Siang Singkat | Dokumenter | Sahabat Pena | Coding | Tutorial,22,1,0,1,0
2020-10-31,Sabtu,21,Positif,3,lapar,Berpuasa | Jalan Kaki | Meditasi | Buku Audio | Menulis | Menonton Serial | Berita Terkini | Makan Enak | Reddit | Belajar Bahasa | Streaming | YouTube | Memasak | Penelitian | Hal Baru | Tidur Siang Singkat | Mendengarkan Lagu | Desain | Dokumenter | Coding | Tutorial | Cinta,22,1,1,1,1
2019-01-04,Jumat,10,Negatif,1,sakit,Dota 2 | Podcast | Berita Terkini | Makan Enak | YouTube | Bermain Game | Keluarga,7,0,0,0,0
2020-08-16,Minggu,21,Negatif,1,sangat buruk,Seni | Menulis Jurnal | Berdoa | Berpuasa | Membaca Quran | Jalan Kaki | Meditasi | Mandi | Podcast | Buku Audio | Menonton Serial | Berita Terkini | Makan Enak | Reddit | Belajar Bahasa | Streaming | YouTube | Penelitian | Dokumenter,19,1,1,1,0
2018-07-01,Minggu,19,Netral,2,bingung,Membaca | Meditasi | Mandi | Dota 2 | Buku Audio | Menonton Serial | Streaming | YouTube | Menonton Film | Surel | Mendengarkan Lagu | Pekerjaan | Catatan Berat Badan,13,1,1,0,0
2020-07-03,Jumat,21,Netral,2,bertanya-tanya,Membaca | Seni | Berdoa | Membaca Quran | Jalan Kaki | Meditasi | Dota 2 | Podcast | Buku Audio | Menulis | Menonton Serial | Berita Terkini | Makan Enak | Reddit | Bercukur | Merapikan Rambut | Streaming | YouTube | Membersihkan Rumah | Surel | Mendengarkan Lagu | Cinta,22,0,1,1,0
2020-12-08,Selasa,22,Negatif,1,khawatir,Membaca | Berdoa | Berpuasa | Jalan Kaki | Buku Audio | Menulis | Menonton Serial | Makan Enak | Reddit | Belajar Bahasa | Streaming | YouTube | Memasak | Traveling | Penelitian | Hal Baru | Sahabat Pena | Coding | Tutorial,19,0,0,1,0
2018-06-26,Selasa,1,Netral,2,lemah,Dota 2 | Podcast | Buku Audio | Menonton Serial | Streaming | YouTube | Surel,7,0,0,0,0
2020-07-13,Senin,23,Netral,2,bingung,Seni | Berdoa | Membaca Quran | Jalan Kaki | Mandi | Dota 2 | Buku Audio | Menulis | Menonton Serial | Berita Terkini | Makan Enak | Reddit | Belajar Bahasa | Streaming | YouTube | Cinta,16,0,0,1,0
2020-02-29,Sabtu,21,Positif,3,bersemangat,Berdoa | Jalan Kaki | Meditasi | Menonton Serial | Berita Terkini | Makan Enak | Reddit | Streaming | YouTube | Tidur Siang Singkat | Mendengarkan Lagu | Sahabat Pena,12,1,1,1,1
2019-09-19,Kamis,14,Netral,2,bingung,Berpuasa | Meditasi | Berita Terkini | Reddit | YouTube | Penelitian,6,0,1,0,0
2020-08-12,Rabu,20,Netral,2,lemah,Seni | Berdoa | Berpuasa | Membaca Quran | Jalan Kaki | Meditasi | Mandi | Podcast | Buku Audio | Menulis | Menonton Serial | Berita Terkini | Makan Enak | Reddit | Belajar Bahasa | Streaming | YouTube | Penelitian | Hal Baru | Tidur Siang Singkat | Mendengarkan Lagu | Dokumenter | Tutorial | Cinta,24,0,1,1,0
2020-09-01,Selasa,21,Negatif,1,tersulut emosi,Jalan Kaki | Podcast | Buku Audio | Makan Enak | Belajar Bahasa | Streaming | Memasak,7,0,0,1,0
2018-11-26,Senin,12,Positif,3,sangat bahagia,Meditasi | Mandi | Buku Audio | Menonton Serial | Berita Terkini | Makan Enak | YouTube | Bermain Game | Desain | Sahabat Pena,10,0,1,0,1
2019-11-28,Kamis,21,Positif,3,lapar,Berpuasa | Jalan Kaki | Meditasi | Buku Audio | Menonton Serial | Makan Enak | Reddit | Streaming | YouTube | Diet Keto,10,0,1,1,1
2018-11-04,Minggu,10,Positif,3,santai totalitas,Membaca | Meditasi | Podcast | Buku Audio | Berita Terkini | Makan Enak | Streaming | YouTube | Bermain Game | Hal Baru | Desain | Sahabat Pena | Catatan Berat Badan,13,1,1,0,1
2019-09-20,Jumat,14,Netral,2,bingung,Berdoa | Berpuasa | Mandi | Buku Audio | Berita Terkini | Reddit | Catatan Berat Badan,7,0,0,0,0
2020-01-29,Rabu,21,Positif,3,bersemangat,Berpuasa | Jalan Kaki | Meditasi | Dota 2 | Podcast | Buku Audio | Menonton Serial | Berita Terkini | Makan Enak | Reddit | Streaming | YouTube | Diet Keto | Catatan Berat Badan,14,0,1,1,1
2020-07-27,Senin,21,Positif,3,fokus,Belajar | Seni | Berdoa | Berpuasa | Membaca Quran | Jalan Kaki | Meditasi | Mandi | Dota 2 | Podcast | Buku Audio | Menulis | Menonton Serial | Berita Terkini | Makan Enak | Reddit | Belajar Bahasa | Bercukur | Merapikan Rambut | Streaming | YouTube | Membersihkan Rumah | Penelitian | Tidur Siang Singkat | Mendengarkan Lagu | Cinta | Kabbalah,27,0,1,1,1
2018-03-27,Selasa,14,Netral,2,bertanya-tanya,Dota 2 | Streaming | YouTube | Penelitian | Surel,5,0,0,0,0
2018-11-05,Senin,10,Netral,2,bertanya-tanya,Membaca | Meditasi | Buku Audio | Berita Terkini | YouTube | Hal Baru | Sahabat Pena | Catatan Berat Badan,8,0,1,0,0
2018-02-14,Rabu,19,Negatif,1,tersulut emosi,Jalan Kaki | YouTube | Mendengarkan Lagu,3,0,0,1,0
2021-04-09,Jumat,0,Positif,3,santai totalitas,Membaca | Belajar | Berdoa | Berpuasa | Jalan Kaki | Meditasi | Mandi | Menulis | Menonton Serial | Berita Terkini | Makan Enak | Reddit | Belajar Bahasa | Streaming | YouTube | Memasak | Traveling | Hal Baru | Tidur Siang Singkat | Surel | Dokumenter | Sahabat Pena | Coding | Tutorial,24,0,1,1,1
2018-07-17,Selasa,19,Negatif,1,sangat sedih,Dota 2 | Podcast | Makan Enak | Streaming | YouTube | Catatan Berat Badan,6,0,0,0,0
2021-02-08,Senin,20,Positif,3,fokus,Membaca | Belajar | Berpuasa | Olahraga | Mandi | Buku Audio | Menulis | Menonton Serial | Makan Enak | Reddit | Belajar Bahasa | Streaming | YouTube | Memasak | Membersihkan Rumah | Penelitian | Hal Baru | Tidur Siang Singkat | Dokumenter | Sahabat Pena | Coding | Tutorial | Cinta,23,0,0,1,1
2020-05-02,Sabtu,21,Positif,3,bersemangat,Membaca | Belajar | Berdoa | Berpuasa | Membaca Quran | Jalan Kaki | Meditasi | Mandi | Menonton Serial | Berita Terkini | Makan Enak | Reddit | Streaming | YouTube | Tidur Siang Singkat | Mendengarkan Lagu,16,1,1,1,1
2018-02-16,Jumat,6,Netral,2,bingung,Berdoa | Mandi | Dota 2 | Makan Enak | YouTube | Keluarga,6,0,0,0,0
2018-03-01,Kamis,12,Netral,2,biasa saja,Dota 2 | Makan Enak | Streaming | YouTube | Tidur Siang Singkat,5,0,0,0,0
2019-09-17,Selasa,13,Netral,2,bingung,Seni | Berpuasa | Meditasi | Berita Terkini | Reddit | Desain,6,0,1,0,0
2018-04-22,Minggu,23,Netral,2,bertanya-tanya,Dota 2 | Menonton Serial | Streaming | YouTube,4,1,0,0,0
2018-05-02,Rabu,20,Negatif,1,sangat sedih,Dota 2 | Streaming | YouTube,3,0,0,0,0
2018-12-30,Minggu,19,Positif,3,diberkati,Jalan Kaki | Meditasi | Podcast | Buku Audio | Berita Terkini | Makan Enak | Streaming | YouTube | Bermain Game | Sahabat Pena,10,1,1,1,1
2020-02-05,Rabu,21,Positif,3,santai totalitas,Berpuasa | Jalan Kaki | Meditasi | Dota 2 | Buku Audio | Menonton Serial | Berita Terkini | Makan Enak | Reddit | Streaming | YouTube | Sahabat Pena | Diet Keto,13,0,1,1,1
2018-02-07,Rabu,17,Negatif,1,sakit,Jalan Kaki | Buku Audio | Penelitian | Keluarga | Rumah Sakit,5,0,0,1,0
2020-08-13,Kamis,22,Negatif,1,khawatir,Menulis Jurnal | Berdoa | Berpuasa | Jalan Kaki | Meditasi | Mandi | Podcast | Buku Audio | Menulis | Menonton Serial | Berita Terkini | Makan Enak | Reddit | Belajar Bahasa | Streaming | YouTube | Cinta,17,0,1,1,0
2021-01-03,Minggu,17,Positif,3,bersemangat,Membaca | Berdoa | Berpuasa | Meditasi | Mandi | Buku Audio | Menulis | Menonton Serial | Makan Enak | Reddit | Belajar Bahasa | Poetry | Streaming | YouTube | Memasak | Penelitian | Hal Baru | Keluarga | Dokumenter | Sahabat Pena | Coding | Tutorial,22,1,1,0,1
2018-05-01,Selasa,14,Negatif,1,khawatir,Membaca | Menulis Jurnal | YouTube | Penelitian,4,0,0,0,0
2021-02-12,Jumat,21,Negatif,1,khawatir,Membaca | Belajar | Berdoa | Berpuasa | Jalan Kaki | Meditasi | Mandi | Buku Audio | Menonton Serial | Reddit | Belajar Bahasa | Streaming | YouTube | Memasak | Membersihkan Rumah | Penelitian | Tidur Siang Singkat | Surel | Dokumenter | Sahabat Pena | Coding | Tutorial,22,0,1,1,0
2021-03-30,Selasa,21,Netral,2,bertanya-tanya,Membaca | Belajar | Seni | Berdoa | Berpuasa | Jalan Kaki | Meditasi | Buku Audio | Menulis | Menonton Serial | Belajar Bahasa | Merapikan Rambut | Streaming | YouTube | Memasak | Penelitian | Hal Baru | Tidur Siang Singkat | Mendengarkan Lagu | Dokumenter | Sahabat Pena | Coding | Tutorial,23,0,1,1,0
2020-06-12,Jumat,22,Positif,3,santai totalitas,Jalan Kaki | Mandi | Buku Audio | Menonton Serial | Berita Terkini | Makan Enak | Reddit | Belajar Bahasa | Streaming | YouTube | Tidur Siang Singkat | Mendengarkan Lagu,12,0,0,1,1
2018-06-13,Rabu,14,Netral,2,bingung,Surel | Pekerjaan,2,0,0,0,0
2018-09-13,Kamis,10,Negatif,1,sakit,Buku Audio | Berita Terkini | Tidur Siang Singkat,3,0,0,0,0
2020-08-17,Senin,19,Netral,2,bingung,Berdoa | Berpuasa | Membaca Quran | Jalan Kaki | Meditasi | Mandi | Buku Audio | Menonton Serial | Berita Terkini | Makan Enak | Reddit | Belajar Bahasa | Streaming | YouTube | Tidur Siang Singkat | Dokumenter | Cinta,17,0,1,1,0
2021-02-04,Kamis,21,Positif,3,diberkati,Membaca | Belajar | Berpuasa | Jalan Kaki | Meditasi | Mandi | Menulis | Menonton Serial | Berita Terkini | Belajar Bahasa | YouTube | Menonton Film | Memasak | Membersihkan Rumah | Penelitian | Hal Baru | Tidur Siang Singkat | Dokumenter | Sahabat Pena | Coding | Tutorial | Cinta,22,0,1,1,1
2020-07-26,Minggu,14,Netral,2,bertanya-tanya,Seni | Berdoa | Berpuasa | Membaca Quran | Jalan Kaki | Meditasi | Mandi | Dota 2 | Podcast | Buku Audio | Menulis | Menonton Serial | Berita Terkini | Makan Enak | Reddit | Belajar Bahasa | Streaming | YouTube | Membersihkan Rumah | Tidur Siang Singkat | Desain,21,1,1,1,0
2020-08-15,Sabtu,21,Negatif,1,buruk,Seni | Jalan Kaki | Podcast | Buku Audio | Menonton Serial | Reddit | Belajar Bahasa | Streaming | YouTube,9,1,0,1,0
2018-11-18,Minggu,12,Positif,3,lapar,Membaca | Berdoa | Meditasi | Mandi | Dota 2 | Podcast | Buku Audio | Berita Terkini | YouTube | Menonton Film | Catatan Berat Badan,11,1,1,0,1
2019-05-04,Sabtu,10,Negatif,1,tersulut emosi,Dota 2 | Podcast | Buku Audio | Berita Terkini | Makan Enak | Reddit | Streaming | YouTube | Surel | Mendengarkan Lagu | Desain | Catatan Berat Badan,12,1,0,0,0
2020-10-04,Minggu,21,Netral,2,bertanya-tanya,Belajar | Seni | Buku Audio | Menonton Serial | Berita Terkini | Makan Enak | Reddit | Belajar Bahasa | Poetry | Streaming | YouTube | Memasak | Membersihkan Rumah | Penelitian | Hal Baru | Tidur Siang Singkat | Mendengarkan Lagu | Dokumenter | Sahabat Pena | Coding | Tutorial | Cinta,22,1,0,0,0
2020-02-23,Minggu,21,Positif,3,bersemangat,Berdoa | Berpuasa | Jalan Kaki | Meditasi | Mandi | Dota 2 | Podcast | Menonton Serial | Berita Terkini | Makan Enak | Reddit | Streaming | YouTube | Tidur Siang Singkat | Sahabat Pena | Diet Keto | Catatan Berat Badan,17,1,1,1,1
2020-05-14,Kamis,22,Positif,3,bersemangat,Membaca | Belajar | Seni | Menulis Jurnal | Berdoa | Berpuasa | Olahraga | Membaca Quran | Jalan Kaki | Meditasi | Mandi | Buku Audio | Menulis | Menonton Serial | Berita Terkini | Makan Enak | Reddit | Belajar Bahasa | Streaming | YouTube | Tidur Siang Singkat | Mendengarkan Lagu | Desain | Tutorial | Catatan Berat Badan,25,0,1,1,1
2021-03-30,Selasa,21,Netral,2,bertanya-tanya,Membaca | Belajar | Seni | Berdoa | Berpuasa | Jalan Kaki | Meditasi | Buku Audio | Menulis | Menonton Serial | Belajar Bahasa | Merapikan Rambut | Streaming | YouTube | Memasak | Penelitian | Hal Baru | Tidur Siang Singkat | Mendengarkan Lagu | Dokumenter | Sahabat Pena | Coding | Tutorial,23,0,1,1,0
2021-01-22,Jumat,13,Negatif,1,marah,Membaca | Belajar | Berdoa | Berpuasa | Jalan Kaki | Buku Audio | Menulis | Menonton Serial | Makan Enak | Reddit | Belajar Bahasa | Streaming | YouTube | Memasak | Membersihkan Rumah | Penelitian | Hal Baru | Tidur Siang Singkat | Dokumenter | Sahabat Pena | Coding | Tutorial,22,0,0,1,0
2018-09-13,Kamis,14,Negatif,1,tersulut emosi,Dota 2,1,0,0,0,0
2020-05-01,Jumat,21,Positif,3,diberkati,Membaca | Belajar | Berdoa | Berpuasa | Membaca Quran | Jalan Kaki | Meditasi | Podcast | Buku Audio | Menonton Serial | Makan Enak | Reddit | Streaming | YouTube | Tidur Siang Singkat | Mendengarkan Lagu | Desain,17,0,1,1,1
2020-10-19,Senin,21,Negatif,1,sangat sedih,Membaca | Belajar | Berdoa | Berpuasa | Membaca Quran | Jalan Kaki | Meditasi | Mandi | Dota 2 | Podcast | Buku Audio | Menulis | Menonton Serial | Berita Terkini | Makan Enak | Reddit | Belajar Bahasa | Streaming | YouTube | Memasak | Penelitian | Hal Baru | Mendengarkan Lagu | Dokumenter | Coding | Tutorial,26,0,1,1,0
2018-07-06,Jumat,14,Negatif,1,tersulut emosi,Berdoa | Berpuasa | Meditasi | Mandi | Streaming | YouTube,6,0,1,0,0
2019-05-10,Jumat,14,Netral,2,bingung,Berdoa | Berpuasa | Jalan Kaki | Mandi | Podcast | Buku Audio | Menonton Serial | Berita Terkini | Reddit | YouTube | Menonton Film | Surel | Sahabat Pena | Catatan Berat Badan,14,0,0,1,0
2018-02-21,Rabu,14,Netral,2,bertanya-tanya,YouTube | Tidur Siang Singkat,2,0,0,0,0
2018-07-08,Minggu,14,Negatif,1,khawatir,Dota 2,1,1,0,0,0
2020-05-06,Rabu,21,Positif,3,bersemangat,Belajar | Seni | Menulis Jurnal | Berdoa | Berpuasa | Membaca Quran | Jalan Kaki | Meditasi | Mandi | Buku Audio | Berita Terkini | Makan Enak | Reddit | Streaming | YouTube | Tidur Siang Singkat | Mendengarkan Lagu,17,0,1,1,1
2018-12-25,Selasa,11,Netral,2,bertanya-tanya,Membaca | Meditasi | Mandi | Podcast | Berita Terkini | Makan Enak | Streaming | YouTube | Bermain Game | Sahabat Pena | Catatan Berat Badan,11,0,1,0,0
2020-01-03,Jumat,21,Positif,3,santai totalitas,Berdoa | Berpuasa | Jalan Kaki | Meditasi | Mandi | Dota 2 | Podcast | Buku Audio | Menonton Serial | Makan Enak | Streaming | YouTube | Penelitian | Diet Keto | Catatan Berat Badan,15,0,1,1,1
2018-02-13,Selasa,18,Negatif,1,marah,Dota 2 | Keluarga | Surel,3,0,0,0,0
2020-08-02,Minggu,21,Netral,2,biasa saja,Membaca | Berdoa | Berpuasa | Membaca Quran | Jalan Kaki | Meditasi | Mandi | Dota 2 | Podcast | Buku Audio | Menulis | Menonton Serial | Berita Terkini | Makan Enak | Reddit | Belajar Bahasa | Streaming | YouTube | Membersihkan Rumah | Penelitian | Keluarga | Tidur Siang Singkat | Dokumenter,23,1,1,1,0
2020-05-27,Rabu,0,Positif,3,bersemangat,Berdoa | Mandi | Podcast | Buku Audio | Berita Terkini | Makan Enak | Reddit | Streaming | YouTube | Mendengarkan Lagu,10,0,0,0,1
2018-12-23,Minggu,12,Positif,3,lapar,Membaca | Meditasi | Podcast | Berita Terkini | Makan Enak | Streaming | YouTube | Hal Baru | Desain | Sahabat Pena,10,1,1,0,1
2018-02-26,Senin,7,Positif,3,sangat bahagia,Membaca | Berdoa | Penelitian | Hal Baru | Tidur Siang Singkat,5,0,0,0,1
2020-05-06,Rabu,21,Positif,3,bersemangat,Belajar | Seni | Menulis Jurnal | Berdoa | Berpuasa | Membaca Quran | Jalan Kaki | Meditasi | Mandi | Buku Audio | Berita Terkini | Makan Enak | Reddit | Streaming | YouTube | Tidur Siang Singkat | Mendengarkan Lagu,17,0,1,1,1
2018-11-22,Kamis,10,Positif,3,sangat bahagia,Berpuasa | Jalan Kaki | Meditasi | Buku Audio | Berita Terkini,5,0,1,1,1
2018-03-11,Minggu,14,Positif,3,diberkati,Dota 2 | Menonton Serial | Streaming | YouTube,4,1,0,0,1
2020-01-27,Senin,0,Positif,3,fokus,Berpuasa | Jalan Kaki | Meditasi | Podcast | Buku Audio | Menonton Serial | Berita Terkini | Makan Enak | Reddit | Streaming | YouTube | Diet Keto,12,0,1,1,1
2020-10-26,Senin,21,Netral,2,lemah,Belajar | Berdoa | Berpuasa | Jalan Kaki | Meditasi | Mandi | Buku Audio | Menulis | Menonton Serial | Berita Terkini | Makan Enak | Reddit | Belajar Bahasa | Streaming | YouTube | Memasak | Penelitian | Hal Baru | Tidur Siang Singkat | Dokumenter | Coding | Tutorial,22,0,1,1,0
2020-08-06,Kamis,21,Negatif,1,buruk,Seni | Berdoa | Berpuasa | Membaca Quran | Jalan Kaki | Meditasi | Mandi | Dota 2 | Podcast | Buku Audio | Menulis | Berita Terkini | Makan Enak | Reddit | Belajar Bahasa | Bercukur | Streaming | YouTube | Penelitian | Keluarga | Tidur Siang Singkat | Mendengarkan Lagu | Desain | Cinta,24,0,1,1,0
2018-05-02,Rabu,14,Negatif,1,tersulut emosi,Streaming | YouTube | Surel,3,0,0,0,0
2018-02-24,Sabtu,9,Negatif,1,takut,Berdoa | Tidur Siang Singkat,2,1,0,0,0
2018-07-17,Selasa,19,Negatif,1,sangat sedih,Dota 2 | Podcast | Makan Enak | Streaming | YouTube | Catatan Berat Badan,6,0,0,0,0
2021-01-10,Minggu,23,Positif,3,fokus,Membaca | Belajar | Seni | Berdoa | Berpuasa | Meditasi | Mandi | Menulis | Menonton Serial | Reddit | Belajar Bahasa | Yoga | Streaming | YouTube | Memasak | Traveling | Membersihkan Rumah | Penelitian | Hal Baru | Keluarga | Tidur Siang Singkat | Mendengarkan Lagu | Dokumenter | Sahabat Pena | Coding,25,1,1,1,1
2018-05-01,Selasa,14,Negatif,1,khawatir,Membaca | Menulis Jurnal | YouTube | Penelitian,4,0,0,0,0
2018-06-27,Rabu,19,Netral,2,bingung,Mandi | Streaming | YouTube,3,0,0,0,0
2021-02-12,Jumat,21,Negatif,1,khawatir,Membaca | Belajar | Berdoa | Berpuasa | Jalan Kaki | Meditasi | Mandi | Buku Audio | Menonton Serial | Reddit | Belajar Bahasa | Streaming | YouTube | Memasak | Membersihkan Rumah | Penelitian | Tidur Siang Singkat | Surel | Dokumenter | Sahabat Pena | Coding | Tutorial,22,0,1,1,0
2020-09-28,Senin,21,Netral,2,bingung,Belajar | Seni | Berdoa | Membaca Quran | Jalan Kaki | Meditasi | Mandi | Dota 2 | Buku Audio | Menonton Serial | Berita Terkini | Makan Enak | Reddit | Belajar Bahasa | Streaming | YouTube | Memasak | Meditasi Holotropik | Membersihkan Rumah | Penelitian | Hal Baru | Tidur Siang Singkat | Mendengarkan Lagu | Desain | Dokumenter | Sahabat Pena | Coding | Tutorial,28,0,1,1,0
2019-12-30,Senin,21,Positif,3,sangat bahagia,Berpuasa | Jalan Kaki | Meditasi | Podcast | Buku Audio | Menonton Serial | Berita Terkini | Makan Enak | Reddit | Streaming | YouTube | Diet Keto,12,0,1,1,1
2019-09-18,Rabu,14,Netral,2,lemah,Menulis Jurnal | Berpuasa | Meditasi | Dota 2 | Berita Terkini,5,0,1,0,0
2020-10-28,Rabu,21,Positif,3,diberkati,Berpuasa | Jalan Kaki | Mandi | Buku Audio | Menulis | Menonton Serial | Berita Terkini | Makan Enak | Reddit | Belajar Bahasa | Streaming | YouTube | Menonton Film | Memasak | Penelitian | Tidur Siang Singkat | Dokumenter | Coding | Tutorial | Cinta | Rekaman,21,0,0,1,1
2020-03-03,Selasa,22,Positif,3,keren,Berdoa | Berpuasa | Jalan Kaki | Meditasi | Mandi | Dota 2 | Menonton Serial | Berita Terkini | Makan Enak | Reddit | Streaming | YouTube | Keluarga | Tidur Siang Singkat | Mendengarkan Lagu | Sahabat Pena | Catatan Berat Badan,17,0,1,1,1
2019-12-02,Senin,22,Positif,3,bersemangat,Berpuasa | Jalan Kaki | Meditasi | Podcast | Buku Audio | Menulis | Menonton Serial | Makan Enak | Reddit | Streaming | YouTube | Surel | Diet Keto,13,0,1,1,1
2018-05-24,Kamis,14,Netral,2,bingung,Surel | Pekerjaan,2,0,0,0,0
2021-01-12,Selasa,21,Positif,3,keren,Belajar | Jalan Kaki | Streaming | YouTube | Memasak | Penelitian | Hal Baru | Dokumenter | Coding,9,0,0,1,1
2020-07-03,Jumat,21,Netral,2,bertanya-tanya,Membaca | Seni | Berdoa | Membaca Quran | Jalan Kaki | Meditasi | Dota 2 | Podcast | Buku Audio | Menulis | Menonton Serial | Berita Terkini | Makan Enak | Reddit | Bercukur | Merapikan Rambut | Streaming | YouTube | Membersihkan Rumah | Surel | Mendengarkan Lagu | Cinta,22,0,1,1,0
2020-08-19,Rabu,13,Negatif,1,khawatir,Berpuasa | Berita Terkini | Makan Enak | Reddit | Belajar Bahasa | Streaming | YouTube | Keluarga | Dokumenter | Cinta,10,0,0,0,0
2020-09-10,Kamis,20,Positif,3,bersemangat,Membaca | Belajar | Seni | Berdoa | Berpuasa | Membaca Quran | Jalan Kaki | Meditasi | Mandi | Buku Audio | Menulis | Menonton Serial | Berita Terkini | Makan Enak | Reddit | Belajar Bahasa | Yoga | Bercukur | Merapikan Rambut | Poetry | Streaming | YouTube | Memasak | Meditasi Holotropik | Membersihkan Rumah | Penelitian | Hal Baru | Mendengarkan Lagu | Dokumenter | Sahabat Pena | Coding | Tutorial | Rekaman,33,0,1,1,1
2021-03-04,Kamis,21,Positif,3,fokus,Seni | Berdoa | Berpuasa | Jalan Kaki | Meditasi | Mandi | Buku Audio | Menulis | Menonton Serial | Makan Enak | Reddit | Belajar Bahasa | Streaming | YouTube | Memasak | Membersihkan Rumah | Penelitian | Tidur Siang Singkat | Dokumenter | Coding | Tutorial,21,0,1,1,1
2020-10-16,Jumat,21,Netral,2,lemah,Belajar | Seni | Berdoa | Berpuasa | Jalan Kaki | Meditasi | Mandi | Dota 2 | Buku Audio | Menulis | Menonton Serial | Berita Terkini | Makan Enak | Reddit | Belajar Bahasa | Streaming | YouTube | Memasak | Membersihkan Rumah | Penelitian | Hal Baru | Tidur Siang Singkat | Mendengarkan Lagu | Dokumenter | Sahabat Pena | Coding | Tutorial,27,0,1,1,0
2018-02-09,Jumat,18,Netral,2,biasa saja,Berdoa | Streaming | YouTube | Traveling | Penelitian | Hal Baru,6,0,0,0,0
2018-06-27,Rabu,19,Netral,2,bingung,Mandi | Streaming | YouTube,3,0,0,0,0
2018-09-13,Kamis,10,Negatif,1,sakit,Buku Audio | Berita Terkini | Tidur Siang Singkat,3,0,0,0,0
2020-08-02,Minggu,21,Netral,2,biasa saja,Membaca | Berdoa | Berpuasa | Membaca Quran | Jalan Kaki | Meditasi | Mandi | Dota 2 | Podcast | Buku Audio | Menulis | Menonton Serial | Berita Terkini | Makan Enak | Reddit | Belajar Bahasa | Streaming | YouTube | Membersihkan Rumah | Penelitian | Keluarga | Tidur Siang Singkat | Dokumenter,23,1,1,1,0
2018-02-17,Sabtu,9,Positif,3,diberkati,Jalan Kaki | Meditasi | Dota 2 | Traveling,4,1,1,1,1
2018-04-23,Senin,10,Netral,2,bingung,Tidur Siang Singkat,1,0,0,0,0
2020-08-31,Senin,22,Netral,2,biasa saja,Berpuasa | Jalan Kaki | Meditasi | Mandi | Buku Audio | Menulis | Menonton Serial | Berita Terkini | Makan Enak | Reddit | Belajar Bahasa | Streaming | YouTube | Traveling | Keluarga | Mendengarkan Lagu | Sahabat Pena | Coding | Tutorial | Rekaman,20,0,1,1,0
2020-06-02,Selasa,15,Negatif,1,khawatir,Seni | Berpuasa | Dota 2 | Menonton Serial | Berita Terkini | Makan Enak | Reddit | Belajar Bahasa | Streaming | YouTube | Sahabat Pena,11,0,0,0,0
2018-07-06,Jumat,19,Negatif,1,tersulut emosi,Berpuasa | Dota 2,2,0,0,0,0
2020-10-05,Senin,21,Netral,2,biasa saja,Berpuasa | Jalan Kaki | Mandi | Buku Audio | Menonton Serial | Berita Terkini | Makan Enak | Reddit | Belajar Bahasa | Streaming | YouTube | Memasak | Membersihkan Rumah | Penelitian | Hal Baru | Tidur Siang Singkat | Surel | Mendengarkan Lagu | Desain | Dokumenter | Sahabat Pena | Coding | Tutorial,23,0,0,1,0
2020-08-07,Jumat,7,Negatif,1,marah,Membaca | Belajar | Seni | Berdoa | Berpuasa | Membaca Quran | Jalan Kaki | Meditasi | Mandi | Dota 2 | Podcast | Buku Audio | Menulis | Menonton Serial | Berita Terkini | Makan Enak | Reddit | Belajar Bahasa | Streaming | YouTube | Menonton Film | Bermain Game | Hal Baru | Keluarga | Tidur Siang Singkat | Mendengarkan Lagu | Desain | Dokumenter | Cinta | Rekaman,30,0,1,1,0
2020-07-17,Jumat,7,Negatif,1,takut,Membaca | Belajar | Seni | Berdoa | Membaca Quran | Jalan Kaki | Meditasi | Mandi | Dota 2 | Podcast | Buku Audio | Menulis | Menonton Serial | Berita Terkini | Makan Enak | Reddit | Belajar Bahasa | Streaming | YouTube | Membersihkan Rumah | Hal Baru | Keluarga | Tidur Siang Singkat | Mendengarkan Lagu | Desain | Dokumenter | Tutorial | Cinta | Rekaman,29,0,1,1,0
2020-01-10,Jumat,21,Positif,3,bersemangat,Berdoa | Berpuasa | Jalan Kaki | Meditasi | Mandi | Dota 2 | Podcast | Buku Audio | Berita Terkini | Makan Enak | Reddit | Streaming | YouTube | Diet Keto | Catatan Berat Badan,15,0,1,1,1
2021-01-13,Rabu,22,Netral,2,lemah,Membaca | Berdoa | Meditasi | Mandi | Buku Audio | Menulis | Menonton Serial | Makan Enak | Reddit | Belajar Bahasa | Streaming | YouTube | Memasak | Penelitian | Hal Baru | Tidur Siang Singkat | Perbaikan | Dokumenter | Sahabat Pena | Coding | Tutorial,21,0,1,0,0
2018-02-06,Selasa,9,Negatif,1,buruk,Berpuasa | Jalan Kaki | Meditasi | Traveling | Rumah Sakit,5,0,1,1,0
2020-03-10,Selasa,21,Positif,3,sangat bahagia,Seni | Berdoa | Berpuasa | Jalan Kaki | Meditasi | Podcast | Buku Audio | Menonton Serial | Berita Terkini | Makan Enak | Reddit | Streaming | YouTube | Tidur Siang Singkat | Mendengarkan Lagu | Sahabat Pena | Diet Keto,17,0,1,1,1
2020-01-16,Kamis,20,Positif,3,diberkati,Berpuasa | Jalan Kaki | Meditasi | Dota 2 | Podcast | Buku Audio | Menonton Serial | Berita Terkini | Makan Enak | Reddit | Streaming | YouTube | Hal Baru | Mendengarkan Lagu | Diet Keto | Catatan Berat Badan,16,0,1,1,1
2020-02-24,Senin,21,Netral,2,lemah,Berdoa | Jalan Kaki | Meditasi | Mandi | Menonton Serial | Berita Terkini | Makan Enak | Reddit | Streaming | YouTube | Mendengarkan Lagu,11,0,1,1,0
2020-05-15,Jumat,22,Positif,3,diberkati,Membaca | Belajar | Seni | Menulis Jurnal | Berdoa | Berpuasa | Membaca Quran | Jalan Kaki | Meditasi | Mandi | Podcast | Buku Audio | Menulis | Menonton Serial | Berita Terkini | Makan Enak | Reddit | Belajar Bahasa | Streaming | YouTube | Mendengarkan Lagu | Tutorial,22,0,1,1,1
2020-08-02,Minggu,21,Netral,2,biasa saja,Membaca | Berdoa | Berpuasa | Membaca Quran | Jalan Kaki | Meditasi | Mandi | Dota 2 | Podcast | Buku Audio | Menulis | Menonton Serial | Berita Terkini | Makan Enak | Reddit | Belajar Bahasa | Streaming | YouTube | Membersihkan Rumah | Penelitian | Keluarga | Tidur Siang Singkat | Dokumenter,23,1,1,1,0
2021-02-09,Selasa,21,Positif,3,fokus,Membaca | Belajar | Berpuasa | Jalan Kaki | Meditasi | Buku Audio | Menulis | Berita Terkini | Reddit | Belajar Bahasa | Streaming | YouTube | Memasak | Membersihkan Rumah | Penelitian | Hal Baru | Tidur Siang Singkat | Dokumenter | Sahabat Pena | Coding | Tutorial,21,0,1,1,1
2018-06-14,Kamis,15,Netral,2,bertanya-tanya,Berdoa | Berpuasa | Mandi | Dota 2 | YouTube | Tidur Siang Singkat,6,0,0,0,0
2018-02-08,Kamis,19,Positif,3,bersemangat,Jalan Kaki | Buku Audio | YouTube | Traveling,4,0,0,1,1
2018-04-29,Minggu,14,Positif,3,diberkati,Menulis Jurnal | Menonton Serial | Makan Enak | Streaming | YouTube | Hal Baru,6,1,0,0,1
2020-10-11,Minggu,23,Netral,2,bingung,Belajar | Berpuasa | Jalan Kaki | Meditasi | Menonton Serial | Berita Terkini | Makan Enak | Reddit | Belajar Bahasa | Streaming | YouTube | Memasak | Membersihkan Rumah | Penelitian | Hal Baru | Tidur Siang Singkat | Sahabat Pena | Coding | Tutorial,19,1,1,1,0
2019-11-17,Minggu,21,Positif,3,diberkati,Berpuasa | Jalan Kaki | Meditasi | Dota 2 | Buku Audio | Menonton Serial | Berita Terkini | Makan Enak | YouTube | Diet Keto | Catatan Berat Badan,11,1,1,1,1
2018-11-12,Senin,13,Positif,3,keren,Membaca | Meditasi | Menonton Serial | Berita Terkini | Makan Enak | Streaming | YouTube | Sahabat Pena,8,0,1,0,1
2020-09-18,Jumat,19,Negatif,1,tersulut emosi,Belajar | Berdoa | Berpuasa | Membaca Quran | Jalan Kaki | Meditasi | Mandi | Buku Audio | Menulis | Menonton Serial | Berita Terkini | Reddit | Belajar Bahasa | Streaming | YouTube | Memasak | Membersihkan Rumah | Penelitian | Hal Baru | Mendengarkan Lagu | Dokumenter | Sahabat Pena | Coding | Tutorial,24,0,1,1,0
2018-05-24,Kamis,14,Netral,2,bingung,Surel | Pekerjaan,2,0,0,0,0
2020-02-27,Kamis,21,Positif,3,bersemangat,Seni | Berdoa | Berpuasa | Jalan Kaki | Meditasi | Mandi | Buku Audio | Menonton Serial | Berita Terkini | Makan Enak | Reddit | Streaming | YouTube | Tidur Siang Singkat | Mendengarkan Lagu | Desain | Diet Keto | Catatan Berat Badan,18,0,1,1,1
2020-10-09,Jumat,21,Negatif,1,khawatir,Belajar | Berdoa | Berpuasa | Olahraga | Membaca Quran | Jalan Kaki | Mandi | Buku Audio | Menonton Serial | Berita Terkini | Makan Enak | Reddit | Belajar Bahasa | Streaming | YouTube | Memasak | Membersihkan Rumah | Penelitian | Hal Baru | Tidur Siang Singkat | Surel | Dokumenter | Sahabat Pena | Coding | Tutorial,25,0,0,1,0
2020-08-28,Jumat,22,Negatif,1,sangat sedih,Berdoa | Berpuasa | Membaca Quran | Jalan Kaki | Meditasi | Mandi | Podcast | Buku Audio | Menonton Serial | Berita Terkini | Makan Enak | Reddit | Belajar Bahasa | Streaming | YouTube | Memasak | Keluarga | Tidur Siang Singkat | Sahabat Pena | Coding | Rekaman,21,0,1,1,0
2018-02-12,Senin,19,Negatif,1,tersulut emosi,Dota 2 | Streaming | YouTube | Hal Baru | Keluarga | Surel | Mendengarkan Lagu,7,0,0,0,0
2019-11-19,Selasa,21,Positif,3,santai totalitas,Membaca | Berpuasa | Jalan Kaki | Meditasi | Dota 2 | Buku Audio | Menonton Serial | Berita Terkini | Reddit | Streaming | YouTube | Diet Keto | Catatan Berat Badan,13,0,1,1,1
2020-05-10,Minggu,11,Positif,3,sangat bahagia,Membaca | Belajar | Seni | Menulis Jurnal | Berdoa | Berpuasa | Membaca Quran | Jalan Kaki | Meditasi | Mandi | Buku Audio | Berita Terkini | Makan Enak | Reddit | Streaming | YouTube | Hal Baru | Surel | Mendengarkan Lagu | Tutorial | Catatan Berat Badan,21,1,1,1,1
2018-09-18,Selasa,10,Negatif,1,khawatir,Berdoa,1,0,0,0,0
2020-06-26,Jumat,21,Netral,2,bertanya-tanya,Membaca | Belajar | Seni | Menulis Jurnal | Berdoa | Berpuasa | Membaca Quran | Jalan Kaki | Meditasi | Mandi | Buku Audio | Menulis | Menonton Serial | Berita Terkini | Makan Enak | Reddit | Streaming | YouTube | Penelitian | Keluarga | Tidur Siang Singkat | Mendengarkan Lagu | Sahabat Pena | Pesta | Cinta | Rekaman | Edit Video,27,0,1,1,0
2018-09-12,Rabu,19,Negatif,1,sakit,Dota 2 | YouTube,2,0,0,0,0
2021-04-13,Selasa,2,Netral,2,bertanya-tanya,Membaca | Belajar | Seni | Berdoa | Berpuasa | Jalan Kaki | Meditasi | Buku Audio | Menulis | Menonton Serial | Berita Terkini | Makan Enak | Reddit | Belajar Bahasa | Bercukur | Streaming | YouTube | Memasak | Penelitian | Hal Baru | Tidur Siang Singkat | Dokumenter | Sahabat Pena | Coding | Tutorial,25,0,1,1,0
2018-02-14,Rabu,13,Negatif,1,marah,Dota 2 | YouTube | Bermain Game,3,0,0,0,0
2019-11-22,Jumat,21,Netral,2,bertanya-tanya,Berdoa | Berpuasa | Jalan Kaki | Meditasi | Mandi | Buku Audio | Menonton Serial | Berita Terkini | Reddit | YouTube | Diet Keto | Catatan Berat Badan,12,0,1,1,0
2018-03-23,Jumat,14,Positif,3,baik,Menonton Serial | YouTube,2,0,0,0,1
2021-01-07,Kamis,17,Positif,3,sangat bahagia,Membaca | Belajar | Berdoa | Berpuasa | Jalan Kaki | Meditasi | Mandi | Buku Audio | Menulis | Menonton Serial | Berita Terkini | Makan Enak | Reddit | Belajar Bahasa | Streaming | YouTube | Memasak | Membersihkan Rumah | Penelitian | Hal Baru | Tidur Siang Singkat | Mendengarkan Lagu | Dokumenter | Coding | Tutorial,25,0,1,1,1
2018-02-28,Rabu,10,Positif,3,diberkati,Berdoa | Tidur Siang Singkat,2,0,0,0,1
2020-04-07,Selasa,19,Netral,2,bingung,Seni | Menulis Jurnal | Berdoa | Jalan Kaki | Meditasi | Mandi | Podcast | Buku Audio | Menulis | Menonton Serial | Berita Terkini | Makan Enak | Reddit | Streaming | YouTube | Membersihkan Rumah | Keluarga | Tidur Siang Singkat | Mendengarkan Lagu | Sahabat Pena,20,0,1,1,0
2020-08-04,Selasa,19,Negatif,1,buruk,Berdoa | Berpuasa | Olahraga | Membaca Quran | Jalan Kaki | Meditasi | Mandi | Dota 2 | Podcast | Buku Audio | Menulis | Menonton Serial | Berita Terkini | Makan Enak | Reddit | Belajar Bahasa | Streaming | YouTube | Penelitian | Tidur Siang Singkat | Mendengarkan Lagu | Desain | Dokumenter,23,0,1,1,0
2018-12-05,Rabu,19,Negatif,1,takut,Jalan Kaki | Dota 2 | Podcast | Menonton Serial | Berita Terkini | Makan Enak | Streaming | YouTube | Desain,9,0,0,1,0
2020-08-06,Kamis,21,Negatif,1,buruk,Seni | Berdoa | Berpuasa | Membaca Quran | Jalan Kaki | Meditasi | Mandi | Dota 2 | Podcast | Buku Audio | Menulis | Berita Terkini | Makan Enak | Reddit | Belajar Bahasa | Bercukur | Streaming | YouTube | Penelitian | Keluarga | Tidur Siang Singkat | Mendengarkan Lagu | Desain | Cinta,24,0,1,1,0
2019-05-04,Sabtu,10,Negatif,1,tersulut emosi,Dota 2 | Podcast | Buku Audio | Berita Terkini | Makan Enak | Reddit | Streaming | YouTube | Surel | Mendengarkan Lagu | Desain | Catatan Berat Badan,12,1,0,0,0
2020-05-20,Rabu,15,Negatif,1,marah,Membaca | Belajar | Seni | Berdoa | Berpuasa | Olahraga | Membaca Quran | Jalan Kaki | Meditasi | Mandi | Podcast | Buku Audio | Menulis | Berita Terkini | Makan Enak | Reddit | Belajar Bahasa | Streaming | YouTube | Penelitian | Tidur Siang Singkat | Surel | Mendengarkan Lagu,23,0,1,1,0
2021-02-15,Senin,12,Positif,3,keren,Membaca | Belajar | Berpuasa | Jalan Kaki | Menulis | Menonton Serial | Makan Enak | Reddit | Belajar Bahasa | Streaming | YouTube | Memasak | Membersihkan Rumah | Penelitian | Hal Baru | Tidur Siang Singkat | Mendengarkan Lagu | Desain | Dokumenter | Sahabat Pena | Coding | Tutorial,22,0,0,1,1
2018-07-17,Selasa,19,Negatif,1,sangat sedih,Dota 2 | Podcast | Makan Enak | Streaming | YouTube | Catatan Berat Badan,6,0,0,0,0
2020-08-28,Jumat,22,Negatif,1,sangat sedih,Berdoa | Berpuasa | Membaca Quran | Jalan Kaki | Meditasi | Mandi | Podcast | Buku Audio | Menonton Serial | Berita Terkini | Makan Enak | Reddit | Belajar Bahasa | Streaming | YouTube | Memasak | Keluarga | Tidur Siang Singkat | Sahabat Pena | Coding | Rekaman,21,0,1,1,0
2018-05-02,Rabu,20,Negatif,1,sangat sedih,Dota 2 | Streaming | YouTube,3,0,0,0,0
2021-02-19,Jumat,23,Positif,3,keren,Membaca | Berdoa | Berpuasa | Jalan Kaki | Mandi | Buku Audio | Menulis | Menonton Serial | Makan Enak | Reddit | Belajar Bahasa | Streaming | YouTube | Memasak | Membersihkan Rumah | Penelitian | Hal Baru | Tidur Siang Singkat | Dokumenter | Sahabat Pena | Coding | Tutorial,22,0,0,1,1
2018-09-13,Kamis,10,Negatif,1,sakit,Buku Audio | Berita Terkini | Tidur Siang Singkat,3,0,0,0,0
2018-06-26,Selasa,14,Positif,3,bersemangat,Membaca | Menulis Jurnal | Berdoa | Mandi | Buku Audio | Menonton Serial | Hal Baru | Surel | Catatan Berat Badan,9,0,0,0,1
2018-04-03,Selasa,14,Negatif,1,sakit,Makan Enak | Streaming | Traveling,3,0,0,0,0
2018-02-13,Selasa,14,Negatif,1,marah,Makan Enak | YouTube | Surel,3,0,0,0,0
2018-06-27,Rabu,19,Netral,2,bingung,Mandi | Streaming | YouTube,3,0,0,0,0
2021-01-13,Rabu,22,Netral,2,lemah,Membaca | Berdoa | Meditasi | Mandi | Buku Audio | Menulis | Menonton Serial | Makan Enak | Reddit | Belajar Bahasa | Streaming | YouTube | Memasak | Penelitian | Hal Baru | Tidur Siang Singkat | Perbaikan | Dokumenter | Sahabat Pena | Coding | Tutorial,21,0,1,0,0
2020-06-08,Senin,23,Netral,2,lemah,Jalan Kaki | Menonton Serial | Makan Enak | Reddit | Belajar Bahasa | Streaming | YouTube | Keluarga | Mendengarkan Lagu | Sahabat Pena,10,0,0,1,0
2018-04-09,Senin,19,Negatif,1,khawatir,Dota 2 | Podcast | Buku Audio | Streaming | YouTube | Mendengarkan Lagu,6,0,0,0,0
2021-02-02,Selasa,21,Positif,3,sangat bahagia,Membaca | Belajar | Berpuasa | Jalan Kaki | Meditasi | Mandi | Buku Audio | Menulis | Menonton Serial | Berita Terkini | Makan Enak | Reddit | Belajar Bahasa | Streaming | YouTube | Menonton Film | Memasak | Traveling | Membersihkan Rumah | Penelitian | Hal Baru | Tidur Siang Singkat | Mendengarkan Lagu | Dokumenter | Sahabat Pena | Coding | Tutorial | Cinta,28,0,1,1,1
2019-01-05,Sabtu,19,Positif,3,sangat bahagia,Jalan Kaki | Dota 2 | Berita Terkini | Makan Enak | Streaming | YouTube | Sahabat Pena,7,1,0,1,1
2021-03-24,Rabu,21,Positif,3,fokus,Membaca | Belajar | Seni | Berdoa | Berpuasa | Jalan Kaki | Meditasi | Mandi | Podcast | Buku Audio | Menulis | Menonton Serial | Makan Enak | Belajar Bahasa | Streaming | YouTube | Memasak | Traveling | Penelitian | Hal Baru | Tidur Siang Singkat | Dokumenter | Sahabat Pena | Coding | Tutorial,25,0,1,1,1
2020-01-21,Selasa,21,Positif,3,diberkati,Berpuasa | Jalan Kaki | Meditasi | Mandi | Dota 2 | Buku Audio | Menonton Serial | Berita Terkini | Makan Enak | Reddit | Streaming | YouTube | Diet Keto,13,0,1,1,1
2020-04-04,Sabtu,21,Positif,3,bersemangat,Seni | Berdoa | Jalan Kaki | Meditasi | Mandi | Menulis | Menonton Serial | Berita Terkini | Makan Enak | Reddit | Streaming | YouTube | Membersihkan Rumah | Tidur Siang Singkat | Mendengarkan Lagu,15,1,1,1,1
2020-04-03,Jumat,21,Positif,3,bersemangat,Berdoa | Mandi | Dota 2 | Buku Audio | Menulis | Menonton Serial | Makan Enak | Reddit | Streaming | YouTube | Tidur Siang Singkat | Mendengarkan Lagu | Sahabat Pena,13,0,0,0,1
2018-03-01,Kamis,14,Netral,2,biasa saja,Mandi | Makan Enak | Streaming | YouTube | Catatan Berat Badan,5,0,0,0,0
2021-02-14,Minggu,12,Negatif,1,khawatir,Membaca | Belajar | Berpuasa | Jalan Kaki | Menulis | Menonton Serial | Berita Terkini | Makan Enak | Reddit | Belajar Bahasa | Streaming | YouTube | Memasak | Membersihkan Rumah | Penelitian | Hal Baru | Tidur Siang Singkat | Dokumenter | Sahabat Pena | Coding | Tutorial,21,1,0,1,0
2018-06-27,Rabu,19,Netral,2,bingung,Mandi | Streaming | YouTube,3,0,0,0,0
2018-03-07,Rabu,11,Negatif,1,khawatir,Dota 2,1,0,0,0,0
2018-05-08,Selasa,20,Netral,2,bingung,Berdoa,1,0,0,0,0
2020-12-15,Selasa,21,Positif,3,fokus,Membaca | Berpuasa | Membaca Quran | Jalan Kaki | Buku Audio | Menulis | Menonton Serial | Berita Terkini | Makan Enak | Reddit | Belajar Bahasa | Streaming | YouTube | Memasak | Membersihkan Rumah | Penelitian | Tidur Siang Singkat | Sahabat Pena | Coding | Tutorial | Cinta,21,0,0,1,1
2020-10-26,Senin,21,Netral,2,lemah,Belajar | Berdoa | Berpuasa | Jalan Kaki | Meditasi | Mandi | Buku Audio | Menulis | Menonton Serial | Berita Terkini | Makan Enak | Reddit | Belajar Bahasa | Streaming | YouTube | Memasak | Penelitian | Hal Baru | Tidur Siang Singkat | Dokumenter | Coding | Tutorial,22,0,1,1,0
2019-12-15,Minggu,19,Positif,3,sangat bahagia,Berpuasa | Olahraga | Jalan Kaki | Meditasi | Buku Audio | Menonton Serial | Berita Terkini | Makan Enak | Reddit | Streaming | YouTube | Diet Keto | Catatan Berat Badan,13,1,1,1,1
2018-06-13,Rabu,14,Netral,2,bingung,Surel | Pekerjaan,2,0,0,0,0
2018-04-20,Jumat,19,Negatif,1,tersulut emosi,Dota 2,1,0,0,0,0
2020-05-10,Minggu,11,Positif,3,sangat bahagia,Membaca | Belajar | Seni | Menulis Jurnal | Berdoa | Berpuasa | Membaca Quran | Jalan Kaki | Meditasi | Mandi | Buku Audio | Berita Terkini | Makan Enak | Reddit | Streaming | YouTube | Hal Baru | Surel | Mendengarkan Lagu | Tutorial | Catatan Berat Badan,21,1,1,1,1
2018-03-05,Senin,19,Negatif,1,marah,Dota 2 | Streaming | YouTube,3,0,0,0,0
2018-03-17,Sabtu,14,Netral,2,bingung,Streaming | YouTube,2,1,0,0,0
2018-11-22,Kamis,10,Positif,3,sangat bahagia,Berpuasa | Jalan Kaki | Meditasi | Buku Audio | Berita Terkini,5,0,1,1,1
2020-08-05,Rabu,14,Negatif,1,sangat buruk,Membaca | Belajar | Seni | Berdoa | Berpuasa | Membaca Quran | Jalan Kaki | Meditasi | Mandi | Dota 2 | Podcast | Buku Audio | Menulis | Menonton Serial | Berita Terkini | Makan Enak | Reddit | Belajar Bahasa | Streaming | YouTube | Penelitian | Keluarga | Tidur Siang Singkat | Mendengarkan Lagu | Dokumenter | Cinta,26,0,1,1,0
2020-09-19,Sabtu,21,Netral,2,bertanya-tanya,Belajar | Berdoa | Berpuasa | Membaca Quran | Jalan Kaki | Meditasi | Mandi | Menonton Serial | Berita Terkini | Makan Enak | Reddit | Belajar Bahasa | Streaming | YouTube | Memasak | Membersihkan Rumah | Penelitian | Hal Baru | Mendengarkan Lagu | Dokumenter | Sahabat Pena | Coding | Tutorial,23,1,1,1,0
2020-08-15,Sabtu,21,Negatif,1,buruk,Seni | Jalan Kaki | Podcast | Buku Audio | Menonton Serial | Reddit | Belajar Bahasa | Streaming | YouTube,9,1,0,1,0
2019-12-01,Minggu,21,Positif,3,lapar,Berpuasa | Jalan Kaki | Meditasi | Buku Audio | Menonton Serial | Reddit | Streaming | YouTube | Traveling,9,1,1,1,1
2020-07-25,Sabtu,14,Netral,2,lemah,Belajar | Seni | Berdoa | Berpuasa | Membaca Quran | Jalan Kaki | Meditasi | Mandi | Dota 2 | Podcast | Buku Audio | Menulis | Berita Terkini | Makan Enak | Reddit | Belajar Bahasa | Streaming | YouTube | Membersihkan Rumah | Penelitian | Tidur Siang Singkat | Mendengarkan Lagu | Desain | Tutorial,24,1,1,1,0
2018-02-06,Selasa,20,Negatif,1,sakit,Dota 2 | Streaming | Keluarga,3,0,0,0,0
2018-10-26,Jumat,10,Positif,3,fokus,Membaca | Meditasi | Berita Terkini,3,0,1,0,1
2020-02-15,Sabtu,22,Positif,3,keren,Berpuasa | Jalan Kaki | Meditasi | Podcast | Menonton Serial | Berita Terkini | Makan Enak | Reddit | Streaming | YouTube | Diet Keto,11,1,1,1,1
2020-06-27,Sabtu,21,Positif,3,bersemangat,Membaca | Belajar | Seni | Berdoa | Berpuasa | Membaca Quran | Jalan Kaki | Meditasi | Mandi | Buku Audio | Menulis | Menonton Serial | Berita Terkini | Makan Enak | Reddit | Streaming | YouTube | Menonton Film | Keluarga | Tidur Siang Singkat | Mendengarkan Lagu | Dokumenter | Tutorial | Cinta,24,1,1,1,1
2019-12-12,Kamis,18,Positif,3,lapar,Berpuasa | Olahraga | Jalan Kaki | Meditasi | Buku Audio | Menulis | Menonton Serial | Reddit | Streaming | YouTube | Membersihkan Rumah | Hal Baru | Mendengarkan Lagu | Sahabat Pena | Coding | Diet Keto | Catatan Berat Badan,17,0,1,1,1
2020-06-05,Jumat,21,Netral,2,bingung,Seni | Berpuasa | Makan Enak | Reddit | Belajar Bahasa | Streaming | YouTube | Tidur Siang Singkat | Mendengarkan Lagu | Desain | Sahabat Pena,11,0,0,0,0
2020-09-25,Jumat,12,Negatif,1,khawatir,Belajar | Seni | Berdoa | Berpuasa | Olahraga | Membaca Quran | Jalan Kaki | Mandi | Buku Audio | Menonton Serial | Berita Terkini | Makan Enak | Reddit | Belajar Bahasa | Bercukur | Streaming | YouTube | Memasak | Penelitian | Hal Baru | Tidur Siang Singkat | Surel | Mendengarkan Lagu | Desain | Sahabat Pena | Coding | Tutorial | Rekaman,28,0,0,1,0
2018-04-27,Jumat,19,Netral,2,bertanya-tanya,Dota 2,1,0,0,0,0
2018-02-17,Sabtu,6,Positif,3,diberkati,Berdoa,1,1,0,0,1
2018-02-03,Sabtu,19,Negatif,1,marah,Menulis Jurnal | Dota 2 | Streaming | Belanja,4,1,0,0,0
2018-07-06,Jumat,19,Negatif,1,tersulut emosi,Berpuasa | Dota 2,2,0,0,0,0
2019-12-08,Minggu,21,Positif,3,diberkati,Berpuasa | Jalan Kaki | Meditasi | Mandi | Buku Audio | Menonton Serial | Makan Enak | Reddit | Streaming | YouTube | Penelitian | Tidur Siang Singkat | Diet Keto,13,1,1,1,1
2018-02-18,Minggu,19,Positif,3,baik,Dota 2 | YouTube | Bermain Game,3,1,0,0,1
2020-02-16,Minggu,21,Positif,3,keren,Berdoa | Berpuasa | Jalan Kaki | Meditasi | Mandi | Buku Audio | Berita Terkini | Makan Enak | Reddit | Streaming | YouTube,11,1,1,1,1
2020-03-13,Jumat,20,Positif,3,bersemangat,Seni | Berdoa | Jalan Kaki | Meditasi | Mandi | Dota 2 | Podcast | Buku Audio | Berita Terkini | Makan Enak | Reddit | Streaming | YouTube | Mendengarkan Lagu | Sahabat Pena,15,0,1,1,1
2021-04-05,Senin,14,Positif,3,santai,Membaca | Belajar | Berdoa | Berpuasa | Jalan Kaki | Meditasi | Mandi | Buku Audio | Menulis | Menonton Serial | Berita Terkini | Makan Enak | Reddit | Belajar Bahasa | Merapikan Rambut | Streaming | YouTube | Memasak | Penelitian | Hal Baru | Tidur Siang Singkat | Dokumenter | Sahabat Pena | Coding | Tutorial,25,0,1,1,1
2020-10-19,Senin,21,Negatif,1,sangat sedih,Membaca | Belajar | Berdoa | Berpuasa | Membaca Quran | Jalan Kaki | Meditasi | Mandi | Dota 2 | Podcast | Buku Audio | Menulis | Menonton Serial | Berita Terkini | Makan Enak | Reddit | Belajar Bahasa | Streaming | YouTube | Memasak | Penelitian | Hal Baru | Mendengarkan Lagu | Dokumenter | Coding | Tutorial,26,0,1,1,0
2021-03-29,Senin,21,Positif,3,fokus,Membaca | Belajar | Berdoa | Berpuasa | Jalan Kaki | Meditasi | Mandi | Podcast | Buku Audio | Menulis | Menonton Serial | Reddit | Belajar Bahasa | Streaming | YouTube | Memasak | Traveling | Hal Baru | Tidur Siang Singkat | Mendengarkan Lagu | Dokumenter | Sahabat Pena | Coding | Tutorial,24,0,1,1,1
2018-06-24,Minggu,15,Positif,3,santai,Berpuasa | Mandi | Buku Audio | Streaming | YouTube | Mendengarkan Lagu,6,1,0,0,1
2018-02-03,Sabtu,19,Negatif,1,marah,Menulis Jurnal | Dota 2 | Streaming | Belanja,4,1,0,0,0
2020-09-08,Selasa,20,Positif,3,keren,Belajar | Berdoa | Berpuasa | Membaca Quran | Jalan Kaki | Meditasi | Mandi | Buku Audio | Menulis | Menonton Serial | Berita Terkini | Makan Enak | Reddit | Belajar Bahasa | Streaming | YouTube | Meditasi Holotropik | Hal Baru | Mendengarkan Lagu | Sahabat Pena | Coding | Tutorial | Pekerjaan | Rekaman,24,0,1,1,1
2019-12-02,Senin,22,Positif,3,bersemangat,Berpuasa | Jalan Kaki | Meditasi | Podcast | Buku Audio | Menulis | Menonton Serial | Makan Enak | Reddit | Streaming | YouTube | Surel | Diet Keto,13,0,1,1,1
2019-12-21,Sabtu,21,Positif,3,bersemangat,Berpuasa | Jalan Kaki | Meditasi | Buku Audio | Menonton Serial | Berita Terkini | Makan Enak | Reddit | Streaming | YouTube | Diet Keto,11,1,1,1,1
2020-06-07,Minggu,21,Negatif,1,khawatir,Membaca | Seni | Menulis Jurnal | Jalan Kaki | Mandi | Podcast | Menulis | Berita Terkini | Makan Enak | Reddit | Belajar Bahasa | Streaming | YouTube | Tidur Siang Singkat | Mendengarkan Lagu | Sahabat Pena,16,1,0,1,0
2018-04-09,Senin,19,Negatif,1,khawatir,Dota 2 | Podcast | Buku Audio | Streaming | YouTube | Mendengarkan Lagu,6,0,0,0,0
2020-10-04,Minggu,21,Netral,2,bertanya-tanya,Belajar | Seni | Buku Audio | Menonton Serial | Berita Terkini | Makan Enak | Reddit | Belajar Bahasa | Poetry | Streaming | YouTube | Memasak | Membersihkan Rumah | Penelitian | Hal Baru | Tidur Siang Singkat | Mendengarkan Lagu | Dokumenter | Sahabat Pena | Coding | Tutorial | Cinta,22,1,0,0,0
2019-12-21,Sabtu,21,Positif,3,bersemangat,Berpuasa | Jalan Kaki | Meditasi | Buku Audio | Menonton Serial | Berita Terkini | Makan Enak | Reddit | Streaming | YouTube | Diet Keto,11,1,1,1,1
2020-01-17,Jumat,21,Positif,3,santai totalitas,Berdoa | Berpuasa | Jalan Kaki | Meditasi | Mandi | Podcast | Menonton Serial | Berita Terkini | Makan Enak | Reddit | Streaming | YouTube | Diet Keto | Catatan Berat Badan,14,0,1,1,1
2018-02-07,Rabu,10,Negatif,1,tersulut emosi,Berdoa | Berpuasa | Dota 2 | YouTube | Tidur Siang Singkat,5,0,0,0,0
2020-07-23,Kamis,19,Positif,3,sangat bahagia,Belajar | Seni | Berdoa | Berpuasa | Membaca Quran | Jalan Kaki | Meditasi | Mandi | Dota 2 | Buku Audio | Menulis | Menonton Serial | Berita Terkini | Makan Enak | Belajar Bahasa | Streaming | YouTube | Membersihkan Rumah | Penelitian | Dokumenter | Tutorial | Cinta,22,0,1,1,1
2020-08-10,Senin,21,Netral,2,bertanya-tanya,Membaca | Seni | Berdoa | Berpuasa | Membaca Quran | Jalan Kaki | Meditasi | Mandi | Dota 2 | Buku Audio | Menulis | Menonton Serial | Berita Terkini | Makan Enak | Reddit | Belajar Bahasa | Bercukur | Merapikan Rambut | Streaming | YouTube | Membersihkan Rumah | Tidur Siang Singkat | Mendengarkan Lagu | Dokumenter | Cinta,25,0,1,1,0
2020-06-14,Minggu,21,Positif,3,sangat bahagia,Membaca | Jalan Kaki | Mandi | Dota 2 | Menulis | Menonton Serial | Berita Terkini | Makan Enak | Reddit | Streaming | YouTube | Menonton Film | Keluarga | Dokumenter | Teman | Sahabat Pena | Cinta,17,1,0,1,1
2021-03-01,Senin,20,Negatif,1,sangat buruk,Membaca | Belajar | Berpuasa | Meditasi | Buku Audio | Menulis | Menonton Serial | Berita Terkini | Makan Enak | Reddit | Belajar Bahasa | Streaming | YouTube | Memasak | Penelitian | Tidur Siang Singkat | Dokumenter | Coding | Tutorial,19,0,1,0,0
2019-12-14,Sabtu,21,Positif,3,bersemangat,Berpuasa | Olahraga | Jalan Kaki | Meditasi | Buku Audio | Menonton Serial | Berita Terkini | Reddit | Streaming | YouTube | Diet Keto | Catatan Berat Badan,12,1,1,1,1
2021-03-01,Senin,20,Negatif,1,sangat buruk,Membaca | Belajar | Berpuasa | Meditasi | Buku Audio | Menulis | Menonton Serial | Berita Terkini | Makan Enak | Reddit | Belajar Bahasa | Streaming | YouTube | Memasak | Penelitian | Tidur Siang Singkat | Dokumenter | Coding | Tutorial,19,0,1,0,0
2018-09-25,Selasa,10,Negatif,1,sakit,YouTube,1,0,0,0,0
2018-07-06,Jumat,14,Negatif,1,tersulut emosi,Berdoa | Berpuasa | Meditasi | Mandi | Streaming | YouTube,6,0,1,0,0
2019-12-26,Kamis,21,Positif,3,santai totalitas,Menulis Jurnal | Berpuasa | Jalan Kaki | Meditasi | Podcast | Buku Audio | Menulis | Menonton Serial | Berita Terkini | Makan Enak | Reddit | Streaming | YouTube | Menonton Film | Penelitian | Tidur Siang Singkat | Diet Keto,17,0,1,1,1
2020-08-04,Selasa,19,Negatif,1,buruk,Berdoa | Berpuasa | Olahraga | Membaca Quran | Jalan Kaki | Meditasi | Mandi | Dota 2 | Podcast | Buku Audio | Menulis | Menonton Serial | Berita Terkini | Makan Enak | Reddit | Belajar Bahasa | Streaming | YouTube | Penelitian | Tidur Siang Singkat | Mendengarkan Lagu | Desain | Dokumenter,23,0,1,1,0
2020-07-07,Selasa,21,Netral,2,lemah,Membaca | Berdoa | Berpuasa | Membaca Quran | Jalan Kaki | Meditasi | Dota 2 | Podcast | Buku Audio | Menulis | Menonton Serial | Berita Terkini | Makan Enak | Reddit | Belajar Bahasa | Streaming | YouTube | Keluarga | Mendengarkan Lagu | Cinta,20,0,1,1,0
2018-07-07,Sabtu,14,Negatif,1,tersulut emosi,Dota 2,1,1,0,0,0
2018-03-03,Sabtu,14,Positif,3,keren,Streaming | YouTube | Penelitian | Hal Baru | Surel | Program Doktor,6,1,0,0,1
2018-07-01,Minggu,19,Netral,2,bingung,Membaca | Meditasi | Mandi | Dota 2 | Buku Audio | Menonton Serial | Streaming | YouTube | Menonton Film | Surel | Mendengarkan Lagu | Pekerjaan | Catatan Berat Badan,13,1,1,0,0
2020-08-26,Rabu,20,Netral,2,biasa saja,Seni | Meditasi | Mandi | Podcast | Buku Audio | Menulis | Berita Terkini | Makan Enak | Reddit | Belajar Bahasa | Poetry | Streaming | YouTube | Penelitian | Keluarga | Dokumenter | Coding | Rekaman,18,0,1,0,0
2018-02-08,Kamis,12,Positif,3,baik,Membaca | Traveling | Penelitian | Surel,4,0,0,0,1
2020-04-19,Minggu,21,Netral,2,bingung,Berdoa | Jalan Kaki | Meditasi | Mandi | Dota 2 | Menonton Serial | Berita Terkini | Makan Enak | Reddit | Streaming | YouTube | Tidur Siang Singkat | Mendengarkan Lagu | Sahabat Pena,14,1,1,1,0
2019-11-26,Selasa,21,Positif,3,santai totalitas,Berpuasa | Jalan Kaki | Meditasi | Podcast | Buku Audio | Menonton Serial | Berita Terkini | Makan Enak | Reddit | Streaming | YouTube | Mendengarkan Lagu | Diet Keto,13,0,1,1,1
2020-10-04,Minggu,21,Netral,2,bertanya-tanya,Belajar | Seni | Buku Audio | Menonton Serial | Berita Terkini | Makan Enak | Reddit | Belajar Bahasa | Poetry | Streaming | YouTube | Memasak | Membersihkan Rumah | Penelitian | Hal Baru | Tidur Siang Singkat | Mendengarkan Lagu | Dokumenter | Sahabat Pena | Coding | Tutorial | Cinta,22,1,0,0,0
2018-06-26,Selasa,14,Positif,3,bersemangat,Membaca | Menulis Jurnal | Berdoa | Mandi | Buku Audio | Menonton Serial | Hal Baru | Surel | Catatan Berat Badan,9,0,0,0,1
2020-04-06,Senin,21,Positif,3,lapar,Seni | Berdoa | Jalan Kaki | Meditasi | Mandi | Dota 2 | Podcast | Buku Audio | Menulis | Menonton Serial | Berita Terkini | Makan Enak | Reddit | Streaming | YouTube | Tidur Siang Singkat | Mendengarkan Lagu | Desain | Sahabat Pena,19,0,1,1,1
2020-08-19,Rabu,21,Negatif,1,takut,Membaca | Seni | Berdoa | Berpuasa | Membaca Quran | Jalan Kaki | Meditasi | Mandi | Dota 2 | Buku Audio | Menulis | Menonton Serial | Berita Terkini | Makan Enak | Reddit | Belajar Bahasa | Streaming | YouTube | Hal Baru | Keluarga | Surel | Dokumenter | Pekerjaan | Rekaman,24,0,1,1,0
2020-03-09,Senin,21,Positif,3,bersemangat,Menulis Jurnal | Berdoa | Berpuasa | Jalan Kaki | Meditasi | Mandi | Menonton Serial | Berita Terkini | Makan Enak | Reddit | Streaming | YouTube | Tidur Siang Singkat | Mendengarkan Lagu | Sahabat Pena,15,0,1,1,1
2018-05-07,Senin,14,Positif,3,diberkati,Dota 2 | Buku Audio | YouTube | Surel,4,0,0,0,1
2020-02-29,Sabtu,21,Positif,3,bersemangat,Berdoa | Jalan Kaki | Meditasi | Menonton Serial | Berita Terkini | Makan Enak | Reddit | Streaming | YouTube | Tidur Siang Singkat | Mendengarkan Lagu | Sahabat Pena,12,1,1,1,1
2019-11-18,Senin,22,Netral,2,biasa saja,Berdoa | Berpuasa | Jalan Kaki | Meditasi | Mandi | Buku Audio | Menulis | Berita Terkini | Makan Enak | Reddit | Streaming | YouTube | Tidur Siang Singkat | Mendengarkan Lagu | Diet Keto | Catatan Berat Badan,16,0,1,1,0
2019-11-08,Jumat,18,Netral,2,bertanya-tanya,Berdoa | Berpuasa | Jalan Kaki | Meditasi | Podcast | Buku Audio | Menonton Serial | Berita Terkini | Reddit | Streaming | YouTube | Kabbalah | Diet Keto | Catatan Berat Badan,14,0,1,1,0
2020-09-25,Jumat,12,Negatif,1,khawatir,Belajar | Seni | Berdoa | Berpuasa | Olahraga | Membaca Quran | Jalan Kaki | Mandi | Buku Audio | Menonton Serial | Berita Terkini | Makan Enak | Reddit | Belajar Bahasa | Bercukur | Streaming | YouTube | Memasak | Penelitian | Hal Baru | Tidur Siang Singkat | Surel | Mendengarkan Lagu | Desain | Sahabat Pena | Coding | Tutorial | Rekaman,28,0,0,1,0
2018-12-01,Sabtu,19,Negatif,1,marah,Buku Audio | Berita Terkini | Traveling | Keluarga,4,1,0,0,0
2019-05-01,Rabu,20,Netral,2,bingung,Jalan Kaki | Podcast | Buku Audio | Berita Terkini | Makan Enak | Reddit | Streaming | YouTube | Surel | Desain | Catatan Berat Badan,11,0,0,1,0
2021-04-14,Rabu,2,Netral,2,bingung,Membaca | Belajar | Berdoa | Berpuasa | Membaca Quran | Jalan Kaki | Meditasi | Mandi | Podcast | Buku Audio | Menulis | Menonton Serial | Makan Enak | Reddit | Belajar Bahasa | Streaming | YouTube | Memasak | Penelitian | Hal Baru | Desain | Perbaikan | Dokumenter | Sahabat Pena | Coding | Tutorial,26,0,1,1,0
2020-08-29,Sabtu,21,Negatif,1,takut,Belajar | Seni | Berdoa | Berpuasa | Membaca Quran | Jalan Kaki | Meditasi | Mandi | Podcast | Buku Audio | Menonton Serial | Berita Terkini | Makan Enak | Reddit | Belajar Bahasa | Streaming | YouTube | Traveling | Dokumenter | Coding | Rekaman,21,1,1,1,0
2018-12-05,Rabu,12,Positif,3,santai totalitas,Meditasi | Podcast | Berita Terkini | Makan Enak | YouTube | Hal Baru | Surel | Desain | Sahabat Pena | Pekerjaan,10,0,1,0,1
2018-07-08,Minggu,14,Negatif,1,khawatir,Dota 2,1,1,0,0,0
2020-08-15,Sabtu,17,Negatif,1,marah,Belajar | Jalan Kaki | Mandi | Buku Audio | Menulis | Menonton Serial | Berita Terkini | Reddit | Belajar Bahasa | YouTube | Tidur Siang Singkat | Dokumenter | Coding | Tutorial,14,1,0,1,0
2020-12-18,Jumat,22,Negatif,1,marah,Membaca | Belajar | Berdoa | Berpuasa | Mandi | Buku Audio | Menulis | Menonton Serial | Berita Terkini | Makan Enak | Reddit | Belajar Bahasa | Streaming | YouTube | Memasak | Traveling | Penelitian | Hal Baru | Tidur Siang Singkat | Dokumenter | Sahabat Pena | Coding | Tutorial,23,0,0,0,0
2021-03-08,Senin,13,Netral,2,biasa saja,Belajar | Berdoa | Berpuasa | Jalan Kaki | Meditasi | Mandi | Buku Audio | Menulis | Menonton Serial | Makan Enak | Reddit | Belajar Bahasa | Streaming | YouTube | Memasak | Membersihkan Rumah | Penelitian | Tidur Siang Singkat | Dokumenter | Sahabat Pena | Coding | Tutorial,22,0,1,1,0
2020-03-12,Kamis,21,Positif,3,sangat bahagia,Berpuasa | Jalan Kaki | Meditasi | Dota 2 | Buku Audio | Menonton Serial | Berita Terkini | Makan Enak | Reddit | Streaming | YouTube | Mendengarkan Lagu | Sahabat Pena,13,0,1,1,1
2018-03-18,Minggu,10,Positif,3,diberkati,Meditasi | Mandi | Dota 2 | Streaming | Penelitian | Hal Baru,6,1,1,0,1
2018-02-13,Selasa,14,Negatif,1,marah,Makan Enak | YouTube | Surel,3,0,0,0,0
2020-07-24,Jumat,21,Netral,2,bertanya-tanya,Belajar | Seni | Menulis Jurnal | Berdoa | Berpuasa | Membaca Quran | Jalan Kaki | Meditasi | Mandi | Dota 2 | Podcast | Buku Audio | Menulis | Menonton Serial | Berita Terkini | Makan Enak | Reddit | Belajar Bahasa | Streaming | YouTube | Membersihkan Rumah | Penelitian | Tidur Siang Singkat | Desain,24,0,1,1,0
2018-05-28,Senin,14,Positif,3,keren,YouTube | Surel | Pekerjaan,3,0,0,0,1
2019-09-17,Selasa,13,Netral,2,bingung,Seni | Berpuasa | Meditasi | Berita Terkini | Reddit | Desain,6,0,1,0,0
2018-04-22,Minggu,14,Netral,2,biasa saja,Makan Enak | Streaming | YouTube | Penelitian | Surel | Pekerjaan,6,1,0,0,0
2018-04-20,Jumat,19,Negatif,1,tersulut emosi,Dota 2,1,0,0,0,0
2021-03-11,Kamis,21,Positif,3,bersemangat,Membaca | Belajar | Seni | Berdoa | Berpuasa | Membaca Quran | Jalan Kaki | Meditasi | Mandi | Buku Audio | Menulis | Menonton Serial | Makan Enak | Reddit | Belajar Bahasa | Streaming | YouTube | Memasak | Penelitian | Hal Baru | Surel | Dokumenter | Sahabat Pena | Coding | Tutorial,25,0,1,1,1
2018-03-30,Jumat,19,Positif,3,bersemangat,Berdoa | Mandi | Buku Audio | Streaming | YouTube | Hal Baru | Catatan Berat Badan,7,0,0,0,1
2021-02-12,Jumat,21,Negatif,1,khawatir,Membaca | Belajar | Berdoa | Berpuasa | Jalan Kaki | Meditasi | Mandi | Buku Audio | Menonton Serial | Reddit | Belajar Bahasa | Streaming | YouTube | Memasak | Membersihkan Rumah | Penelitian | Tidur Siang Singkat | Surel | Dokumenter | Sahabat Pena | Coding | Tutorial,22,0,1,1,0
2020-08-20,Kamis,20,Negatif,1,khawatir,Membaca | Seni | Berdoa | Berpuasa | Membaca Quran | Jalan Kaki | Meditasi | Buku Audio | Menulis | Menonton Serial | Berita Terkini | Makan Enak | Reddit | Belajar Bahasa | Streaming | YouTube | Mendengarkan Lagu | Dokumenter | Rekaman,19,0,1,1,0
2020-06-25,Kamis,21,Positif,3,sangat bahagia,Membaca | Belajar | Seni | Berdoa | Berpuasa | Membaca Quran | Jalan Kaki | Meditasi | Mandi | Berita Terkini | Makan Enak | Reddit | Belajar Bahasa | Streaming | YouTube | Tidur Siang Singkat | Surel | Mendengarkan Lagu | Cinta | Rekaman,20,0,1,1,1
2020-08-20,Kamis,20,Negatif,1,khawatir,Membaca | Seni | Berdoa | Berpuasa | Membaca Quran | Jalan Kaki | Meditasi | Buku Audio | Menulis | Menonton Serial | Berita Terkini | Makan Enak | Reddit | Belajar Bahasa | Streaming | YouTube | Mendengarkan Lagu | Dokumenter | Rekaman,19,0,1,1,0
2018-04-27,Jumat,19,Netral,2,bertanya-tanya,Dota 2,1,0,0,0,0
2018-11-26,Senin,12,Positif,3,sangat bahagia,Meditasi | Mandi | Buku Audio | Menonton Serial | Berita Terkini | Makan Enak | YouTube | Bermain Game | Desain | Sahabat Pena,10,0,1,0,1
2020-10-25,Minggu,19,Positif,3,diberkati,Belajar | Berpuasa | Jalan Kaki | Menonton Serial | Berita Terkini | Makan Enak | Reddit | Belajar Bahasa | Streaming | YouTube | Memasak | Penelitian | Hal Baru | Tidur Siang Singkat | Coding | Tutorial,16,1,0,1,1
2021-02-11,Kamis,21,Positif,3,keren,Membaca | Belajar | Berpuasa | Jalan Kaki | Buku Audio | Menonton Serial | Makan Enak | Belajar Bahasa | Streaming | YouTube | Memasak | Membersihkan Rumah | Penelitian | Hal Baru | Tidur Siang Singkat | Dokumenter | Sahabat Pena | Coding | Tutorial | Cinta,20,0,0,1,1
2018-04-20,Jumat,19,Negatif,1,tersulut emosi,Dota 2,1,0,0,0,0
2021-04-12,Senin,21,Negatif,1,marah,Membaca | Belajar | Berpuasa | Jalan Kaki | Meditasi | Mandi | Menulis | Menonton Serial | Makan Enak | Reddit | Belajar Bahasa | Streaming | YouTube | Memasak | Membersihkan Rumah | Penelitian | Hal Baru | Tidur Siang Singkat | Dokumenter | Sahabat Pena | Coding | Tutorial,22,0,1,1,0
2021-01-04,Senin,17,Positif,3,sangat bahagia,Membaca | Belajar | Berdoa | Berpuasa | Meditasi | Mandi | Buku Audio | Menulis | Menonton Serial | Berita Terkini | Reddit | Belajar Bahasa | Streaming | YouTube | Memasak | Membersihkan Rumah | Penelitian | Hal Baru | Sahabat Pena | Coding | Tutorial | Cinta,22,0,1,0,1
2019-04-27,Sabtu,13,Netral,2,bertanya-tanya,Berpuasa | Podcast | Berita Terkini | Reddit | Streaming | YouTube | Sahabat Pena | Catatan Berat Badan,8,1,0,0,0
2020-08-21,Jumat,21,Positif,3,lapar,Membaca | Seni | Berdoa | Berpuasa | Membaca Quran | Jalan Kaki | Meditasi | Mandi | Dota 2 | Buku Audio | Berita Terkini | Makan Enak | Reddit | Belajar Bahasa | Poetry | Streaming | YouTube | Mendengarkan Lagu | Dokumenter | Belanja | Coding | Tutorial | Rekaman,23,0,1,1,1
2020-06-07,Minggu,21,Negatif,1,khawatir,Membaca | Seni | Menulis Jurnal | Jalan Kaki | Mandi | Podcast | Menulis | Berita Terkini | Makan Enak | Reddit | Belajar Bahasa | Streaming | YouTube | Tidur Siang Singkat | Mendengarkan Lagu | Sahabat Pena,16,1,0,1,0
2020-07-04,Sabtu,10,Negatif,1,marah,Membaca | Seni | Berdoa | Membaca Quran | Jalan Kaki | Mandi | Dota 2 | Buku Audio | Menulis | Berita Terkini | Makan Enak | Reddit | Streaming | YouTube | Program Doktor | Cinta,16,1,0,1,0
2018-03-07,Rabu,11,Negatif,1,khawatir,Dota 2,1,0,0,0,0
2018-05-08,Selasa,14,Positif,3,diberkati,Berdoa | Mandi | YouTube | Surel | Mendengarkan Lagu,5,0,0,0,1
2018-09-13,Kamis,10,Negatif,1,sakit,Buku Audio | Berita Terkini | Tidur Siang Singkat,3,0,0,0,0
2018-02-09,Jumat,19,Positif,3,diberkati,Jalan Kaki | Buku Audio | Surel | Mendengarkan Lagu,4,0,0,1,1
2020-08-02,Minggu,21,Netral,2,biasa saja,Membaca | Berdoa | Berpuasa | Membaca Quran | Jalan Kaki | Meditasi | Mandi | Dota 2 | Podcast | Buku Audio | Menulis | Menonton Serial | Berita Terkini | Makan Enak | Reddit | Belajar Bahasa | Streaming | YouTube | Membersihkan Rumah | Penelitian | Keluarga | Tidur Siang Singkat | Dokumenter,23,1,1,1,0
2018-05-28,Senin,14,Positif,3,keren,YouTube | Surel | Pekerjaan,3,0,0,0,1
2020-06-28,Minggu,21,Netral,2,bingung,Menulis Jurnal | Berdoa | Membaca Quran | Jalan Kaki | Meditasi | Mandi | Dota 2 | Buku Audio | Menulis | Menonton Serial | Berita Terkini | Makan Enak | Reddit | Belajar Bahasa | Streaming | YouTube | Mendengarkan Lagu | Cinta,18,1,1,1,0
2018-02-15,Kamis,16,Netral,2,biasa saja,YouTube | Tidur Siang Singkat,2,0,0,0,0
2020-04-23,Kamis,21,Positif,3,bersemangat,Berdoa | Berpuasa | Jalan Kaki | Meditasi | Mandi | Dota 2 | Menulis | Menonton Serial | Berita Terkini | Makan Enak | Reddit | Streaming | YouTube | Mendengarkan Lagu | Desain | Sahabat Pena,16,0,1,1,1
2018-06-29,Jumat,16,Positif,3,diberkati,Membaca | Menulis Jurnal | Berdoa | Meditasi | Mandi | Buku Audio | Menonton Serial | Streaming | YouTube | Menonton Film | Hal Baru | Surel | Catatan Berat Badan,13,0,1,0,1
2020-01-20,Senin,22,Positif,3,bersemangat,Berpuasa | Jalan Kaki | Meditasi | Podcast | Buku Audio | Menonton Serial | Berita Terkini | Makan Enak | Reddit | Streaming | YouTube,11,0,1,1,1
2021-01-29,Jumat,21,Netral,2,bertanya-tanya,Membaca | Belajar | Berpuasa | Meditasi | Mandi | Menulis | Menonton Serial | Reddit | Belajar Bahasa | Streaming | YouTube | Menonton Film | Memasak | Membersihkan Rumah | Penelitian | Hal Baru | Tidur Siang Singkat | Dokumenter | Sahabat Pena | Pesta | Coding | Tutorial,22,0,1,0,0
2020-05-03,Minggu,21,Netral,2,bingung,Berdoa | Berpuasa | Membaca Quran | Jalan Kaki | Meditasi | Buku Audio | Menonton Serial | Berita Terkini | Makan Enak | Reddit | Streaming | YouTube | Tidur Siang Singkat | Mendengarkan Lagu,14,1,1,1,0
2018-02-14,Rabu,10,Negatif,1,tersulut emosi,Berdoa | YouTube | Catatan Berat Badan,3,0,0,0,0
2018-05-02,Rabu,14,Negatif,1,tersulut emosi,Streaming | YouTube | Surel,3,0,0,0,0
2018-09-09,Minggu,23,Positif,3,sangat bahagia,Jalan Kaki | Mandi | Dota 2 | Podcast | Menonton Serial | Berita Terkini | Makan Enak | YouTube | Traveling | Hal Baru | Keluarga | Teman | Sahabat Pena,13,1,0,1,1
2021-01-25,Senin,2,Positif,3,bersemangat,Membaca | Belajar | Berpuasa | Jalan Kaki | Mandi | Buku Audio | Menulis | Menonton Serial | Berita Terkini | Makan Enak | Reddit | Belajar Bahasa | Bercukur | Streaming | YouTube | Memasak | Membersihkan Rumah | Penelitian | Hal Baru | Tidur Siang Singkat | Dokumenter | Sahabat Pena | Coding | Tutorial | Cinta,25,0,0,1,1
2018-02-06,Selasa,20,Negatif,1,sakit,Dota 2 | Streaming | Keluarga,3,0,0,0,0
2018-02-14,Rabu,19,Negatif,1,tersulut emosi,Jalan Kaki | YouTube | Mendengarkan Lagu,3,0,0,1,0
2021-02-24,Rabu,1,Positif,3,fokus,Membaca | Belajar | Berdoa | Berpuasa | Olahraga | Meditasi | Mandi | Buku Audio | Menulis | Menonton Serial | Makan Enak | Reddit | Belajar Bahasa | Streaming | YouTube | Memasak | Membersihkan Rumah | Penelitian | Hal Baru | Tidur Siang Singkat | Mendengarkan Lagu | Perbaikan | Dokumenter | Sahabat Pena | Coding | Tutorial | Cinta | Rekaman,28,0,1,1,1
2020-08-08,Sabtu,21,Positif,3,santai,Berpuasa | Membaca Quran | Meditasi | Mandi | Dota 2 | Podcast | Menulis | Menonton Serial | Berita Terkini | Makan Enak | Reddit | Belajar Bahasa | Streaming | YouTube | Dokumenter | Cinta,16,1,1,0,1
2020-05-03,Minggu,21,Netral,2,bingung,Berdoa | Berpuasa | Membaca Quran | Jalan Kaki | Meditasi | Buku Audio | Menonton Serial | Berita Terkini | Makan Enak | Reddit | Streaming | YouTube | Tidur Siang Singkat | Mendengarkan Lagu,14,1,1,1,0
2018-02-09,Jumat,11,Netral,2,biasa saja,Dota 2 | Streaming | YouTube,3,0,0,0,0
2018-02-14,Rabu,13,Negatif,1,marah,Dota 2 | YouTube | Bermain Game,3,0,0,0,0
2020-05-02,Sabtu,21,Positif,3,bersemangat,Membaca | Belajar | Berdoa | Berpuasa | Membaca Quran | Jalan Kaki | Meditasi | Mandi | Menonton Serial | Berita Terkini | Makan Enak | Reddit | Streaming | YouTube | Tidur Siang Singkat | Mendengarkan Lagu,16,1,1,1,1
2020-04-14,Selasa,21,Positif,3,bersemangat,Seni | Berdoa | Jalan Kaki | Meditasi | Buku Audio | Menonton Serial | Berita Terkini | Makan Enak | Reddit | Streaming | YouTube | Hal Baru | Tidur Siang Singkat | Mendengarkan Lagu | Sahabat Pena,15,0,1,1,1
2020-08-13,Kamis,22,Negatif,1,khawatir,Menulis Jurnal | Berdoa | Berpuasa | Jalan Kaki | Meditasi | Mandi | Podcast | Buku Audio | Menulis | Menonton Serial | Berita Terkini | Makan Enak | Reddit | Belajar Bahasa | Streaming | YouTube | Cinta,17,0,1,1,0
2020-12-17,Kamis,15,Negatif,1,tersulut emosi,Membaca | Belajar | Seni | Berpuasa | Mandi | Podcast | Buku Audio | Menulis | Menonton Serial | Makan Enak | Reddit | Belajar Bahasa | Streaming | YouTube | Memasak | Traveling | Penelitian | Hal Baru | Tidur Siang Singkat | Desain | Dokumenter | Sahabat Pena | Coding | Tutorial,24,0,0,0,0
2018-02-21,Rabu,14,Netral,2,bertanya-tanya,YouTube | Tidur Siang Singkat,2,0,0,0,0
2020-12-12,Sabtu,21,Negatif,1,khawatir,Belajar | Seni | Jalan Kaki | Mandi | Dota 2 | Buku Audio | Menulis | Menonton Serial | Berita Terkini | Makan Enak | Reddit | Belajar Bahasa | Streaming | YouTube | Memasak | Penelitian | Hal Baru | Tidur Siang Singkat | Mendengarkan Lagu | Sahabat Pena | Coding | Tutorial,22,1,0,1,0
2019-01-04,Jumat,10,Negatif,1,sakit,Dota 2 | Podcast | Berita Terkini | Makan Enak | YouTube | Bermain Game | Keluarga,7,0,0,0,0
2020-09-01,Selasa,21,Negatif,1,tersulut emosi,Jalan Kaki | Podcast | Buku Audio | Makan Enak | Belajar Bahasa | Streaming | Memasak,7,0,0,1,0
2020-04-19,Minggu,21,Netral,2,bingung,Berdoa | Jalan Kaki | Meditasi | Mandi | Dota 2 | Menonton Serial | Berita Terkini | Makan Enak | Reddit | Streaming | YouTube | Tidur Siang Singkat | Mendengarkan Lagu | Sahabat Pena,14,1,1,1,0
2020-12-12,Sabtu,21,Negatif,1,khawatir,Belajar | Seni | Jalan Kaki | Mandi | Dota 2 | Buku Audio | Menulis | Menonton Serial | Berita Terkini | Makan Enak | Reddit | Belajar Bahasa | Streaming | YouTube | Memasak | Penelitian | Hal Baru | Tidur Siang Singkat | Mendengarkan Lagu | Sahabat Pena | Coding | Tutorial,22,1,0,1,0
2020-08-04,Selasa,19,Negatif,1,buruk,Berdoa | Berpuasa | Olahraga | Membaca Quran | Jalan Kaki | Meditasi | Mandi | Dota 2 | Podcast | Buku Audio | Menulis | Menonton Serial | Berita Terkini | Makan Enak | Reddit | Belajar Bahasa | Streaming | YouTube | Penelitian | Tidur Siang Singkat | Mendengarkan Lagu | Desain | Dokumenter,23,0,1,1,0
2018-05-05,Sabtu,14,Netral,2,bingung,Dota 2 | Menonton Serial | Streaming | YouTube,4,1,0,0,0
2019-09-20,Jumat,14,Netral,2,bingung,Berdoa | Berpuasa | Mandi | Buku Audio | Berita Terkini | Reddit | Catatan Berat Badan,7,0,0,0,0
2018-03-26,Senin,8,Negatif,1,khawatir,Streaming,1,0,0,0,0
2019-01-08,Selasa,14,Positif,3,diberkati,Jalan Kaki | Dota 2 | Podcast | Berita Terkini | Makan Enak | Reddit | Streaming | YouTube | Menonton Film | Bermain Game | Sahabat Pena,11,0,0,1,1
2018-02-04,Minggu,11,Netral,2,biasa saja,Meditasi | YouTube | Penelitian,3,1,1,0,0
2020-08-15,Sabtu,21,Negatif,1,buruk,Seni | Jalan Kaki | Podcast | Buku Audio | Menonton Serial | Reddit | Belajar Bahasa | Streaming | YouTube,9,1,0,1,0
2018-11-25,Minggu,18,Netral,2,bingung,Meditasi | Dota 2 | Podcast | Buku Audio | Menonton Serial | Berita Terkini | Makan Enak | YouTube | Bermain Game | Surel | Sahabat Pena | Catatan Berat Badan,12,1,1,0,0
2019-12-30,Senin,21,Positif,3,sangat bahagia,Berpuasa | Jalan Kaki | Meditasi | Podcast | Buku Audio | Menonton Serial | Berita Terkini | Makan Enak | Reddit | Streaming | YouTube | Diet Keto,12,0,1,1,1
2018-05-03,Kamis,14,Netral,2,bingung,Menonton Serial | Makan Enak | YouTube | Surel,4,0,0,0,0
2020-10-10,Sabtu,22,Negatif,1,khawatir,Belajar | Berpuasa | Jalan Kaki | Mandi | Buku Audio | Menonton Serial | Berita Terkini | Makan Enak | Reddit | Belajar Bahasa | Streaming | YouTube | Memasak | Traveling | Penelitian | Tidur Siang Singkat | Surel | Dokumenter | Sahabat Pena | Coding | Tutorial,21,1,0,1,0
2020-01-04,Sabtu,21,Positif,3,sangat bahagia,Membaca | Berpuasa | Jalan Kaki | Meditasi | Dota 2 | Podcast | Buku Audio | Menonton Serial | Berita Terkini | Reddit | Streaming | YouTube | Diet Keto,13,1,1,1,1
2020-06-11,Kamis,22,Netral,2,lemah,Jalan Kaki | Meditasi | Mandi | Buku Audio | Menulis | Berita Terkini | Makan Enak | Reddit | Belajar Bahasa | Streaming | YouTube | Tidur Siang Singkat | Mendengarkan Lagu,13,0,1,1,0
2019-11-23,Sabtu,21,Positif,3,santai totalitas,Berpuasa | Jalan Kaki | Meditasi | Buku Audio | Menonton Serial | Makan Enak | Reddit | Streaming | YouTube | Diet Keto | Catatan Berat Badan,11,1,1,1,1
2018-11-09,Jumat,13,Netral,2,bertanya-tanya,Membaca | Meditasi | Mandi | Berita Terkini | Penelitian,5,0,1,0,0
2020-07-13,Senin,23,Netral,2,bingung,Seni | Berdoa | Membaca Quran | Jalan Kaki | Mandi | Dota 2 | Buku Audio | Menulis | Menonton Serial | Berita Terkini | Makan Enak | Reddit | Belajar Bahasa | Streaming | YouTube | Cinta,16,0,0,1,0
2018-06-26,Selasa,14,Positif,3,bersemangat,Membaca | Menulis Jurnal | Berdoa | Mandi | Buku Audio | Menonton Serial | Hal Baru | Surel | Catatan Berat Badan,9,0,0,0,1
2020-06-23,Selasa,21,Netral,2,bertanya-tanya,Membaca | Belajar | Seni | Menulis Jurnal | Berdoa | Membaca Quran | Jalan Kaki | Meditasi | Mandi | Podcast | Buku Audio | Menulis | Menonton Serial | Berita Terkini | Makan Enak | Reddit | Streaming | YouTube | Penelitian | Surel | Mendengarkan Lagu | Dokumenter | Sahabat Pena | Tutorial | Cinta | Rekaman,26,0,1,1,0
2019-05-04,Sabtu,10,Negatif,1,tersulut emosi,Dota 2 | Podcast | Buku Audio | Berita Terkini | Makan Enak | Reddit | Streaming | YouTube | Surel | Mendengarkan Lagu | Desain | Catatan Berat Badan,12,1,0,0,0
2018-11-19,Senin,13,Positif,3,diberkati,Berpuasa | Meditasi | Mandi | Buku Audio | Menonton Serial | Berita Terkini | YouTube | Bermain Game | Desain | Sahabat Pena | Pekerjaan | Catatan Berat Badan,12,0,1,0,1
2019-05-05,Minggu,12,Netral,2,bertanya-tanya,Berita Terkini | Bermain Game | Mendengarkan Lagu,3,1,0,0,0
2020-08-19,Rabu,13,Negatif,1,khawatir,Berpuasa | Berita Terkini | Makan Enak | Reddit | Belajar Bahasa | Streaming | YouTube | Keluarga | Dokumenter | Cinta,10,0,0,0,0
2018-07-06,Jumat,14,Negatif,1,tersulut emosi,Berdoa | Berpuasa | Meditasi | Mandi | Streaming | YouTube,6,0,1,0,0
2020-11-07,Sabtu,21,Positif,3,bersemangat,Belajar | Berpuasa | Jalan Kaki | Buku Audio | Menulis | Menonton Serial | Berita Terkini | Makan Enak | Reddit | Belajar Bahasa | Streaming | YouTube | Memasak | Membersihkan Rumah | Penelitian | Hal Baru | Tidur Siang Singkat | Mendengarkan Lagu | Desain | Perbaikan | Dokumenter | Sahabat Pena | Coding | Tutorial | Cinta,25,1,0,1,1
2020-07-25,Sabtu,14,Netral,2,lemah,Belajar | Seni | Berdoa | Berpuasa | Membaca Quran | Jalan Kaki | Meditasi | Mandi | Dota 2 | Podcast | Buku Audio | Menulis | Berita Terkini | Makan Enak | Reddit | Belajar Bahasa | Streaming | YouTube | Membersihkan Rumah | Penelitian | Tidur Siang Singkat | Mendengarkan Lagu | Desain | Tutorial,24,1,1,1,0
2020-12-17,Kamis,15,Negatif,1,tersulut emosi,Membaca | Belajar | Seni | Berpuasa | Mandi | Podcast | Buku Audio | Menulis | Menonton Serial | Makan Enak | Reddit | Belajar Bahasa | Streaming | YouTube | Memasak | Traveling | Penelitian | Hal Baru | Tidur Siang Singkat | Desain | Dokumenter | Sahabat Pena | Coding | Tutorial,24,0,0,0,0
2018-03-17,Sabtu,14,Netral,2,bingung,Streaming | YouTube,2,1,0,0,0
2018-02-09,Jumat,18,Netral,2,biasa saja,Berdoa | Streaming | YouTube | Traveling | Penelitian | Hal Baru,6,0,0,0,0
2021-04-13,Selasa,2,Netral,2,bertanya-tanya,Membaca | Belajar | Seni | Berdoa | Berpuasa | Jalan Kaki | Meditasi | Buku Audio | Menulis | Menonton Serial | Berita Terkini | Makan Enak | Reddit | Belajar Bahasa | Bercukur | Streaming | YouTube | Memasak | Penelitian | Hal Baru | Tidur Siang Singkat | Dokumenter | Sahabat Pena | Coding | Tutorial,25,0,1,1,0
2020-10-02,Jumat,21,Netral,2,lemah,Belajar | Seni | Berdoa | Berpuasa | Membaca Quran | Jalan Kaki | Mandi | Buku Audio | Menulis | Menonton Serial | Berita Terkini | Makan Enak | Reddit | Belajar Bahasa | Streaming | YouTube | Memasak | Membersihkan Rumah | Penelitian | Hal Baru | Tidur Siang Singkat | Perbaikan | Sahabat Pena | Coding | Tutorial,25,0,0,1,0
2020-06-01,Senin,21,Positif,3,santai totalitas,Belajar | Menulis Jurnal | Berdoa | Membaca Quran | Jalan Kaki | Meditasi | Mandi | Menulis | Menonton Serial | Berita Terkini | Makan Enak | Reddit | Belajar Bahasa | Streaming | YouTube | Tidur Siang Singkat | Mendengarkan Lagu,17,0,1,1,1
2020-08-27,Kamis,21,Netral,2,biasa saja,Seni | Berdoa | Olahraga | Membaca Quran | Jalan Kaki | Meditasi | Mandi | Buku Audio | Menulis | Menonton Serial | Berita Terkini | Makan Enak | Reddit | Belajar Bahasa | Bercukur | Poetry | Streaming | YouTube | Memasak | Membersihkan Rumah | Hal Baru | Tidur Siang Singkat | Mendengarkan Lagu | Dokumenter | Sahabat Pena | Coding | Rekaman,27,0,1,1,0
2019-12-14,Sabtu,21,Positif,3,bersemangat,Berpuasa | Olahraga | Jalan Kaki | Meditasi | Buku Audio | Menonton Serial | Berita Terkini | Reddit | Streaming | YouTube | Diet Keto | Catatan Berat Badan,12,1,1,1,1
2021-03-05,Jumat,21,Netral,2,bertanya-tanya,Berdoa | Jalan Kaki | Meditasi | Mandi | Buku Audio | Makan Enak | Reddit | Streaming | YouTube | Memasak | Tidur Siang Singkat | Surel | Dokumenter | Coding,14,0,1,1,0
2018-02-21,Rabu,14,Netral,2,bertanya-tanya,YouTube | Tidur Siang Singkat,2,0,0,0,0
2020-01-09,Kamis,21,Positif,3,diberkati,Berpuasa | Jalan Kaki | Meditasi | Podcast | Buku Audio | Menonton Serial | Berita Terkini | Makan Enak | Reddit | Streaming | YouTube | Tidur Siang Singkat | Diet Keto,13,0,1,1,1
2021-03-06,Sabtu,13,Positif,3,fokus,Membaca | Belajar | Seni | Berdoa | Berpuasa | Jalan Kaki | Meditasi | Mandi | Buku Audio | Menulis | Menonton Serial | Makan Enak | Reddit | Belajar Bahasa | Streaming | YouTube | Memasak | Membersihkan Rumah | Penelitian | Hal Baru | Tidur Siang Singkat | Dokumenter | Coding | Tutorial | Cinta,25,1,1,1,1
2019-09-17,Selasa,13,Netral,2,bingung,Seni | Berpuasa | Meditasi | Berita Terkini | Reddit | Desain,6,0,1,0,0
2020-08-18,Selasa,20,Negatif,1,sangat sedih,Berdoa | Berpuasa | Membaca Quran | Jalan Kaki | Meditasi | Mandi | Buku Audio | Menonton Serial | Berita Terkini | Makan Enak | Reddit | Belajar Bahasa | Streaming | YouTube | Traveling | Teman | Pekerjaan | Cinta,18,0,1,1,0
2020-08-17,Senin,19,Netral,2,bingung,Berdoa | Berpuasa | Membaca Quran | Jalan Kaki | Meditasi | Mandi | Buku Audio | Menonton Serial | Berita Terkini | Makan Enak | Reddit | Belajar Bahasa | Streaming | YouTube | Tidur Siang Singkat | Dokumenter | Cinta,17,0,1,1,0
2020-08-06,Kamis,21,Negatif,1,buruk,Seni | Berdoa | Berpuasa | Membaca Quran | Jalan Kaki | Meditasi | Mandi | Dota 2 | Podcast | Buku Audio | Menulis | Berita Terkini | Makan Enak | Reddit | Belajar Bahasa | Bercukur | Streaming | YouTube | Penelitian | Keluarga | Tidur Siang Singkat | Mendengarkan Lagu | Desain | Cinta,24,0,1,1,0
2018-05-01,Selasa,14,Negatif,1,khawatir,Membaca | Menulis Jurnal | YouTube | Penelitian,4,0,0,0,0
2020-06-19,Jumat,21,Positif,3,hari paling bahagia,Membaca | Seni | Berdoa | Berpuasa | Membaca Quran | Jalan Kaki | Meditasi | Mandi | Dota 2 | Podcast | Buku Audio | Menulis | Menonton Serial | Berita Terkini | Makan Enak | Reddit | Streaming | YouTube | Tidur Siang Singkat | Mendengarkan Lagu | Dokumenter | Sahabat Pena | Cinta,23,0,1,1,1
2018-12-02,Minggu,12,Positif,3,lapar,Jalan Kaki | Meditasi | Buku Audio | YouTube | Tidur Siang Singkat,5,1,1,1,1
2018-11-27,Selasa,12,Positif,3,santai totalitas,Membaca | Meditasi | Buku Audio | Makan Enak | YouTube | Bermain Game | Hal Baru | Surel | Desain,9,0,1,0,1
2018-05-01,Selasa,14,Negatif,1,khawatir,Membaca | Menulis Jurnal | YouTube | Penelitian,4,0,0,0,0
2020-06-30,Selasa,21,Positif,3,santai totalitas,Seni | Berdoa | Berpuasa | Jalan Kaki | Mandi | Buku Audio | Menulis | Menonton Serial | Berita Terkini | Makan Enak | Reddit | Streaming | YouTube | Tidur Siang Singkat | Cinta,15,0,0,1,1
2018-04-26,Kamis,14,Positif,3,santai totalitas,Dota 2 | Makan Enak | Streaming | YouTube | Surel,5,0,0,0,1
2020-10-08,Kamis,20,Netral,2,lemah,Seni | Berpuasa | Jalan Kaki | Mandi | Buku Audio | Menulis | Menonton Serial | Berita Terkini | Makan Enak | Reddit | Belajar Bahasa | Streaming | YouTube | Membersihkan Rumah | Penelitian | Hal Baru | Tidur Siang Singkat | Dokumenter | Sahabat Pena | Coding | Tutorial,21,0,0,1,0
2018-11-20,Selasa,12,Positif,3,santai totalitas,Meditasi | Podcast | Buku Audio | Berita Terkini | YouTube | Bermain Game | Membersihkan Rumah | Surel | Sahabat Pena | Catatan Berat Badan,10,0,1,0,1
2020-01-25,Sabtu,21,Positif,3,santai totalitas,Berdoa | Berpuasa | Jalan Kaki | Meditasi | Mandi | Buku Audio | Menonton Serial | Berita Terkini | Reddit | Streaming | YouTube | Diet Keto,12,1,1,1,1
2020-06-10,Rabu,11,Positif,3,diberkati,Seni | Membaca Quran | Jalan Kaki | Meditasi | Mandi | Menulis | Menonton Serial | Makan Enak | Reddit | Belajar Bahasa | Streaming | YouTube | Tidur Siang Singkat | Mendengarkan Lagu | Sahabat Pena,15,0,1,1,1
2020-02-03,Senin,19,Negatif,1,marah,Berpuasa | Jalan Kaki | Meditasi | Mandi | Dota 2 | Buku Audio | Menonton Serial | Berita Terkini | Makan Enak | Reddit | Streaming | YouTube | Menonton Film | Mendengarkan Lagu | Sahabat Pena | Diet Keto,16,0,1,1,0
2020-09-25,Jumat,12,Negatif,1,khawatir,Belajar | Seni | Berdoa | Berpuasa | Olahraga | Membaca Quran | Jalan Kaki | Mandi | Buku Audio | Menonton Serial | Berita Terkini | Makan Enak | Reddit | Belajar Bahasa | Bercukur | Streaming | YouTube | Memasak | Penelitian | Hal Baru | Tidur Siang Singkat | Surel | Mendengarkan Lagu | Desain | Sahabat Pena | Coding | Tutorial | Rekaman,28,0,0,1,0
2018-12-23,Minggu,19,Negatif,1,sangat sedih,Dota 2 | Streaming | YouTube,3,1,0,0,0
2019-05-01,Rabu,20,Netral,2,bingung,Jalan Kaki | Podcast | Buku Audio | Berita Terkini | Makan Enak | Reddit | Streaming | YouTube | Surel | Desain | Catatan Berat Badan,11,0,0,1,0
2018-03-19,Senin,15,Positif,3,bersemangat,Berdoa | Menonton Serial | Streaming | YouTube | Hal Baru | Surel,6,0,0,0,1
2018-06-26,Selasa,19,Positif,3,diberkati,Buku Audio | Menonton Serial | Makan Enak | Streaming | YouTube | Surel | Pesta,7,0,0,0,1
2019-01-04,Jumat,10,Negatif,1,sakit,Dota 2 | Podcast | Berita Terkini | Makan Enak | YouTube | Bermain Game | Keluarga,7,0,0,0,0
2020-07-01,Rabu,20,Positif,3,diberkati,Membaca | Belajar | Berdoa | Berpuasa | Membaca Quran | Jalan Kaki | Meditasi | Mandi | Dota 2 | Buku Audio | Menulis | Berita Terkini | Makan Enak | Reddit | Belajar Bahasa | Streaming | YouTube | Keluarga | Tidur Siang Singkat | Surel | Mendengarkan Lagu | Cinta,22,0,1,1,1
2018-02-06,Selasa,9,Negatif,1,buruk,Berpuasa | Jalan Kaki | Meditasi | Traveling | Rumah Sakit,5,0,1,1,0
2018-04-22,Minggu,14,Netral,2,biasa saja,Makan Enak | Streaming | YouTube | Penelitian | Surel | Pekerjaan,6,1,0,0,0
2020-10-29,Kamis,21,Positif,3,lapar,Membaca | Belajar | Berpuasa | Jalan Kaki | Meditasi | Mandi | Podcast | Buku Audio | Menulis | Menonton Serial | Berita Terkini | Makan Enak | Reddit | Belajar Bahasa | Streaming | YouTube | Memasak | Membersihkan Rumah | Penelitian | Hal Baru | Tidur Siang Singkat | Dokumenter | Coding | Tutorial,24,0,1,1,1
2018-02-12,Senin,19,Negatif,1,tersulut emosi,Dota 2 | Streaming | YouTube | Hal Baru | Keluarga | Surel | Mendengarkan Lagu,7,0,0,0,0
2018-05-01,Selasa,19,Netral,2,bingung,Menonton Serial | Makan Enak | Streaming | YouTube | Penelitian,5,0,0,0,0
2020-08-07,Jumat,7,Negatif,1,marah,Membaca | Belajar | Seni | Berdoa | Berpuasa | Membaca Quran | Jalan Kaki | Meditasi | Mandi | Dota 2 | Podcast | Buku Audio | Menulis | Menonton Serial | Berita Terkini | Makan Enak | Reddit | Belajar Bahasa | Streaming | YouTube | Menonton Film | Bermain Game | Hal Baru | Keluarga | Tidur Siang Singkat | Mendengarkan Lagu | Desain | Dokumenter | Cinta | Rekaman,30,0,1,1,0
2018-09-11,Selasa,11,Netral,2,bertanya-tanya,Dota 2 | Podcast | Buku Audio | Berita Terkini | YouTube | Sahabat Pena,6,0,0,0,0
2021-01-05,Selasa,17,Netral,2,lemah,Membaca | Belajar | Seni | Berpuasa | Jalan Kaki | Mandi | Buku Audio | Menulis | Makan Enak | Reddit | Belajar Bahasa | Streaming | YouTube | Menonton Film | Memasak | Membersihkan Rumah | Penelitian | Hal Baru | Tidur Siang Singkat | Mendengarkan Lagu | Dokumenter | Sahabat Pena | Coding | Tutorial,24,0,0,1,0
2018-02-13,Selasa,14,Negatif,1,marah,Makan Enak | YouTube | Surel,3,0,0,0,0
2020-08-13,Kamis,22,Negatif,1,khawatir,Menulis Jurnal | Berdoa | Berpuasa | Jalan Kaki | Meditasi | Mandi | Podcast | Buku Audio | Menulis | Menonton Serial | Berita Terkini | Makan Enak | Reddit | Belajar Bahasa | Streaming | YouTube | Cinta,17,0,1,1,0
2020-02-03,Senin,19,Negatif,1,marah,Berpuasa | Jalan Kaki | Meditasi | Mandi | Dota 2 | Buku Audio | Menonton Serial | Berita Terkini | Makan Enak | Reddit | Streaming | YouTube | Menonton Film | Mendengarkan Lagu | Sahabat Pena | Diet Keto,16,0,1,1,0
2021-02-12,Jumat,21,Negatif,1,khawatir,Membaca | Belajar | Berdoa | Berpuasa | Jalan Kaki | Meditasi | Mandi | Buku Audio | Menonton Serial | Reddit | Belajar Bahasa | Streaming | YouTube | Memasak | Membersihkan Rumah | Penelitian | Tidur Siang Singkat | Surel | Dokumenter | Sahabat Pena | Coding | Tutorial,22,0,1,1,0
2018-02-20,Selasa,19,Netral,2,lemah,Jalan Kaki | Dota 2 | Buku Audio | Menonton Serial | Streaming | YouTube,6,0,0,1,0
2018-04-20,Jumat,19,Negatif,1,tersulut emosi,Dota 2,1,0,0,0,0
2021-01-31,Minggu,21,Netral,2,lemah,Membaca | Belajar | Berpuasa | Buku Audio | Menulis | Menonton Serial | Belajar Bahasa | Yoga | Bercukur | Poetry | Streaming | YouTube | Menonton Film | Memasak | Membersihkan Rumah | Penelitian | Hal Baru | Tidur Siang Singkat | Dokumenter | Sahabat Pena | Coding | Tutorial,22,1,0,1,0
2020-05-10,Minggu,11,Positif,3,sangat bahagia,Membaca | Belajar | Seni | Menulis Jurnal | Berdoa | Berpuasa | Membaca Quran | Jalan Kaki | Meditasi | Mandi | Buku Audio | Berita Terkini | Makan Enak | Reddit | Streaming | YouTube | Hal Baru | Surel | Mendengarkan Lagu | Tutorial | Catatan Berat Badan,21,1,1,1,1
2020-04-04,Sabtu,21,Positif,3,bersemangat,Seni | Berdoa | Jalan Kaki | Meditasi | Mandi | Menulis | Menonton Serial | Berita Terkini | Makan Enak | Reddit | Streaming | YouTube | Membersihkan Rumah | Tidur Siang Singkat | Mendengarkan Lagu,15,1,1,1,1
2020-06-13,Sabtu,6,Positif,3,sangat bahagia,Jalan Kaki | Mandi | Buku Audio | Menulis | Menonton Serial | Berita Terkini | Makan Enak | Reddit | Belajar Bahasa | Streaming | YouTube | Hal Baru | Tidur Siang Singkat | Mendengarkan Lagu | Sahabat Pena,15,1,0,1,1
2018-04-09,Senin,19,Negatif,1,khawatir,Dota 2 | Podcast | Buku Audio | Streaming | YouTube | Mendengarkan Lagu,6,0,0,0,0
2020-07-25,Sabtu,14,Netral,2,lemah,Belajar | Seni | Berdoa | Berpuasa | Membaca Quran | Jalan Kaki | Meditasi | Mandi | Dota 2 | Podcast | Buku Audio | Menulis | Berita Terkini | Makan Enak | Reddit | Belajar Bahasa | Streaming | YouTube | Membersihkan Rumah | Penelitian | Tidur Siang Singkat | Mendengarkan Lagu | Desain | Tutorial,24,1,1,1,0
2020-09-25,Jumat,12,Negatif,1,khawatir,Belajar | Seni | Berdoa | Berpuasa | Olahraga | Membaca Quran | Jalan Kaki | Mandi | Buku Audio | Menonton Serial | Berita Terkini | Makan Enak | Reddit | Belajar Bahasa | Bercukur | Streaming | YouTube | Memasak | Penelitian | Hal Baru | Tidur Siang Singkat | Surel | Mendengarkan Lagu | Desain | Sahabat Pena | Coding | Tutorial | Rekaman,28,0,0,1,0
2020-09-25,Jumat,12,Negatif,1,khawatir,Belajar | Seni | Berdoa | Berpuasa | Olahraga | Membaca Quran | Jalan Kaki | Mandi | Buku Audio | Menonton Serial | Berita Terkini | Makan Enak | Reddit | Belajar Bahasa | Bercukur | Streaming | YouTube | Memasak | Penelitian | Hal Baru | Tidur Siang Singkat | Surel | Mendengarkan Lagu | Desain | Sahabat Pena | Coding | Tutorial | Rekaman,28,0,0,1,0
2020-11-07,Sabtu,21,Positif,3,bersemangat,Belajar | Berpuasa | Jalan Kaki | Buku Audio | Menulis | Menonton Serial | Berita Terkini | Makan Enak | Reddit | Belajar Bahasa | Streaming | YouTube | Memasak | Membersihkan Rumah | Penelitian | Hal Baru | Tidur Siang Singkat | Mendengarkan Lagu | Desain | Perbaikan | Dokumenter | Sahabat Pena | Coding | Tutorial | Cinta,25,1,0,1,1
2018-02-14,Rabu,19,Negatif,1,tersulut emosi,Jalan Kaki | YouTube | Mendengarkan Lagu,3,0,0,1,0
2020-10-23,Jumat,22,Netral,2,lemah,Membaca | Belajar | Seni | Berdoa | Berpuasa | Jalan Kaki | Meditasi | Mandi | Buku Audio | Menulis | Menonton Serial | Berita Terkini | Makan Enak | Reddit | Belajar Bahasa | Poetry | Streaming | YouTube | Memasak | Meditasi Holotropik | Membersihkan Rumah | Penelitian | Tidur Siang Singkat | Mendengarkan Lagu | Dokumenter | Sahabat Pena | Coding | Tutorial,28,0,1,1,0
2018-09-18,Selasa,10,Negatif,1,khawatir,Berdoa,1,0,0,0,0
2018-03-17,Sabtu,14,Netral,2,bingung,Streaming | YouTube,2,1,0,0,0
2019-05-04,Sabtu,10,Negatif,1,tersulut emosi,Dota 2 | Podcast | Buku Audio | Berita Terkini | Makan Enak | Reddit | Streaming | YouTube | Surel | Mendengarkan Lagu | Desain | Catatan Berat Badan,12,1,0,0,0
2020-02-10,Senin,21,Positif,3,sangat bahagia,Jalan Kaki | Meditasi | Dota 2 | Menonton Serial | Berita Terkini | Makan Enak | Reddit | Streaming | YouTube | Tidur Siang Singkat | Mendengarkan Lagu | Sahabat Pena | Diet Keto,13,0,1,1,1
2018-12-13,Kamis,18,Netral,2,bingung,Dota 2 | Berita Terkini | Makan Enak,3,0,0,0,0
2020-03-29,Minggu,21,Positif,3,sangat bahagia,Berdoa | Berpuasa | Jalan Kaki | Meditasi | Mandi | Dota 2 | Buku Audio | Menonton Serial | Berita Terkini | Makan Enak | Reddit | Streaming | YouTube | Tidur Siang Singkat | Mendengarkan Lagu | Sahabat Pena,16,1,1,1,1
2019-12-23,Senin,21,Positif,3,bersemangat,Berpuasa | Jalan Kaki | Meditasi | Buku Audio | Menonton Serial | Berita Terkini | Makan Enak | Reddit | Streaming | YouTube | Tidur Siang Singkat | Diet Keto,12,0,1,1,1
2020-08-17,Senin,19,Netral,2,bingung,Berdoa | Berpuasa | Membaca Quran | Jalan Kaki | Meditasi | Mandi | Buku Audio | Menonton Serial | Berita Terkini | Makan Enak | Reddit | Belajar Bahasa | Streaming | YouTube | Tidur Siang Singkat | Dokumenter | Cinta,17,0,1,1,0
2021-03-03,Rabu,22,Positif,3,fokus,Membaca | Seni | Berdoa | Berpuasa | Meditasi | Mandi | Buku Audio | Menulis | Menonton Serial | Makan Enak | Reddit | Belajar Bahasa | Streaming | YouTube | Memasak | Penelitian | Hal Baru | Tidur Siang Singkat | Dokumenter | Coding | Tutorial | Cinta,22,0,1,0,1
2018-05-02,Rabu,20,Negatif,1,sangat sedih,Dota 2 | Streaming | YouTube,3,0,0,0,0
2021-01-22,Jumat,13,Negatif,1,marah,Membaca | Belajar | Berdoa | Berpuasa | Jalan Kaki | Buku Audio | Menulis | Menonton Serial | Makan Enak | Reddit | Belajar Bahasa | Streaming | YouTube | Memasak | Membersihkan Rumah | Penelitian | Hal Baru | Tidur Siang Singkat | Dokumenter | Sahabat Pena | Coding | Tutorial,22,0,0,1,0
2020-09-28,Senin,21,Netral,2,bingung,Belajar | Seni | Berdoa | Membaca Quran | Jalan Kaki | Meditasi | Mandi | Dota 2 | Buku Audio | Menonton Serial | Berita Terkini | Makan Enak | Reddit | Belajar Bahasa | Streaming | YouTube | Memasak | Meditasi Holotropik | Membersihkan Rumah | Penelitian | Hal Baru | Tidur Siang Singkat | Mendengarkan Lagu | Desain | Dokumenter | Sahabat Pena | Coding | Tutorial,28,0,1,1,0
2018-09-25,Selasa,10,Negatif,1,sakit,YouTube,1,0,0,0,0
2020-03-17,Selasa,21,Positif,3,bersemangat,Berdoa | Berpuasa | Jalan Kaki | Meditasi | Mandi | Dota 2 | Buku Audio | Menonton Serial | Berita Terkini | Makan Enak | Reddit | Streaming | YouTube | Tidur Siang Singkat | Mendengarkan Lagu | Sahabat Pena | Catatan Berat Badan,17,0,1,1,1
2019-04-27,Sabtu,13,Netral,2,bertanya-tanya,Berpuasa | Podcast | Berita Terkini | Reddit | Streaming | YouTube | Sahabat Pena | Catatan Berat Badan,8,1,0,0,0
2019-01-04,Jumat,10,Negatif,1,sakit,Dota 2 | Podcast | Berita Terkini | Makan Enak | YouTube | Bermain Game | Keluarga,7,0,0,0,0
2018-04-03,Selasa,14,Negatif,1,sakit,Makan Enak | Streaming | Traveling,3,0,0,0,0
2020-10-10,Sabtu,22,Negatif,1,khawatir,Belajar | Berpuasa | Jalan Kaki | Mandi | Buku Audio | Menonton Serial | Berita Terkini | Makan Enak | Reddit | Belajar Bahasa | Streaming | YouTube | Memasak | Traveling | Penelitian | Tidur Siang Singkat | Surel | Dokumenter | Sahabat Pena | Coding | Tutorial,21,1,0,1,0
2021-01-05,Selasa,17,Netral,2,lemah,Membaca | Belajar | Seni | Berpuasa | Jalan Kaki | Mandi | Buku Audio | Menulis | Makan Enak | Reddit | Belajar Bahasa | Streaming | YouTube | Menonton Film | Memasak | Membersihkan Rumah | Penelitian | Hal Baru | Tidur Siang Singkat | Mendengarkan Lagu | Dokumenter | Sahabat Pena | Coding | Tutorial,24,0,0,1,0
2019-12-05,Kamis,21,Positif,3,sangat bahagia,Berpuasa | Jalan Kaki | Meditasi | Buku Audio | Menonton Serial | Berita Terkini | Reddit | Streaming | YouTube | Diet Keto,10,0,1,1,1
2018-04-28,Sabtu,14,Positif,3,santai totalitas,Menonton Serial | Makan Enak | Streaming | YouTube | Surel,5,1,0,0,1
2018-10-24,Rabu,10,Netral,2,bertanya-tanya,Meditasi | Berita Terkini | Hal Baru | Sahabat Pena | Catatan Berat Badan,5,0,1,0,0
2020-05-21,Kamis,20,Netral,2,biasa saja,Membaca | Belajar | Seni | Menulis Jurnal | Berdoa | Berpuasa | Membaca Quran | Meditasi | Mandi | Buku Audio | Menulis | Berita Terkini | Makan Enak | Reddit | Belajar Bahasa | Streaming | YouTube | Penelitian | Hal Baru | Tidur Siang Singkat | Mendengarkan Lagu | Sahabat Pena | Catatan Berat Badan,23,0,1,0,0
2018-03-08,Kamis,10,Positif,3,diberkati,Jalan Kaki | Menonton Serial | Tidur Siang Singkat,3,0,0,1,1
2020-03-11,Rabu,21,Positif,3,bersemangat,Berdoa | Berpuasa | Jalan Kaki | Meditasi | Mandi | Dota 2 | Buku Audio | Menonton Serial | Berita Terkini | Makan Enak | Reddit | Streaming | YouTube | Tidur Siang Singkat | Mendengarkan Lagu | Sahabat Pena,16,0,1,1,1
2018-03-20,Selasa,10,Negatif,1,khawatir,Dota 2 | Streaming | YouTube | Penelitian,4,0,0,0,0
2020-04-26,Minggu,21,Positif,3,sangat bahagia,Membaca | Belajar | Menulis Jurnal | Berdoa | Berpuasa | Membaca Quran | Jalan Kaki | Meditasi | Mandi | Buku Audio | Menulis | Menonton Serial | Berita Terkini | Makan Enak | Reddit | Streaming | YouTube | Membersihkan Rumah | Penelitian | Hal Baru | Tidur Siang Singkat | Mendengarkan Lagu,22,1,1,1,1
2020-09-21,Senin,21,Positif,3,fokus,Belajar | Berdoa | Berpuasa | Membaca Quran | Jalan Kaki | Meditasi | Mandi | Buku Audio | Menonton Serial | Makan Enak | Reddit | Belajar Bahasa | Streaming | YouTube | Memasak | Membersihkan Rumah | Penelitian | Hal Baru | Tidur Siang Singkat | Dokumenter | Sahabat Pena | Coding | Tutorial,23,0,1,1,1
2020-12-10,Kamis,21,Positif,3,fokus,Membaca | Seni | Berdoa | Berpuasa | Jalan Kaki | Mandi | Buku Audio | Menulis | Menonton Serial | Berita Terkini | Reddit | Belajar Bahasa | Streaming | YouTube | Menonton Film | Memasak | Penelitian | Hal Baru | Tidur Siang Singkat | Dokumenter | Sahabat Pena | Coding | Tutorial | Cinta,24,0,0,1,1
2018-12-13,Kamis,18,Netral,2,bingung,Dota 2 | Berita Terkini | Makan Enak,3,0,0,0,0
2020-08-05,Rabu,14,Negatif,1,sangat buruk,Membaca | Belajar | Seni | Berdoa | Berpuasa | Membaca Quran | Jalan Kaki | Meditasi | Mandi | Dota 2 | Podcast | Buku Audio | Menulis | Menonton Serial | Berita Terkini | Makan Enak | Reddit | Belajar Bahasa | Streaming | YouTube | Penelitian | Keluarga | Tidur Siang Singkat | Mendengarkan Lagu | Dokumenter | Cinta,26,0,1,1,0
2018-05-01,Selasa,19,Netral,2,bingung,Menonton Serial | Makan Enak | Streaming | YouTube | Penelitian,5,0,0,0,0
2018-09-13,Kamis,10,Negatif,1,sakit,Buku Audio | Berita Terkini | Tidur Siang Singkat,3,0,0,0,0
2019-12-31,Selasa,21,Positif,3,bersemangat,Membaca | Berpuasa | Jalan Kaki | Meditasi | Mandi | Podcast | Buku Audio | Menonton Serial | Berita Terkini | Makan Enak | Reddit | Streaming | YouTube | Penelitian | Diet Keto | Catatan Berat Badan,16,0,1,1,1
2020-03-09,Senin,21,Positif,3,bersemangat,Menulis Jurnal | Berdoa | Berpuasa | Jalan Kaki | Meditasi | Mandi | Menonton Serial | Berita Terkini | Makan Enak | Reddit | Streaming | YouTube | Tidur Siang Singkat | Mendengarkan Lagu | Sahabat Pena,15,0,1,1,1
2020-01-22,Rabu,21,Netral,2,bertanya-tanya,Jalan Kaki | Meditasi | Dota 2 | Buku Audio | Menonton Serial | Berita Terkini | Makan Enak | Reddit | Streaming | YouTube | Tidur Siang Singkat,11,0,1,1,0
2020-04-13,Senin,21,Positif,3,bersemangat,Berdoa | Berpuasa | Jalan Kaki | Meditasi | Mandi | Buku Audio | Menonton Serial | Berita Terkini | Makan Enak | Reddit | Streaming | YouTube | Hal Baru | Mendengarkan Lagu | Sahabat Pena,15,0,1,1,1
2018-03-07,Rabu,11,Negatif,1,khawatir,Dota 2,1,0,0,0,0
2018-09-17,Senin,19,Positif,3,diberkati,Berdoa | Jalan Kaki | Mandi | Dota 2 | Podcast | Buku Audio | Berita Terkini | Hal Baru | Surel | Mendengarkan Lagu,10,0,0,1,1
2019-01-04,Jumat,10,Negatif,1,sakit,Dota 2 | Podcast | Berita Terkini | Makan Enak | YouTube | Bermain Game | Keluarga,7,0,0,0,0
2018-02-24,Sabtu,9,Negatif,1,takut,Berdoa | Tidur Siang Singkat,2,1,0,0,0
2018-09-25,Selasa,14,Netral,2,bertanya-tanya,Mandi | Buku Audio | Berita Terkini | Makan Enak | YouTube,5,0,0,0,0
2021-03-11,Kamis,21,Positif,3,bersemangat,Membaca | Belajar | Seni | Berdoa | Berpuasa | Membaca Quran | Jalan Kaki | Meditasi | Mandi | Buku Audio | Menulis | Menonton Serial | Makan Enak | Reddit | Belajar Bahasa | Streaming | YouTube | Memasak | Penelitian | Hal Baru | Surel | Dokumenter | Sahabat Pena | Coding | Tutorial,25,0,1,1,1
2020-09-29,Selasa,21,Negatif,1,takut,Seni | Berpuasa | Jalan Kaki | Menonton Serial | Berita Terkini | Makan Enak | Reddit | Streaming | YouTube | Memasak | Penelitian | Hal Baru | Tidur Siang Singkat | Dokumenter | Sahabat Pena | Coding | Tutorial,17,0,0,1,0
2018-09-12,Rabu,19,Negatif,1,sakit,Dota 2 | YouTube,2,0,0,0,0
2018-02-13,Selasa,9,Netral,2,bingung,Jalan Kaki | Meditasi | Traveling | Surel,4,0,1,1,0
2021-02-12,Jumat,21,Negatif,1,khawatir,Membaca | Belajar | Berdoa | Berpuasa | Jalan Kaki | Meditasi | Mandi | Buku Audio | Menonton Serial | Reddit | Belajar Bahasa | Streaming | YouTube | Memasak | Membersihkan Rumah | Penelitian | Tidur Siang Singkat | Surel | Dokumenter | Sahabat Pena | Coding | Tutorial,22,0,1,1,0
2019-05-05,Minggu,12,Netral,2,bertanya-tanya,Berita Terkini | Bermain Game | Mendengarkan Lagu,3,1,0,0,0
2021-01-22,Jumat,13,Negatif,1,marah,Membaca | Belajar | Berdoa | Berpuasa | Jalan Kaki | Buku Audio | Menulis | Menonton Serial | Makan Enak | Reddit | Belajar Bahasa | Streaming | YouTube | Memasak | Membersihkan Rumah | Penelitian | Hal Baru | Tidur Siang Singkat | Dokumenter | Sahabat Pena | Coding | Tutorial,22,0,0,1,0
2018-10-22,Senin,11,Netral,2,bingung,Meditasi | Tidur Siang Singkat | Mendengarkan Lagu,3,0,1,0,0
2020-01-29,Rabu,21,Positif,3,bersemangat,Berpuasa | Jalan Kaki | Meditasi | Dota 2 | Podcast | Buku Audio | Menonton Serial | Berita Terkini | Makan Enak | Reddit | Streaming | YouTube | Diet Keto | Catatan Berat Badan,14,0,1,1,1
2020-07-25,Sabtu,14,Netral,2,lemah,Belajar | Seni | Berdoa | Berpuasa | Membaca Quran | Jalan Kaki | Meditasi | Mandi | Dota 2 | Podcast | Buku Audio | Menulis | Berita Terkini | Makan Enak | Reddit | Belajar Bahasa | Streaming | YouTube | Membersihkan Rumah | Penelitian | Tidur Siang Singkat | Mendengarkan Lagu | Desain | Tutorial,24,1,1,1,0
2020-03-28,Sabtu,21,Positif,3,bersemangat,Berdoa | Jalan Kaki | Meditasi | Buku Audio | Menonton Serial | Berita Terkini | Makan Enak | Reddit | Streaming | YouTube | Tidur Siang Singkat | Mendengarkan Lagu | Program Doktor,13,1,1,1,1
2020-10-05,Senin,21,Netral,2,biasa saja,Berpuasa | Jalan Kaki | Mandi | Buku Audio | Menonton Serial | Berita Terkini | Makan Enak | Reddit | Belajar Bahasa | Streaming | YouTube | Memasak | Membersihkan Rumah | Penelitian | Hal Baru | Tidur Siang Singkat | Surel | Mendengarkan Lagu | Desain | Dokumenter | Sahabat Pena | Coding | Tutorial,23,0,0,1,0
2020-08-30,Minggu,18,Netral,2,biasa saja,Berdoa | Berpuasa | Membaca Quran | Jalan Kaki | Meditasi | Buku Audio | Menulis | Menonton Serial | Berita Terkini | Makan Enak | Reddit | Belajar Bahasa | Streaming | YouTube | Keluarga | Tidur Siang Singkat | Sahabat Pena | Coding | Cinta | Rekaman,20,1,1,1,0
2020-05-08,Jumat,10,Positif,3,keren,Membaca | Belajar | Seni | Menulis Jurnal | Berdoa | Berpuasa | Membaca Quran | Jalan Kaki | Meditasi | Mandi | Buku Audio | Menulis | Berita Terkini | Makan Enak | Reddit | Belajar Bahasa | Streaming | YouTube | Menonton Film | Penelitian | Hal Baru | Surel | Mendengarkan Lagu | Desain | Tutorial | Catatan Berat Badan,26,0,1,1,1
2021-04-06,Selasa,21,Positif,3,fokus,Membaca | Belajar | Berdoa | Berpuasa | Jalan Kaki | Meditasi | Mandi | Buku Audio | Menulis | Menonton Serial | Makan Enak | Reddit | Belajar Bahasa | Poetry | Streaming | YouTube | Memasak | Membersihkan Rumah | Hal Baru | Desain | Sahabat Pena | Coding | Tutorial,23,0,1,1,1
2018-09-25,Selasa,14,Netral,2,bertanya-tanya,Mandi | Buku Audio | Berita Terkini | Makan Enak | YouTube,5,0,0,0,0
2020-08-31,Senin,22,Netral,2,biasa saja,Berpuasa | Jalan Kaki | Meditasi | Mandi | Buku Audio | Menulis | Menonton Serial | Berita Terkini | Makan Enak | Reddit | Belajar Bahasa | Streaming | YouTube | Traveling | Keluarga | Mendengarkan Lagu | Sahabat Pena | Coding | Tutorial | Rekaman,20,0,1,1,0
2018-09-12,Rabu,14,Negatif,1,tersulut emosi,Dota 2,1,0,0,0,0
2020-12-03,Kamis,22,Positif,3,fokus,Membaca | Belajar | Berdoa | Berpuasa | Jalan Kaki | Meditasi | Mandi | Buku Audio | Menulis | Menonton Serial | Berita Terkini | Makan Enak | Reddit | Belajar Bahasa | Streaming | YouTube | Memasak | Penelitian | Hal Baru | Tidur Siang Singkat | Mendengarkan Lagu | Dokumenter | Sahabat Pena | Coding | Tutorial | Cinta | Rekaman,27,0,1,1,1
2021-01-22,Jumat,13,Negatif,1,marah,Membaca | Belajar | Berdoa | Berpuasa | Jalan Kaki | Buku Audio | Menulis | Menonton Serial | Makan Enak | Reddit | Belajar Bahasa | Streaming | YouTube | Memasak | Membersihkan Rumah | Penelitian | Hal Baru | Tidur Siang Singkat | Dokumenter | Sahabat Pena | Coding | Tutorial,22,0,0,1,0
2018-03-27,Selasa,14,Netral,2,bertanya-tanya,Dota 2 | Streaming | YouTube | Penelitian | Surel,5,0,0,0,0
2020-12-02,Rabu,2,Netral,2,bertanya-tanya,Membaca | Belajar | Seni | Berdoa | Berpuasa | Jalan Kaki | Meditasi | Mandi | Buku Audio | Menulis | Menonton Serial | Berita Terkini | Makan Enak | Reddit | Belajar Bahasa | Streaming | YouTube | Memasak | Membersihkan Rumah | Penelitian | Hal Baru | Tidur Siang Singkat | Dokumenter | Sahabat Pena | Coding | Tutorial | Cinta,27,0,1,1,0
2020-01-18,Sabtu,21,Positif,3,bersemangat,Berpuasa | Jalan Kaki | Meditasi | Podcast | Buku Audio | Menonton Serial | Makan Enak | Reddit | Streaming | YouTube | Diet Keto,11,1,1,1,1
2018-07-01,Minggu,19,Netral,2,bingung,Membaca | Meditasi | Mandi | Dota 2 | Buku Audio | Menonton Serial | Streaming | YouTube | Menonton Film | Surel | Mendengarkan Lagu | Pekerjaan | Catatan Berat Badan,13,1,1,0,0
2020-11-08,Minggu,22,Positif,3,santai totalitas,Belajar | Berdoa | Berpuasa | Mandi | Buku Audio | Menulis | Menonton Serial | Berita Terkini | Makan Enak | Reddit | Belajar Bahasa | Streaming | YouTube | Memasak | Penelitian | Hal Baru | Keluarga | Tidur Siang Singkat | Mendengarkan Lagu | Sahabat Pena | Coding | Tutorial | Cinta,23,1,0,0,1
2018-07-06,Jumat,14,Negatif,1,tersulut emosi,Berdoa | Berpuasa | Meditasi | Mandi | Streaming | YouTube,6,0,1,0,0
2020-07-23,Kamis,19,Positif,3,sangat bahagia,Belajar | Seni | Berdoa | Berpuasa | Membaca Quran | Jalan Kaki | Meditasi | Mandi | Dota 2 | Buku Audio | Menulis | Menonton Serial | Berita Terkini | Makan Enak | Belajar Bahasa | Streaming | YouTube | Membersihkan Rumah | Penelitian | Dokumenter | Tutorial | Cinta,22,0,1,1,1
2020-03-10,Selasa,21,Positif,3,sangat bahagia,Seni | Berdoa | Berpuasa | Jalan Kaki | Meditasi | Podcast | Buku Audio | Menonton Serial | Berita Terkini | Makan Enak | Reddit | Streaming | YouTube | Tidur Siang Singkat | Mendengarkan Lagu | Sahabat Pena | Diet Keto,17,0,1,1,1
2020-07-22,Rabu,21,Positif,3,santai,Belajar | Seni | Menulis Jurnal | Berdoa | Berpuasa | Membaca Quran | Jalan Kaki | Meditasi | Dota 2 | Buku Audio | Menulis | Menonton Serial | Berita Terkini | Makan Enak | Reddit | Belajar Bahasa | Streaming | YouTube | Penelitian | Hal Baru | Keluarga | Tidur Siang Singkat | Mendengarkan Lagu | Desain | Tutorial | Rekaman,26,0,1,1,1
2018-09-18,Selasa,10,Negatif,1,khawatir,Berdoa,1,0,0,0,0
2020-08-12,Rabu,20,Netral,2,lemah,Seni | Berdoa | Berpuasa | Membaca Quran | Jalan Kaki | Meditasi | Mandi | Podcast | Buku Audio | Menulis | Menonton Serial | Berita Terkini | Makan Enak | Reddit | Belajar Bahasa | Streaming | YouTube | Penelitian | Hal Baru | Tidur Siang Singkat | Mendengarkan Lagu | Dokumenter | Tutorial | Cinta,24,0,1,1,0
2020-04-16,Kamis,22,Positif,3,keren,Berdoa | Jalan Kaki | Meditasi | Mandi | Dota 2 | Menonton Serial | Berita Terkini | Makan Enak | Reddit | Streaming | YouTube | Keluarga | Tidur Siang Singkat | Mendengarkan Lagu | Sahabat Pena | Catatan Berat Badan,16,0,1,1,1
2018-05-05,Sabtu,14,Netral,2,bingung,Dota 2 | Menonton Serial | Streaming | YouTube,4,1,0,0,0
2020-08-11,Selasa,21,Netral,2,bertanya-tanya,Membaca | Seni | Berdoa | Berpuasa | Membaca Quran | Jalan Kaki | Meditasi | Mandi | Podcast | Buku Audio | Menulis | Menonton Serial | Berita Terkini | Makan Enak | Reddit | Belajar Bahasa | Poetry | Streaming | YouTube | Membersihkan Rumah | Tidur Siang Singkat | Mendengarkan Lagu | Desain | Dokumenter | Cinta,25,0,1,1,0
2018-02-12,Senin,19,Negatif,1,tersulut emosi,Dota 2 | Streaming | YouTube | Hal Baru | Keluarga | Surel | Mendengarkan Lagu,7,0,0,0,0
2018-04-03,Selasa,14,Negatif,1,sakit,Makan Enak | Streaming | Traveling,3,0,0,0,0
2018-03-28,Rabu,10,Positif,3,diberkati,Menulis Jurnal | Jalan Kaki | Meditasi | Buku Audio | Hal Baru | Mendengarkan Lagu,6,0,1,1,1
2021-02-03,Rabu,21,Positif,3,fokus,Membaca | Belajar | Berpuasa | Jalan Kaki | Meditasi | Buku Audio | Menulis | Menonton Serial | Berita Terkini | Makan Enak | Reddit | Belajar Bahasa | Streaming | YouTube | Menonton Film | Memasak | Penelitian | Hal Baru | Tidur Siang Singkat | Mendengarkan Lagu | Desain | Dokumenter | Sahabat Pena | Coding | Tutorial | Cinta | Rekaman,27,0,1,1,1
2018-07-06,Jumat,14,Negatif,1,tersulut emosi,Berdoa | Berpuasa | Meditasi | Mandi | Streaming | YouTube,6,0,1,0,0
2018-10-20,Sabtu,16,Positif,3,lapar,Streaming | YouTube | Bermain Game | Hal Baru | Tidur Siang Singkat,5,1,0,0,1
2020-02-27,Kamis,21,Positif,3,bersemangat,Seni | Berdoa | Berpuasa | Jalan Kaki | Meditasi | Mandi | Buku Audio | Menonton Serial | Berita Terkini | Makan Enak | Reddit | Streaming | YouTube | Tidur Siang Singkat | Mendengarkan Lagu | Desain | Diet Keto | Catatan Berat Badan,18,0,1,1,1
2018-02-06,Selasa,20,Negatif,1,sakit,Dota 2 | Streaming | Keluarga,3,0,0,0,0
2018-09-11,Selasa,11,Netral,2,bertanya-tanya,Dota 2 | Podcast | Buku Audio | Berita Terkini | YouTube | Sahabat Pena,6,0,0,0,0
2020-05-07,Kamis,21,Positif,3,bersemangat,Membaca | Belajar | Seni | Menulis Jurnal | Berdoa | Berpuasa | Membaca Quran | Jalan Kaki | Meditasi | Mandi | Buku Audio | Menulis | Berita Terkini | Makan Enak | Reddit | Streaming | YouTube | Penelitian | Tidur Siang Singkat | Mendengarkan Lagu | Desain,21,0,1,1,1
2020-09-17,Kamis,22,Positif,3,fokus,Membaca | Berdoa | Berpuasa | Membaca Quran | Jalan Kaki | Meditasi | Buku Audio | Menonton Serial | Berita Terkini | Makan Enak | Reddit | Belajar Bahasa | Streaming | YouTube | Hal Baru | Mendengarkan Lagu | Desain | Sahabat Pena | Coding | Tutorial | Cinta,21,0,1,1,1
2020-03-18,Rabu,21,Positif,3,bersemangat,Berdoa | Berpuasa | Membaca Quran | Jalan Kaki | Meditasi | Mandi | Buku Audio | Menonton Serial | Berita Terkini | Makan Enak | Reddit | Streaming | YouTube | Tidur Siang Singkat | Mendengarkan Lagu | Sahabat Pena,16,0,1,1,1
2020-09-19,Sabtu,21,Netral,2,bertanya-tanya,Belajar | Berdoa | Berpuasa | Membaca Quran | Jalan Kaki | Meditasi | Mandi | Menonton Serial | Berita Terkini | Makan Enak | Reddit | Belajar Bahasa | Streaming | YouTube | Memasak | Membersihkan Rumah | Penelitian | Hal Baru | Mendengarkan Lagu | Dokumenter | Sahabat Pena | Coding | Tutorial,23,1,1,1,0
2020-03-05,Kamis,21,Positif,3,keren,Seni | Berdoa | Berpuasa | Jalan Kaki | Meditasi | Dota 2 | Buku Audio | Menonton Serial | Berita Terkini | Makan Enak | Reddit | Streaming | YouTube | Keluarga | Tidur Siang Singkat | Mendengarkan Lagu | Sahabat Pena | Catatan Berat Badan,18,0,1,1,1
2020-03-28,Sabtu,21,Positif,3,bersemangat,Berdoa | Jalan Kaki | Meditasi | Buku Audio | Menonton Serial | Berita Terkini | Makan Enak | Reddit | Streaming | YouTube | Tidur Siang Singkat | Mendengarkan Lagu | Program Doktor,13,1,1,1,1
2020-08-12,Rabu,20,Netral,2,lemah,Seni | Berdoa | Berpuasa | Membaca Quran | Jalan Kaki | Meditasi | Mandi | Podcast | Buku Audio | Menulis | Menonton Serial | Berita Terkini | Makan Enak | Reddit | Belajar Bahasa | Streaming | YouTube | Penelitian | Hal Baru | Tidur Siang Singkat | Mendengarkan Lagu | Dokumenter | Tutorial | Cinta,24,0,1,1,0
2020-08-10,Senin,21,Netral,2,bertanya-tanya,Membaca | Seni | Berdoa | Berpuasa | Membaca Quran | Jalan Kaki | Meditasi | Mandi | Dota 2 | Buku Audio | Menulis | Menonton Serial | Berita Terkini | Makan Enak | Reddit | Belajar Bahasa | Bercukur | Merapikan Rambut | Streaming | YouTube | Membersihkan Rumah | Tidur Siang Singkat | Mendengarkan Lagu | Dokumenter | Cinta,25,0,1,1,0
2020-08-14,Jumat,19,Netral,2,biasa saja,Berdoa | Berpuasa | Membaca Quran | Jalan Kaki | Meditasi | Mandi | Dota 2 | Podcast | Menonton Serial | Berita Terkini | Makan Enak | Reddit | Belajar Bahasa | Bercukur | Merapikan Rambut | Streaming | YouTube | Traveling | Keluarga,19,0,1,1,0
2020-05-21,Kamis,20,Netral,2,biasa saja,Membaca | Belajar | Seni | Menulis Jurnal | Berdoa | Berpuasa | Membaca Quran | Meditasi | Mandi | Buku Audio | Menulis | Berita Terkini | Makan Enak | Reddit | Belajar Bahasa | Streaming | YouTube | Penelitian | Hal Baru | Tidur Siang Singkat | Mendengarkan Lagu | Sahabat Pena | Catatan Berat Badan,23,0,1,0,0
2018-02-10,Sabtu,14,Negatif,1,tersulut emosi,Dota 2 | Streaming | YouTube,3,1,0,0,0
2020-08-15,Sabtu,17,Negatif,1,marah,Belajar | Jalan Kaki | Mandi | Buku Audio | Menulis | Menonton Serial | Berita Terkini | Reddit | Belajar Bahasa | YouTube | Tidur Siang Singkat | Dokumenter | Coding | Tutorial,14,1,0,1,0
2020-06-29,Senin,21,Netral,2,bertanya-tanya,Seni | Jalan Kaki | Buku Audio | Berita Terkini | Makan Enak | Reddit | Streaming | YouTube | Mendengarkan Lagu | Cinta,10,0,0,1,0
2020-10-19,Senin,21,Negatif,1,sangat sedih,Membaca | Belajar | Berdoa | Berpuasa | Membaca Quran | Jalan Kaki | Meditasi | Mandi | Dota 2 | Podcast | Buku Audio | Menulis | Menonton Serial | Berita Terkini | Makan Enak | Reddit | Belajar Bahasa | Streaming | YouTube | Memasak | Penelitian | Hal Baru | Mendengarkan Lagu | Dokumenter | Coding | Tutorial,26,0,1,1,0
2020-01-20,Senin,22,Positif,3,bersemangat,Berpuasa | Jalan Kaki | Meditasi | Podcast | Buku Audio | Menonton Serial | Berita Terkini | Makan Enak | Reddit | Streaming | YouTube,11,0,1,1,1
2019-09-20,Jumat,14,Netral,2,bingung,Berdoa | Berpuasa | Mandi | Buku Audio | Berita Terkini | Reddit | Catatan Berat Badan,7,0,0,0,0
2019-01-13,Minggu,20,Positif,3,diberkati,Jalan Kaki | Menonton Serial | Berita Terkini | Makan Enak | Streaming | YouTube | Bermain Game | Tidur Siang Singkat | Surel | Desain | Sahabat Pena,11,1,0,1,1
2020-08-05,Rabu,14,Negatif,1,sangat buruk,Membaca | Belajar | Seni | Berdoa | Berpuasa | Membaca Quran | Jalan Kaki | Meditasi | Mandi | Dota 2 | Podcast | Buku Audio | Menulis | Menonton Serial | Berita Terkini | Makan Enak | Reddit | Belajar Bahasa | Streaming | YouTube | Penelitian | Keluarga | Tidur Siang Singkat | Mendengarkan Lagu | Dokumenter | Cinta,26,0,1,1,0
2018-05-01,Selasa,14,Negatif,1,khawatir,Membaca | Menulis Jurnal | YouTube | Penelitian,4,0,0,0,0
2021-02-14,Minggu,12,Negatif,1,khawatir,Membaca | Belajar | Berpuasa | Jalan Kaki | Menulis | Menonton Serial | Berita Terkini | Makan Enak | Reddit | Belajar Bahasa | Streaming | YouTube | Memasak | Membersihkan Rumah | Penelitian | Hal Baru | Tidur Siang Singkat | Dokumenter | Sahabat Pena | Coding | Tutorial,21,1,0,1,0
2020-02-23,Minggu,21,Positif,3,bersemangat,Berdoa | Berpuasa | Jalan Kaki | Meditasi | Mandi | Dota 2 | Podcast | Menonton Serial | Berita Terkini | Makan Enak | Reddit | Streaming | YouTube | Tidur Siang Singkat | Sahabat Pena | Diet Keto | Catatan Berat Badan,17,1,1,1,1
2020-08-06,Kamis,21,Negatif,1,buruk,Seni | Berdoa | Berpuasa | Membaca Quran | Jalan Kaki | Meditasi | Mandi | Dota 2 | Podcast | Buku Audio | Menulis | Berita Terkini | Makan Enak | Reddit | Belajar Bahasa | Bercukur | Streaming | YouTube | Penelitian | Keluarga | Tidur Siang Singkat | Mendengarkan Lagu | Desain | Cinta,24,0,1,1,0
2018-03-20,Selasa,10,Negatif,1,khawatir,Dota 2 | Streaming | YouTube | Penelitian,4,0,0,0,0
2021-03-09,Selasa,22,Positif,3,fokus,Belajar | Berdoa | Berpuasa | Jalan Kaki | Meditasi | Mandi | Buku Audio | Menulis | Menonton Serial | Makan Enak | Belajar Bahasa | Bercukur | Streaming | YouTube | Memasak | Membersihkan Rumah | Hal Baru | Tidur Siang Singkat | Sahabat Pena | Coding | Tutorial,21,0,1,1,1
2018-11-25,Minggu,18,Netral,2,bingung,Meditasi | Dota 2 | Podcast | Buku Audio | Menonton Serial | Berita Terkini | Makan Enak | YouTube | Bermain Game | Surel | Sahabat Pena | Catatan Berat Badan,12,1,1,0,0
2020-06-16,Selasa,21,Positif,3,diberkati,Membaca | Belajar | Jalan Kaki | Meditasi | Dota 2 | Menulis | Menonton Serial | Makan Enak | Reddit | Belajar Bahasa | Streaming | YouTube | Tidur Siang Singkat | Mendengarkan Lagu | Sahabat Pena | Cinta,16,0,1,1,1
2020-09-22,Selasa,21,Netral,2,lemah,Belajar | Seni | Berdoa | Berpuasa | Membaca Quran | Jalan Kaki | Buku Audio | Menulis | Menonton Serial | Berita Terkini | Makan Enak | Reddit | Belajar Bahasa | Streaming | YouTube | Memasak | Membersihkan Rumah | Penelitian | Hal Baru | Tidur Siang Singkat | Mendengarkan Lagu | Sahabat Pena | Coding | Tutorial,24,0,0,1,0
2020-08-07,Jumat,7,Negatif,1,marah,Membaca | Belajar | Seni | Berdoa | Berpuasa | Membaca Quran | Jalan Kaki | Meditasi | Mandi | Dota 2 | Podcast | Buku Audio | Menulis | Menonton Serial | Berita Terkini | Makan Enak | Reddit | Belajar Bahasa | Streaming | YouTube | Menonton Film | Bermain Game | Hal Baru | Keluarga | Tidur Siang Singkat | Mendengarkan Lagu | Desain | Dokumenter | Cinta | Rekaman,30,0,1,1,0
2018-05-28,Senin,14,Positif,3,keren,YouTube | Surel | Pekerjaan,3,0,0,0,1
2020-09-30,Rabu,21,Netral,2,bertanya-tanya,Seni | Berpuasa | Jalan Kaki | Podcast | Buku Audio | Menonton Serial | Berita Terkini | Makan Enak | Reddit | Belajar Bahasa | Streaming | YouTube | Membersihkan Rumah | Penelitian | Tidur Siang Singkat | Dokumenter | Sahabat Pena | Coding | Tutorial,19,0,0,1,0
2018-09-13,Kamis,10,Negatif,1,sakit,Buku Audio | Berita Terkini | Tidur Siang Singkat,3,0,0,0,0
2018-02-13,Selasa,14,Negatif,1,marah,Makan Enak | YouTube | Surel,3,0,0,0,0
2020-08-11,Selasa,21,Netral,2,bertanya-tanya,Membaca | Seni | Berdoa | Berpuasa | Membaca Quran | Jalan Kaki | Meditasi | Mandi | Podcast | Buku Audio | Menulis | Menonton Serial | Berita Terkini | Makan Enak | Reddit | Belajar Bahasa | Poetry | Streaming | YouTube | Membersihkan Rumah | Tidur Siang Singkat | Mendengarkan Lagu | Desain | Dokumenter | Cinta,25,0,1,1,0
2020-09-24,Kamis,21,Negatif,1,tersulut emosi,Belajar | Berdoa | Berpuasa | Membaca Quran | Jalan Kaki | Mandi | Buku Audio | Menulis | Menonton Serial | Berita Terkini | Makan Enak | Reddit | Belajar Bahasa | Streaming | YouTube | Membersihkan Rumah | Penelitian | Hal Baru | Sahabat Pena | Coding | Tutorial,21,0,0,1,0
2018-02-06,Selasa,14,Netral,2,biasa saja,Berpuasa | Dota 2 | Menonton Serial | Makan Enak | Catatan Berat Badan,5,0,0,0,0
2018-02-07,Rabu,17,Negatif,1,sakit,Jalan Kaki | Buku Audio | Penelitian | Keluarga | Rumah Sakit,5,0,0,1,0
2018-03-27,Selasa,14,Netral,2,bertanya-tanya,Dota 2 | Streaming | YouTube | Penelitian | Surel,5,0,0,0,0
2020-09-29,Selasa,21,Negatif,1,takut,Seni | Berpuasa | Jalan Kaki | Menonton Serial | Berita Terkini | Makan Enak | Reddit | Streaming | YouTube | Memasak | Penelitian | Hal Baru | Tidur Siang Singkat | Dokumenter | Sahabat Pena | Coding | Tutorial,17,0,0,1,0
2020-08-23,Minggu,21,Positif,3,baik,Membaca | Seni | Berdoa | Berpuasa | Olahraga | Membaca Quran | Jalan Kaki | Meditasi | Mandi | Dota 2 | Buku Audio | Menulis | Menonton Serial | Berita Terkini | Makan Enak | Reddit | Belajar Bahasa | Streaming | YouTube | Membersihkan Rumah | Penelitian | Hal Baru | Keluarga | Desain | Dokumenter | Teman | Sahabat Pena | Coding | Tutorial | Cinta | Rekaman,31,1,1,1,1
2020-08-06,Kamis,21,Negatif,1,buruk,Seni | Berdoa | Berpuasa | Membaca Quran | Jalan Kaki | Meditasi | Mandi | Dota 2 | Podcast | Buku Audio | Menulis | Berita Terkini | Makan Enak | Reddit | Belajar Bahasa | Bercukur | Streaming | YouTube | Penelitian | Keluarga | Tidur Siang Singkat | Mendengarkan Lagu | Desain | Cinta,24,0,1,1,0
2020-03-01,Minggu,21,Positif,3,bersemangat,Berdoa | Berpuasa | Jalan Kaki | Meditasi | Mandi | Menonton Serial | Berita Terkini | Makan Enak | Reddit | Streaming | YouTube | Tidur Siang Singkat | Mendengarkan Lagu | Sahabat Pena | Diet Keto,15,1,1,1,1
2020-09-15,Selasa,22,Positif,3,fokus,Belajar | Berita Terkini | Makan Enak | Reddit | Belajar Bahasa | Streaming | YouTube | Memasak | Penelitian | Hal Baru | Tidur Siang Singkat | Sahabat Pena | Coding | Tutorial | Cinta | Rekaman,16,0,0,0,1
2018-09-13,Kamis,14,Negatif,1,tersulut emosi,Dota 2,1,0,0,0,0
2020-08-16,Minggu,18,Negatif,1,sangat sedih,Seni | Berpuasa | Meditasi | Podcast | Buku Audio | Berita Terkini | Makan Enak | Reddit | Belajar Bahasa | YouTube | Cinta,11,1,1,0,0
2018-07-01,Minggu,19,Netral,2,bingung,Membaca | Meditasi | Mandi | Dota 2 | Buku Audio | Menonton Serial | Streaming | YouTube | Menonton Film | Surel | Mendengarkan Lagu | Pekerjaan | Catatan Berat Badan,13,1,1,0,0
2018-10-27,Sabtu,11,Positif,3,santai totalitas,Membaca | Meditasi | Berita Terkini | Sahabat Pena,4,1,1,0,1
2021-04-08,Kamis,23,Positif,3,bersemangat,Membaca | Belajar | Seni | Meditasi | Mandi | Menulis | Menonton Serial | Makan Enak | Reddit | Belajar Bahasa | Streaming | YouTube | Memasak | Membersihkan Rumah | Penelitian | Hal Baru | Tidur Siang Singkat | Dokumenter | Sahabat Pena | Coding | Tutorial,21,0,1,0,1
2019-04-30,Selasa,10,Positif,3,santai totalitas,Jalan Kaki | Dota 2 | Podcast | Buku Audio | Berita Terkini | Makan Enak | Reddit | Streaming | YouTube | Surel | Desain | Catatan Berat Badan,12,0,0,1,1
2020-12-11,Jumat,21,Negatif,1,sangat sedih,Belajar | Jalan Kaki | Buku Audio | Menulis | Menonton Serial | Streaming | YouTube | Membersihkan Rumah | Penelitian | Hal Baru | Sahabat Pena | Coding | Tutorial | Cinta,14,0,0,1,0
2020-12-08,Selasa,22,Negatif,1,khawatir,Membaca | Berdoa | Berpuasa | Jalan Kaki | Buku Audio | Menulis | Menonton Serial | Makan Enak | Reddit | Belajar Bahasa | Streaming | YouTube | Memasak | Traveling | Penelitian | Hal Baru | Sahabat Pena | Coding | Tutorial,19,0,0,1,0
2018-02-06,Selasa,9,Negatif,1,buruk,Berpuasa | Jalan Kaki | Meditasi | Traveling | Rumah Sakit,5,0,1,1,0
2020-03-06,Jumat,21,Positif,3,bersemangat,Berdoa | Berpuasa | Jalan Kaki | Meditasi | Mandi | Buku Audio | Menulis | Menonton Serial | Berita Terkini | Makan Enak | Reddit | Streaming | YouTube | Tidur Siang Singkat | Mendengarkan Lagu | Sahabat Pena,16,0,1,1,1
2019-04-27,Sabtu,13,Netral,2,bertanya-tanya,Berpuasa | Podcast | Berita Terkini | Reddit | Streaming | YouTube | Sahabat Pena | Catatan Berat Badan,8,1,0,0,0
2021-01-11,Senin,21,Positif,3,keren,Membaca | Berpuasa | Meditasi | Mandi | Buku Audio | Menulis | Menonton Serial | Berita Terkini | Makan Enak | Reddit | Belajar Bahasa | Yoga | Streaming | YouTube | Membersihkan Rumah | Penelitian | Keluarga | Tidur Siang Singkat | Perbaikan | Dokumenter | Sahabat Pena | Coding | Tutorial | Cinta,24,0,1,1,1
2018-02-14,Rabu,19,Negatif,1,tersulut emosi,Jalan Kaki | YouTube | Mendengarkan Lagu,3,0,0,1,0
2019-11-15,Jumat,20,Positif,3,diberkati,Berpuasa | Jalan Kaki | Meditasi | Buku Audio | Menonton Serial | Berita Terkini | Makan Enak | Reddit | YouTube | Diet Keto | Catatan Berat Badan,11,0,1,1,1
2019-09-17,Selasa,13,Netral,2,bingung,Seni | Berpuasa | Meditasi | Berita Terkini | Reddit | Desain,6,0,1,0,0
2020-08-03,Senin,21,Positif,3,diberkati,Seni | Menulis Jurnal | Berdoa | Berpuasa | Membaca Quran | Jalan Kaki | Meditasi | Mandi | Dota 2 | Podcast | Buku Audio | Menulis | Menonton Serial | Berita Terkini | Makan Enak | Reddit | Belajar Bahasa | Streaming | YouTube | Membersihkan Rumah | Tidur Siang Singkat | Mendengarkan Lagu | Desain | Cinta,24,0,1,1,1
2020-01-05,Minggu,21,Positif,3,fokus,Berpuasa | Jalan Kaki | Meditasi | Mandi | Dota 2 | Buku Audio | Menonton Serial | Berita Terkini | Makan Enak | Streaming | YouTube | Diet Keto | Catatan Berat Badan,13,1,1,1,1
2020-03-06,Jumat,21,Positif,3,bersemangat,Berdoa | Berpuasa | Jalan Kaki | Meditasi | Mandi | Buku Audio | Menulis | Menonton Serial | Berita Terkini | Makan Enak | Reddit | Streaming | YouTube | Tidur Siang Singkat | Mendengarkan Lagu | Sahabat Pena,16,0,1,1,1
2020-09-27,Minggu,21,Positif,3,santai,Berdoa | Berpuasa | Olahraga | Membaca Quran | Jalan Kaki | Meditasi | Buku Audio | Menonton Serial | Berita Terkini | Makan Enak | Reddit | Belajar Bahasa | Streaming | YouTube | Memasak | Membersihkan Rumah | Penelitian | Hal Baru | Tidur Siang Singkat | Dokumenter | Sahabat Pena | Coding | Tutorial,23,1,1,1,1
2020-10-16,Jumat,21,Netral,2,lemah,Belajar | Seni | Berdoa | Berpuasa | Jalan Kaki | Meditasi | Mandi | Dota 2 | Buku Audio | Menulis | Menonton Serial | Berita Terkini | Makan Enak | Reddit | Belajar Bahasa | Streaming | YouTube | Memasak | Membersihkan Rumah | Penelitian | Hal Baru | Tidur Siang Singkat | Mendengarkan Lagu | Dokumenter | Sahabat Pena | Coding | Tutorial,27,0,1,1,0
2019-11-18,Senin,22,Netral,2,biasa saja,Berdoa | Berpuasa | Jalan Kaki | Meditasi | Mandi | Buku Audio | Menulis | Berita Terkini | Makan Enak | Reddit | Streaming | YouTube | Tidur Siang Singkat | Mendengarkan Lagu | Diet Keto | Catatan Berat Badan,16,0,1,1,0
2018-02-14,Rabu,13,Negatif,1,marah,Dota 2 | YouTube | Bermain Game,3,0,0,0,0
2020-04-09,Kamis,21,Negatif,1,sangat sedih,Berdoa | Berpuasa | Membaca Quran | Jalan Kaki | Meditasi | Mandi | Menulis | Menonton Serial | Berita Terkini | Makan Enak | Reddit | Streaming | YouTube | Menonton Film | Keluarga | Tidur Siang Singkat | Mendengarkan Lagu | Desain | Sahabat Pena,19,0,1,1,0
2018-05-03,Kamis,19,Positif,3,diberkati,Berdoa | Mandi | Dota 2 | Podcast | YouTube,5,0,0,0,1
2018-12-19,Rabu,22,Positif,3,lapar,Jalan Kaki | Meditasi | Dota 2 | Podcast | Buku Audio | Berita Terkini | Makan Enak | Streaming | YouTube | Bermain Game | Hal Baru | Desain,12,0,1,1,1
2020-12-26,Sabtu,21,Netral,2,bertanya-tanya,Membaca | Belajar | Jalan Kaki | Buku Audio | Menulis | Menonton Serial | Makan Enak | Reddit | Streaming | YouTube | Memasak | Membersihkan Rumah | Penelitian | Tidur Siang Singkat | Desain | Perbaikan | Sahabat Pena | Coding | Tutorial,19,1,0,1,0
2021-02-14,Minggu,12,Negatif,1,khawatir,Membaca | Belajar | Berpuasa | Jalan Kaki | Menulis | Menonton Serial | Berita Terkini | Makan Enak | Reddit | Belajar Bahasa | Streaming | YouTube | Memasak | Membersihkan Rumah | Penelitian | Hal Baru | Tidur Siang Singkat | Dokumenter | Sahabat Pena | Coding | Tutorial,21,1,0,1,0
2020-01-29,Rabu,21,Positif,3,bersemangat,Berpuasa | Jalan Kaki | Meditasi | Dota 2 | Podcast | Buku Audio | Menonton Serial | Berita Terkini | Makan Enak | Reddit | Streaming | YouTube | Diet Keto | Catatan Berat Badan,14,0,1,1,1
2020-11-02,Senin,21,Positif,3,keren,Belajar | Mandi | Podcast | Buku Audio | Menulis | Berita Terkini | Makan Enak | Reddit | Belajar Bahasa | Streaming | YouTube | Menonton Film | Memasak | Membersihkan Rumah | Penelitian | Hal Baru | Tidur Siang Singkat | Mendengarkan Lagu | Desain | Dokumenter | Sahabat Pena | Coding | Tutorial | Cinta | Rekaman,25,0,0,0,1
2018-09-12,Rabu,10,Netral,2,bingung,Berita Terkini | Surel | Sahabat Pena,3,0,0,0,0
2018-05-01,Selasa,19,Netral,2,bingung,Menonton Serial | Makan Enak | Streaming | YouTube | Penelitian,5,0,0,0,0
2018-06-17,Minggu,14,Negatif,1,khawatir,Streaming | YouTube | Menonton Film,3,1,0,0,0
2018-02-11,Minggu,19,Positif,3,diberkati,Berdoa | Jalan Kaki | Meditasi | Mandi | Dota 2 | Makan Enak | Streaming | YouTube,8,1,1,1,1
2020-12-06,Minggu,22,Negatif,1,takut,Membaca | Belajar | Berdoa | Berpuasa | Jalan Kaki | Meditasi | Mandi | Buku Audio | Menulis | Menonton Serial | Berita Terkini | Makan Enak | Reddit | Belajar Bahasa | Streaming | YouTube | Memasak | Hal Baru | Tidur Siang Singkat | Mendengarkan Lagu | Dokumenter | Sahabat Pena | Coding | Tutorial | Cinta,25,1,1,1,0
2020-09-16,Rabu,17,Negatif,1,sangat sedih,Seni | Berdoa | Berpuasa | Jalan Kaki | Mandi | Buku Audio | Menonton Serial | Makan Enak | Reddit | Belajar Bahasa | Streaming | YouTube | Memasak | Penelitian | Tidur Siang Singkat | Dokumenter | Coding | Tutorial | Cinta,19,0,0,1,0
2020-09-10,Kamis,20,Positif,3,bersemangat,Membaca | Belajar | Seni | Berdoa | Berpuasa | Membaca Quran | Jalan Kaki | Meditasi | Mandi | Buku Audio | Menulis | Menonton Serial | Berita Terkini | Makan Enak | Reddit | Belajar Bahasa | Yoga | Bercukur | Merapikan Rambut | Poetry | Streaming | YouTube | Memasak | Meditasi Holotropik | Membersihkan Rumah | Penelitian | Hal Baru | Mendengarkan Lagu | Dokumenter | Sahabat Pena | Coding | Tutorial | Rekaman,33,0,1,1,1
2018-05-02,Rabu,20,Negatif,1,sangat sedih,Dota 2 | Streaming | YouTube,3,0,0,0,0
2018-02-06,Selasa,9,Negatif,1,buruk,Berpuasa | Jalan Kaki | Meditasi | Traveling | Rumah Sakit,5,0,1,1,0
2018-04-30,Senin,21,Positif,3,diberkati,Meditasi | Mandi | Podcast | Menonton Serial | Makan Enak | Streaming | YouTube | Surel | Desain,9,0,1,0,1
2020-08-28,Jumat,22,Negatif,1,sangat sedih,Berdoa | Berpuasa | Membaca Quran | Jalan Kaki | Meditasi | Mandi | Podcast | Buku Audio | Menonton Serial | Berita Terkini | Makan Enak | Reddit | Belajar Bahasa | Streaming | YouTube | Memasak | Keluarga | Tidur Siang Singkat | Sahabat Pena | Coding | Rekaman,21,0,1,1,0
2018-06-17,Minggu,14,Negatif,1,khawatir,Streaming | YouTube | Menonton Film,3,1,0,0,0
2019-02-28,Kamis,10,Positif,3,diberkati,Menulis Jurnal | Meditasi | Mandi | Podcast | Buku Audio | Menonton Serial | Reddit | YouTube | Sahabat Pena,9,0,1,0,1
2020-06-11,Kamis,22,Netral,2,lemah,Jalan Kaki | Meditasi | Mandi | Buku Audio | Menulis | Berita Terkini | Makan Enak | Reddit | Belajar Bahasa | Streaming | YouTube | Tidur Siang Singkat | Mendengarkan Lagu,13,0,1,1,0
2018-04-09,Senin,19,Negatif,1,khawatir,Dota 2 | Podcast | Buku Audio | Streaming | YouTube | Mendengarkan Lagu,6,0,0,0,0
2018-02-10,Sabtu,14,Negatif,1,tersulut emosi,Dota 2 | Streaming | YouTube,3,1,0,0,0
2018-02-10,Sabtu,19,Positif,3,sangat bahagia,Membaca | Jalan Kaki | Buku Audio | Makan Enak | Traveling | Penelitian | Mendengarkan Lagu,7,1,0,1,1
2018-04-07,Sabtu,13,Netral,2,lemah,Dota 2 | Makan Enak | Streaming | Traveling,4,1,0,0,0
2021-01-15,Jumat,21,Positif,3,bersemangat,Membaca | Belajar | Berdoa | Berpuasa | Meditasi | Mandi | Dota 2 | Buku Audio | Menulis | Menonton Serial | Berita Terkini | Reddit | Streaming | YouTube | Memasak | Membersihkan Rumah | Penelitian | Tidur Siang Singkat | Dokumenter | Sahabat Pena | Coding | Tutorial,22,0,1,0,1
2021-03-08,Senin,13,Netral,2,biasa saja,Belajar | Berdoa | Berpuasa | Jalan Kaki | Meditasi | Mandi | Buku Audio | Menulis | Menonton Serial | Makan Enak | Reddit | Belajar Bahasa | Streaming | YouTube | Memasak | Membersihkan Rumah | Penelitian | Tidur Siang Singkat | Dokumenter | Sahabat Pena | Coding | Tutorial,22,0,1,1,0
2018-02-12,Senin,11,Positif,3,bersemangat,Dota 2 | Streaming | YouTube,3,0,0,0,1
2018-03-01,Kamis,20,Negatif,1,khawatir,Dota 2 | Streaming | YouTube,3,0,0,0,0
2018-02-06,Selasa,9,Negatif,1,buruk,Berpuasa | Jalan Kaki | Meditasi | Traveling | Rumah Sakit,5,0,1,1,0
2018-09-10,Senin,14,Netral,2,bingung,Berita Terkini | Makan Enak | YouTube,3,0,0,0,0
2018-09-13,Kamis,14,Negatif,1,tersulut emosi,Dota 2,1,0,0,0,0
2020-10-09,Jumat,21,Negatif,1,khawatir,Belajar | Berdoa | Berpuasa | Olahraga | Membaca Quran | Jalan Kaki | Mandi | Buku Audio | Menonton Serial | Berita Terkini | Makan Enak | Reddit | Belajar Bahasa | Streaming | YouTube | Memasak | Membersihkan Rumah | Penelitian | Hal Baru | Tidur Siang Singkat | Surel | Dokumenter | Sahabat Pena | Coding | Tutorial,25,0,0,1,0
2021-02-14,Minggu,12,Negatif,1,khawatir,Membaca | Belajar | Berpuasa | Jalan Kaki | Menulis | Menonton Serial | Berita Terkini | Makan Enak | Reddit | Belajar Bahasa | Streaming | YouTube | Memasak | Membersihkan Rumah | Penelitian | Hal Baru | Tidur Siang Singkat | Dokumenter | Sahabat Pena | Coding | Tutorial,21,1,0,1,0
2018-09-10,Senin,11,Netral,2,bertanya-tanya,Menonton Serial | Berita Terkini | Makan Enak | YouTube | Sahabat Pena,5,0,0,0,0
2019-11-25,Senin,21,Positif,3,lapar,Berpuasa | Jalan Kaki | Meditasi | Mandi | Buku Audio | Makan Enak | Reddit | Streaming | YouTube | Diet Keto | Catatan Berat Badan,11,0,1,1,1
2020-06-19,Jumat,21,Positif,3,hari paling bahagia,Membaca | Seni | Berdoa | Berpuasa | Membaca Quran | Jalan Kaki | Meditasi | Mandi | Dota 2 | Podcast | Buku Audio | Menulis | Menonton Serial | Berita Terkini | Makan Enak | Reddit | Streaming | YouTube | Tidur Siang Singkat | Mendengarkan Lagu | Dokumenter | Sahabat Pena | Cinta,23,0,1,1,1
2020-07-23,Kamis,19,Positif,3,sangat bahagia,Belajar | Seni | Berdoa | Berpuasa | Membaca Quran | Jalan Kaki | Meditasi | Mandi | Dota 2 | Buku Audio | Menulis | Menonton Serial | Berita Terkini | Makan Enak | Belajar Bahasa | Streaming | YouTube | Membersihkan Rumah | Penelitian | Dokumenter | Tutorial | Cinta,22,0,1,1,1
2020-09-18,Jumat,19,Negatif,1,tersulut emosi,Belajar | Berdoa | Berpuasa | Membaca Quran | Jalan Kaki | Meditasi | Mandi | Buku Audio | Menulis | Menonton Serial | Berita Terkini | Reddit | Belajar Bahasa | Streaming | YouTube | Memasak | Membersihkan Rumah | Penelitian | Hal Baru | Mendengarkan Lagu | Dokumenter | Sahabat Pena | Coding | Tutorial,24,0,1,1,0
2020-05-07,Kamis,21,Positif,3,bersemangat,Membaca | Belajar | Seni | Menulis Jurnal | Berdoa | Berpuasa | Membaca Quran | Jalan Kaki | Meditasi | Mandi | Buku Audio | Menulis | Berita Terkini | Makan Enak | Reddit | Streaming | YouTube | Penelitian | Tidur Siang Singkat | Mendengarkan Lagu | Desain,21,0,1,1,1
2018-02-26,Senin,7,Positif,3,sangat bahagia,Membaca | Berdoa | Penelitian | Hal Baru | Tidur Siang Singkat,5,0,0,0,1
2018-09-18,Selasa,10,Negatif,1,khawatir,Berdoa,1,0,0,0,0
2018-10-25,Kamis,10,Netral,2,bertanya-tanya,Berita Terkini | Sahabat Pena,2,0,0,0,0
2020-05-20,Rabu,15,Negatif,1,marah,Membaca | Belajar | Seni | Berdoa | Berpuasa | Olahraga | Membaca Quran | Jalan Kaki | Meditasi | Mandi | Podcast | Buku Audio | Menulis | Berita Terkini | Makan Enak | Reddit | Belajar Bahasa | Streaming | YouTube | Penelitian | Tidur Siang Singkat | Surel | Mendengarkan Lagu,23,0,1,1,0
2021-04-02,Jumat,21,Positif,3,bersemangat,Membaca | Belajar | Seni | Berdoa | Berpuasa | Jalan Kaki | Meditasi | Mandi | Buku Audio | Menulis | Menonton Serial | Makan Enak | Reddit | Belajar Bahasa | Poetry | Streaming | YouTube | Memasak | Traveling | Membersihkan Rumah | Penelitian | Hal Baru | Tidur Siang Singkat | Desain | Dokumenter | Sahabat Pena | Coding | Tutorial,28,0,1,1,1
2020-09-01,Selasa,19,Positif,3,santai,Membaca | Belajar | Seni | Berpuasa | Membaca Quran | Jalan Kaki | Meditasi | Buku Audio | Menulis | Menonton Serial | Berita Terkini | Makan Enak | Reddit | Belajar Bahasa | Streaming | YouTube | Menonton Film | Tidur Siang Singkat | Mendengarkan Lagu | Dokumenter | Sahabat Pena | Coding | Tutorial | Rekaman,24,0,1,1,1
2018-07-06,Jumat,14,Negatif,1,tersulut emosi,Berdoa | Berpuasa | Meditasi | Mandi | Streaming | YouTube,6,0,1,0,0
2018-09-11,Selasa,11,Netral,2,bertanya-tanya,Dota 2 | Podcast | Buku Audio | Berita Terkini | YouTube | Sahabat Pena,6,0,0,0,0
2018-12-25,Selasa,11,Netral,2,bertanya-tanya,Membaca | Meditasi | Mandi | Podcast | Berita Terkini | Makan Enak | Streaming | YouTube | Bermain Game | Sahabat Pena | Catatan Berat Badan,11,0,1,0,0
2020-08-19,Rabu,13,Negatif,1,khawatir,Berpuasa | Berita Terkini | Makan Enak | Reddit | Belajar Bahasa | Streaming | YouTube | Keluarga | Dokumenter | Cinta,10,0,0,0,0
2020-02-09,Minggu,21,Positif,3,diberkati,Berpuasa | Jalan Kaki | Meditasi | Dota 2 | Podcast | Buku Audio | Menonton Serial | Berita Terkini | Makan Enak | Reddit | Streaming | YouTube | Sahabat Pena | Diet Keto,14,1,1,1,1
2018-04-03,Selasa,14,Negatif,1,sakit,Makan Enak | Streaming | Traveling,3,0,0,0,0
2018-02-03,Sabtu,15,Netral,2,biasa saja,Jalan Kaki | Meditasi | Dota 2 | Buku Audio | Streaming | Traveling | Penelitian | Hal Baru,8,1,1,1,0
2020-05-07,Kamis,21,Positif,3,bersemangat,Membaca | Belajar | Seni | Menulis Jurnal | Berdoa | Berpuasa | Membaca Quran | Jalan Kaki | Meditasi | Mandi | Buku Audio | Menulis | Berita Terkini | Makan Enak | Reddit | Streaming | YouTube | Penelitian | Tidur Siang Singkat | Mendengarkan Lagu | Desain,21,0,1,1,1
2020-08-02,Minggu,21,Netral,2,biasa saja,Membaca | Berdoa | Berpuasa | Membaca Quran | Jalan Kaki | Meditasi | Mandi | Dota 2 | Podcast | Buku Audio | Menulis | Menonton Serial | Berita Terkini | Makan Enak | Reddit | Belajar Bahasa | Streaming | YouTube | Membersihkan Rumah | Penelitian | Keluarga | Tidur Siang Singkat | Dokumenter,23,1,1,1,0
2020-07-07,Selasa,21,Netral,2,lemah,Membaca | Berdoa | Berpuasa | Membaca Quran | Jalan Kaki | Meditasi | Dota 2 | Podcast | Buku Audio | Menulis | Menonton Serial | Berita Terkini | Makan Enak | Reddit | Belajar Bahasa | Streaming | YouTube | Keluarga | Mendengarkan Lagu | Cinta,20,0,1,1,0
2020-12-20,Minggu,3,Positif,3,fokus,Membaca | Belajar | Seni | Menulis Jurnal | Berdoa | Berpuasa | Jalan Kaki | Mandi | Menulis | Reddit | Belajar Bahasa | Streaming | YouTube | Memasak | Penelitian | Hal Baru | Tidur Siang Singkat | Mendengarkan Lagu | Dokumenter | Sahabat Pena | Coding | Tutorial,22,1,0,1,1
2020-02-24,Senin,21,Netral,2,lemah,Berdoa | Jalan Kaki | Meditasi | Mandi | Menonton Serial | Berita Terkini | Makan Enak | Reddit | Streaming | YouTube | Mendengarkan Lagu,11,0,1,1,0
2021-01-11,Senin,21,Positif,3,keren,Membaca | Berpuasa | Meditasi | Mandi | Buku Audio | Menulis | Menonton Serial | Berita Terkini | Makan Enak | Reddit | Belajar Bahasa | Yoga | Streaming | YouTube | Membersihkan Rumah | Penelitian | Keluarga | Tidur Siang Singkat | Perbaikan | Dokumenter | Sahabat Pena | Coding | Tutorial | Cinta,24,0,1,1,1
2018-11-12,Senin,13,Positif,3,keren,Membaca | Meditasi | Menonton Serial | Berita Terkini | Makan Enak | Streaming | YouTube | Sahabat Pena,8,0,1,0,1
2021-03-25,Kamis,0,Netral,2,bertanya-tanya,Membaca | Belajar | Seni | Berdoa | Berpuasa | Jalan Kaki | Meditasi | Mandi | Podcast | Buku Audio | Menulis | Menonton Serial | Makan Enak | Reddit | Belajar Bahasa | Bercukur | Streaming | YouTube | Memasak | Membersihkan Rumah | Penelitian | Hal Baru | Tidur Siang Singkat | Mendengarkan Lagu | Dokumenter | Sahabat Pena | Coding | Tutorial,28,0,1,1,0
2020-08-24,Senin,22,Netral,2,biasa saja,Seni | Menulis Jurnal | Berdoa | Berpuasa | Membaca Quran | Jalan Kaki | Meditasi | Mandi | Dota 2 | Buku Audio | Menulis | Menonton Serial | Berita Terkini | Makan Enak | Reddit | Belajar Bahasa | Streaming | YouTube | Menonton Film | Membersihkan Rumah | Hal Baru | Dokumenter | Coding | Rekaman | Edit Video,25,0,1,1,0
2020-08-05,Rabu,14,Negatif,1,sangat buruk,Membaca | Belajar | Seni | Berdoa | Berpuasa | Membaca Quran | Jalan Kaki | Meditasi | Mandi | Dota 2 | Podcast | Buku Audio | Menulis | Menonton Serial | Berita Terkini | Makan Enak | Reddit | Belajar Bahasa | Streaming | YouTube | Penelitian | Keluarga | Tidur Siang Singkat | Mendengarkan Lagu | Dokumenter | Cinta,26,0,1,1,0
2020-08-29,Sabtu,21,Negatif,1,takut,Belajar | Seni | Berdoa | Berpuasa | Membaca Quran | Jalan Kaki | Meditasi | Mandi | Podcast | Buku Audio | Menonton Serial | Berita Terkini | Makan Enak | Reddit | Belajar Bahasa | Streaming | YouTube | Traveling | Dokumenter | Coding | Rekaman,21,1,1,1,0
2020-12-12,Sabtu,21,Negatif,1,khawatir,Belajar | Seni | Jalan Kaki | Mandi | Dota 2 | Buku Audio | Menulis | Menonton Serial | Berita Terkini | Makan Enak | Reddit | Belajar Bahasa | Streaming | YouTube | Memasak | Penelitian | Hal Baru | Tidur Siang Singkat | Mendengarkan Lagu | Sahabat Pena | Coding | Tutorial,22,1,0,1,0
2019-09-17,Selasa,13,Netral,2,bingung,Seni | Berpuasa | Meditasi | Berita Terkini | Reddit | Desain,6,0,1,0,0
2020-06-20,Sabtu,21,Netral,2,lemah,Membaca | Berdoa | Berpuasa | Membaca Quran | Jalan Kaki | Meditasi | Buku Audio | Berita Terkini | Makan Enak | Reddit | Streaming | YouTube | Keluarga | Tidur Siang Singkat | Mendengarkan Lagu | Desain | Dokumenter | Cinta,18,1,1,1,0
2019-03-01,Jumat,12,Netral,2,bingung,Berdoa | Berita Terkini | Makan Enak | Reddit | Streaming | YouTube | Sahabat Pena,7,0,0,0,0
2020-01-13,Senin,21,Positif,3,bersemangat,Berpuasa | Jalan Kaki | Meditasi | Dota 2 | Buku Audio | Menonton Serial | Berita Terkini | Reddit | Streaming | YouTube,10,0,1,1,1
2020-08-15,Sabtu,19,Netral,2,bingung,Belajar | Berdoa | Membaca Quran | Jalan Kaki | Meditasi | Podcast | Buku Audio | Menonton Serial | Berita Terkini | Reddit | Belajar Bahasa | Streaming | YouTube | Menonton Film | Mendengarkan Lagu | Dokumenter,16,1,1,1,0
2020-02-29,Sabtu,21,Positif,3,bersemangat,Berdoa | Jalan Kaki | Meditasi | Menonton Serial | Berita Terkini | Makan Enak | Reddit | Streaming | YouTube | Tidur Siang Singkat | Mendengarkan Lagu | Sahabat Pena,12,1,1,1,1
2020-08-16,Minggu,18,Negatif,1,sangat sedih,Seni | Berpuasa | Meditasi | Podcast | Buku Audio | Berita Terkini | Makan Enak | Reddit | Belajar Bahasa | YouTube | Cinta,11,1,1,0,0
2020-10-14,Rabu,21,Positif,3,fokus,Belajar | Berpuasa | Jalan Kaki | Meditasi | Mandi | Buku Audio | Menulis | Menonton Serial | Berita Terkini | Makan Enak | Reddit | Belajar Bahasa | Poetry | Streaming | YouTube | Memasak | Membersihkan Rumah | Penelitian | Hal Baru | Tidur Siang Singkat | Surel | Mendengarkan Lagu | Perbaikan | Sahabat Pena | Coding | Tutorial,26,0,1,1,1
2018-07-10,Selasa,19,Positif,3,santai,Mandi | Dota 2 | Makan Enak | Streaming | YouTube | Program Doktor | Pekerjaan,7,0,0,0,1
2020-06-29,Senin,21,Netral,2,bertanya-tanya,Seni | Jalan Kaki | Buku Audio | Berita Terkini | Makan Enak | Reddit | Streaming | YouTube | Mendengarkan Lagu | Cinta,10,0,0,1,0
2018-03-07,Rabu,19,Negatif,1,khawatir,Menonton Serial | Penelitian | Tidur Siang Singkat,3,0,0,0,0
2020-02-28,Jumat,22,Positif,3,bersemangat,Seni | Berdoa | Berpuasa | Jalan Kaki | Meditasi | Dota 2 | Menonton Serial | Berita Terkini | Makan Enak | Reddit | Streaming | YouTube | Tidur Siang Singkat | Desain | Sahabat Pena | Diet Keto,16,0,1,1,1
2019-04-27,Sabtu,13,Netral,2,bertanya-tanya,Berpuasa | Podcast | Berita Terkini | Reddit | Streaming | YouTube | Sahabat Pena | Catatan Berat Badan,8,1,0,0,0
2020-03-04,Rabu,22,Positif,3,sangat bahagia,Berpuasa | Jalan Kaki | Meditasi | Mandi | Dota 2 | Menonton Serial | Berita Terkini | Makan Enak | Reddit | Streaming | YouTube | Tidur Siang Singkat | Surel | Mendengarkan Lagu | Sahabat Pena,15,0,1,1,1
2020-07-13,Senin,23,Netral,2,bingung,Seni | Berdoa | Membaca Quran | Jalan Kaki | Mandi | Dota 2 | Buku Audio | Menulis | Menonton Serial | Berita Terkini | Makan Enak | Reddit | Belajar Bahasa | Streaming | YouTube | Cinta,16,0,0,1,0
2018-07-05,Kamis,19,Positif,3,baik,Meditasi | Mandi | Dota 2 | Makan Enak | Streaming | YouTube | Surel | Catatan Berat Badan,8,0,1,0,1
2020-10-26,Senin,21,Netral,2,lemah,Belajar | Berdoa | Berpuasa | Jalan Kaki | Meditasi | Mandi | Buku Audio | Menulis | Menonton Serial | Berita Terkini | Makan Enak | Reddit | Belajar Bahasa | Streaming | YouTube | Memasak | Penelitian | Hal Baru | Tidur Siang Singkat | Dokumenter | Coding | Tutorial,22,0,1,1,0
2020-05-08,Jumat,10,Positif,3,keren,Membaca | Belajar | Seni | Menulis Jurnal | Berdoa | Berpuasa | Membaca Quran | Jalan Kaki | Meditasi | Mandi | Buku Audio | Menulis | Berita Terkini | Makan Enak | Reddit | Belajar Bahasa | Streaming | YouTube | Menonton Film | Penelitian | Hal Baru | Surel | Mendengarkan Lagu | Desain | Tutorial | Catatan Berat Badan,26,0,1,1,1
2018-03-21,Rabu,11,Positif,3,diberkati,Jalan Kaki | Meditasi | Streaming | YouTube,4,0,1,1,1
2020-10-19,Senin,21,Negatif,1,sangat sedih,Membaca | Belajar | Berdoa | Berpuasa | Membaca Quran | Jalan Kaki | Meditasi | Mandi | Dota 2 | Podcast | Buku Audio | Menulis | Menonton Serial | Berita Terkini | Makan Enak | Reddit | Belajar Bahasa | Streaming | YouTube | Memasak | Penelitian | Hal Baru | Mendengarkan Lagu | Dokumenter | Coding | Tutorial,26,0,1,1,0
2020-06-07,Minggu,21,Negatif,1,khawatir,Membaca | Seni | Menulis Jurnal | Jalan Kaki | Mandi | Podcast | Menulis | Berita Terkini | Makan Enak | Reddit | Belajar Bahasa | Streaming | YouTube | Tidur Siang Singkat | Mendengarkan Lagu | Sahabat Pena,16,1,0,1,0
2018-09-12,Rabu,19,Negatif,1,sakit,Dota 2 | YouTube,2,0,0,0,0
2020-10-04,Minggu,21,Netral,2,bertanya-tanya,Belajar | Seni | Buku Audio | Menonton Serial | Berita Terkini | Makan Enak | Reddit | Belajar Bahasa | Poetry | Streaming | YouTube | Memasak | Membersihkan Rumah | Penelitian | Hal Baru | Tidur Siang Singkat | Mendengarkan Lagu | Dokumenter | Sahabat Pena | Coding | Tutorial | Cinta,22,1,0,0,0
2019-05-01,Rabu,20,Netral,2,bingung,Jalan Kaki | Podcast | Buku Audio | Berita Terkini | Makan Enak | Reddit | Streaming | YouTube | Surel | Desain | Catatan Berat Badan,11,0,0,1,0
2018-12-23,Minggu,19,Negatif,1,sangat sedih,Dota 2 | Streaming | YouTube,3,1,0,0,0
2021-04-13,Selasa,2,Netral,2,bertanya-tanya,Membaca | Belajar | Seni | Berdoa | Berpuasa | Jalan Kaki | Meditasi | Buku Audio | Menulis | Menonton Serial | Berita Terkini | Makan Enak | Reddit | Belajar Bahasa | Bercukur | Streaming | YouTube | Memasak | Penelitian | Hal Baru | Tidur Siang Singkat | Dokumenter | Sahabat Pena | Coding | Tutorial,25,0,1,1,0
2018-09-16,Minggu,10,Netral,2,bertanya-tanya,Berita Terkini | Sahabat Pena,2,1,0,0,0
2020-11-18,Rabu,22,Positif,3,bersemangat,Belajar | Berdoa | Berpuasa | Meditasi | Mandi | Buku Audio | Menulis | Menonton Serial | Berita Terkini | Makan Enak | Reddit | Belajar Bahasa | Streaming | YouTube | Memasak | Membersihkan Rumah | Penelitian | Hal Baru | Tidur Siang Singkat | Dokumenter | Sahabat Pena | Coding | Tutorial | Cinta,24,0,1,0,1
2018-09-13,Kamis,10,Negatif,1,sakit,Buku Audio | Berita Terkini | Tidur Siang Singkat,3,0,0,0,0
2018-02-06,Selasa,20,Negatif,1,sakit,Dota 2 | Streaming | Keluarga,3,0,0,0,0
2020-01-19,Minggu,22,Positif,3,bersemangat,Berpuasa | Jalan Kaki | Meditasi | Dota 2 | Buku Audio | Menonton Serial | Berita Terkini | Streaming | YouTube | Diet Keto,10,1,1,1,1
2018-03-05,Senin,19,Negatif,1,marah,Dota 2 | Streaming | YouTube,3,0,0,0,0
2020-11-24,Selasa,21,Positif,3,santai totalitas,Belajar | Berdoa | Berpuasa | Mandi | Buku Audio | Menulis | Menonton Serial | Berita Terkini | Makan Enak | Reddit | Belajar Bahasa | Streaming | YouTube | Memasak | Penelitian | Hal Baru | Tidur Siang Singkat | Dokumenter | Sahabat Pena | Coding | Tutorial | Cinta,22,0,0,0,1
2020-11-29,Minggu,10,Netral,2,bertanya-tanya,Membaca | Berpuasa | Mandi | Podcast | Buku Audio | Menulis | Menonton Serial | Berita Terkini | Makan Enak | Reddit | Belajar Bahasa | Streaming | YouTube | Menonton Film | Memasak | Penelitian | Hal Baru | Tidur Siang Singkat | Mendengarkan Lagu | Dokumenter | Sahabat Pena | Coding | Tutorial,23,1,0,0,0
2019-12-30,Senin,21,Positif,3,sangat bahagia,Berpuasa | Jalan Kaki | Meditasi | Podcast | Buku Audio | Menonton Serial | Berita Terkini | Makan Enak | Reddit | Streaming | YouTube | Diet Keto,12,0,1,1,1
2018-03-07,Rabu,11,Negatif,1,khawatir,Dota 2,1,0,0,0,0
2020-12-17,Kamis,15,Negatif,1,tersulut emosi,Membaca | Belajar | Seni | Berpuasa | Mandi | Podcast | Buku Audio | Menulis | Menonton Serial | Makan Enak | Reddit | Belajar Bahasa | Streaming | YouTube | Memasak | Traveling | Penelitian | Hal Baru | Tidur Siang Singkat | Desain | Dokumenter | Sahabat Pena | Coding | Tutorial,24,0,0,0,0
2021-01-12,Selasa,21,Positif,3,keren,Belajar | Jalan Kaki | Streaming | YouTube | Memasak | Penelitian | Hal Baru | Dokumenter | Coding,9,0,0,1,1
2018-02-10,Sabtu,14,Negatif,1,tersulut emosi,Dota 2 | Streaming | YouTube,3,1,0,0,0
2018-09-13,Kamis,10,Negatif,1,sakit,Buku Audio | Berita Terkini | Tidur Siang Singkat,3,0,0,0,0
2018-03-05,Senin,10,Negatif,1,tersulut emosi,Dota 2,1,0,0,0,0
2020-03-06,Jumat,21,Positif,3,bersemangat,Berdoa | Berpuasa | Jalan Kaki | Meditasi | Mandi | Buku Audio | Menulis | Menonton Serial | Berita Terkini | Makan Enak | Reddit | Streaming | YouTube | Tidur Siang Singkat | Mendengarkan Lagu | Sahabat Pena,16,0,1,1,1
2018-07-06,Jumat,19,Negatif,1,tersulut emosi,Berpuasa | Dota 2,2,0,0,0,0
2020-08-04,Selasa,19,Negatif,1,buruk,Berdoa | Berpuasa | Olahraga | Membaca Quran | Jalan Kaki | Meditasi | Mandi | Dota 2 | Podcast | Buku Audio | Menulis | Menonton Serial | Berita Terkini | Makan Enak | Reddit | Belajar Bahasa | Streaming | YouTube | Penelitian | Tidur Siang Singkat | Mendengarkan Lagu | Desain | Dokumenter,23,0,1,1,0
2021-01-18,Senin,22,Positif,3,santai totalitas,Membaca | Berdoa | Berpuasa | Meditasi | Mandi | Dota 2 | Podcast | Buku Audio | Menulis | Makan Enak | Streaming | YouTube | Menonton Film | Memasak | Membersihkan Rumah | Penelitian | Tidur Siang Singkat | Dokumenter | Sahabat Pena | Coding | Tutorial,21,0,1,0,1
2018-02-25,Minggu,19,Positif,3,bersemangat,Dota 2 | Streaming | YouTube | Menonton Film,4,1,0,0,1
2019-01-09,Rabu,14,Netral,2,bertanya-tanya,Dota 2 | Podcast | Menonton Serial | Berita Terkini | Makan Enak | Reddit | Streaming | YouTube,8,0,0,0,0
2020-07-19,Minggu,21,Netral,2,bingung,Belajar | Seni | Berdoa | Berpuasa | Membaca Quran | Jalan Kaki | Meditasi | Mandi | Dota 2 | Podcast | Buku Audio | Menulis | Menonton Serial | Berita Terkini | Makan Enak | Reddit | Belajar Bahasa | Streaming | YouTube | Membersihkan Rumah | Tidur Siang Singkat | Mendengarkan Lagu | Desain | Cinta,24,1,1,1,0
2021-04-11,Minggu,0,Netral,2,bertanya-tanya,Membaca | Belajar | Berdoa | Berpuasa | Jalan Kaki | Meditasi | Mandi | Buku Audio | Menulis | Makan Enak | Reddit | Belajar Bahasa | Streaming | YouTube | Memasak | Membersihkan Rumah | Penelitian | Hal Baru | Tidur Siang Singkat | Dokumenter | Sahabat Pena | Coding | Tutorial,23,1,1,1,0
2018-06-14,Kamis,15,Netral,2,bertanya-tanya,Berdoa | Berpuasa | Mandi | Dota 2 | YouTube | Tidur Siang Singkat,6,0,0,0,0
2018-04-06,Jumat,14,Positif,3,diberkati,Berdoa | Dota 2 | Makan Enak | Streaming,4,0,0,0,1
2020-10-07,Rabu,21,Netral,2,bingung,Belajar | Seni | Berdoa | Berpuasa | Membaca Quran | Jalan Kaki | Mandi | Buku Audio | Menonton Serial | Berita Terkini | Makan Enak | Reddit | Belajar Bahasa | Streaming | YouTube | Memasak | Traveling | Membersihkan Rumah | Penelitian | Hal Baru | Tidur Siang Singkat | Dokumenter | Sahabat Pena | Coding | Tutorial,25,0,0,1,0
2018-03-07,Rabu,11,Negatif,1,khawatir,Dota 2,1,0,0,0,0
2021-03-25,Kamis,0,Netral,2,bertanya-tanya,Membaca | Belajar | Seni | Berdoa | Berpuasa | Jalan Kaki | Meditasi | Mandi | Podcast | Buku Audio | Menulis | Menonton Serial | Makan Enak | Reddit | Belajar Bahasa | Bercukur | Streaming | YouTube | Memasak | Membersihkan Rumah | Penelitian | Hal Baru | Tidur Siang Singkat | Mendengarkan Lagu | Dokumenter | Sahabat Pena | Coding | Tutorial,28,0,1,1,0
2020-03-02,Senin,21,Positif,3,bersemangat,Berdoa | Berpuasa | Membaca Quran | Jalan Kaki | Meditasi | Mandi | Dota 2 | Buku Audio | Menonton Serial | Berita Terkini | Makan Enak | Reddit | Streaming | YouTube | Tidur Siang Singkat | Mendengarkan Lagu | Teman | Sahabat Pena | Diet Keto,19,0,1,1,1
2020-08-17,Senin,19,Netral,2,bingung,Berdoa | Berpuasa | Membaca Quran | Jalan Kaki | Meditasi | Mandi | Buku Audio | Menonton Serial | Berita Terkini | Makan Enak | Reddit | Belajar Bahasa | Streaming | YouTube | Tidur Siang Singkat | Dokumenter | Cinta,17,0,1,1,0
2021-03-01,Senin,20,Negatif,1,sangat buruk,Membaca | Belajar | Berpuasa | Meditasi | Buku Audio | Menulis | Menonton Serial | Berita Terkini | Makan Enak | Reddit | Belajar Bahasa | Streaming | YouTube | Memasak | Penelitian | Tidur Siang Singkat | Dokumenter | Coding | Tutorial,19,0,1,0,0
2021-04-12,Senin,21,Negatif,1,marah,Membaca | Belajar | Berpuasa | Jalan Kaki | Meditasi | Mandi | Menulis | Menonton Serial | Makan Enak | Reddit | Belajar Bahasa | Streaming | YouTube | Memasak | Membersihkan Rumah | Penelitian | Hal Baru | Tidur Siang Singkat | Dokumenter | Sahabat Pena | Coding | Tutorial,22,0,1,1,0
2018-12-05,Rabu,19,Negatif,1,takut,Jalan Kaki | Dota 2 | Podcast | Menonton Serial | Berita Terkini | Makan Enak | Streaming | YouTube | Desain,9,0,0,1,0
2020-07-20,Senin,21,Netral,2,bertanya-tanya,Membaca | Belajar | Seni | Menulis Jurnal | Berdoa | Membaca Quran | Jalan Kaki | Meditasi | Mandi | Dota 2 | Podcast | Buku Audio | Menulis | Menonton Serial | Berita Terkini | Makan Enak | Reddit | Belajar Bahasa | Streaming | YouTube | Membersihkan Rumah | Penelitian | Hal Baru | Tidur Siang Singkat | Mendengarkan Lagu | Desain | Dokumenter | Tutorial | Cinta,29,0,1,1,0
2020-09-06,Minggu,21,Positif,3,sangat bahagia,Seni | Berpuasa | Membaca Quran | Jalan Kaki | Meditasi | Buku Audio | Menulis | Menonton Serial | Berita Terkini | Makan Enak | Reddit | Belajar Bahasa | Streaming | YouTube | Memasak | Meditasi Holotropik | Penelitian | Hal Baru | Tidur Siang Singkat | Dokumenter | Sahabat Pena | Coding | Tutorial | Rekaman,24,1,1,1,1
2020-07-17,Jumat,7,Negatif,1,takut,Membaca | Belajar | Seni | Berdoa | Membaca Quran | Jalan Kaki | Meditasi | Mandi | Dota 2 | Podcast | Buku Audio | Menulis | Menonton Serial | Berita Terkini | Makan Enak | Reddit | Belajar Bahasa | Streaming | YouTube | Membersihkan Rumah | Hal Baru | Keluarga | Tidur Siang Singkat | Mendengarkan Lagu | Desain | Dokumenter | Tutorial | Cinta | Rekaman,29,0,1,1,0
2018-05-02,Rabu,20,Negatif,1,sangat sedih,Dota 2 | Streaming | YouTube,3,0,0,0,0
2018-02-14,Rabu,10,Negatif,1,tersulut emosi,Berdoa | YouTube | Catatan Berat Badan,3,0,0,0,0
2019-12-04,Rabu,21,Positif,3,fokus,Berpuasa | Jalan Kaki | Meditasi | Buku Audio | Menonton Serial | Reddit | Streaming | YouTube | Diet Keto,9,0,1,1,1
2018-03-28,Rabu,19,Positif,3,sangat bahagia,Dota 2 | Makan Enak | Streaming | YouTube,4,0,0,0,1
2021-03-05,Jumat,21,Netral,2,bertanya-tanya,Berdoa | Jalan Kaki | Meditasi | Mandi | Buku Audio | Makan Enak | Reddit | Streaming | YouTube | Memasak | Tidur Siang Singkat | Surel | Dokumenter | Coding,14,0,1,1,0
2020-08-04,Selasa,19,Negatif,1,buruk,Berdoa | Berpuasa | Olahraga | Membaca Quran | Jalan Kaki | Meditasi | Mandi | Dota 2 | Podcast | Buku Audio | Menulis | Menonton Serial | Berita Terkini | Makan Enak | Reddit | Belajar Bahasa | Streaming | YouTube | Penelitian | Tidur Siang Singkat | Mendengarkan Lagu | Desain | Dokumenter,23,0,1,1,0
2018-12-13,Kamis,11,Positif,3,diberkati,Meditasi | Dota 2 | Berita Terkini,3,0,1,0,1
2020-12-02,Rabu,2,Netral,2,bertanya-tanya,Membaca | Belajar | Seni | Berdoa | Berpuasa | Jalan Kaki | Meditasi | Mandi | Buku Audio | Menulis | Menonton Serial | Berita Terkini | Makan Enak | Reddit | Belajar Bahasa | Streaming | YouTube | Memasak | Membersihkan Rumah | Penelitian | Hal Baru | Tidur Siang Singkat | Dokumenter | Sahabat Pena | Coding | Tutorial | Cinta,27,0,1,1,0
2020-05-03,Minggu,21,Netral,2,bingung,Berdoa | Berpuasa | Membaca Quran | Jalan Kaki | Meditasi | Buku Audio | Menonton Serial | Berita Terkini | Makan Enak | Reddit | Streaming | YouTube | Tidur Siang Singkat | Mendengarkan Lagu,14,1,1,1,0
2019-12-30,Senin,21,Positif,3,sangat bahagia,Berpuasa | Jalan Kaki | Meditasi | Podcast | Buku Audio | Menonton Serial | Berita Terkini | Makan Enak | Reddit | Streaming | YouTube | Diet Keto,12,0,1,1,1
2020-08-04,Selasa,19,Negatif,1,buruk,Berdoa | Berpuasa | Olahraga | Membaca Quran | Jalan Kaki | Meditasi | Mandi | Dota 2 | Podcast | Buku Audio | Menulis | Menonton Serial | Berita Terkini | Makan Enak | Reddit | Belajar Bahasa | Streaming | YouTube | Penelitian | Tidur Siang Singkat | Mendengarkan Lagu | Desain | Dokumenter,23,0,1,1,0
2021-01-29,Jumat,21,Netral,2,bertanya-tanya,Membaca | Belajar | Berpuasa | Meditasi | Mandi | Menulis | Menonton Serial | Reddit | Belajar Bahasa | Streaming | YouTube | Menonton Film | Memasak | Membersihkan Rumah | Penelitian | Hal Baru | Tidur Siang Singkat | Dokumenter | Sahabat Pena | Pesta | Coding | Tutorial,22,0,1,0,0
2018-02-13,Selasa,18,Negatif,1,marah,Dota 2 | Keluarga | Surel,3,0,0,0,0
2020-10-11,Minggu,23,Netral,2,bingung,Belajar | Berpuasa | Jalan Kaki | Meditasi | Menonton Serial | Berita Terkini | Makan Enak | Reddit | Belajar Bahasa | Streaming | YouTube | Memasak | Membersihkan Rumah | Penelitian | Hal Baru | Tidur Siang Singkat | Sahabat Pena | Coding | Tutorial,19,1,1,1,0
2018-05-03,Kamis,14,Netral,2,bingung,Menonton Serial | Makan Enak | YouTube | Surel,4,0,0,0,0
2020-07-13,Senin,23,Netral,2,bingung,Seni | Berdoa | Membaca Quran | Jalan Kaki | Mandi | Dota 2 | Buku Audio | Menulis | Menonton Serial | Berita Terkini | Makan Enak | Reddit | Belajar Bahasa | Streaming | YouTube | Cinta,16,0,0,1,0
2021-02-06,Sabtu,23,Positif,3,fokus,Membaca | Belajar | Berpuasa | Jalan Kaki | Buku Audio | Menulis | Menonton Serial | Makan Enak | Reddit | Belajar Bahasa | Streaming | YouTube | Memasak | Membersihkan Rumah | Penelitian | Tidur Siang Singkat | Dokumenter | Sahabat Pena | Coding | Tutorial | Cinta,21,1,0,1,1
2020-10-11,Minggu,23,Netral,2,bingung,Belajar | Berpuasa | Jalan Kaki | Meditasi | Menonton Serial | Berita Terkini | Makan Enak | Reddit | Belajar Bahasa | Streaming | YouTube | Memasak | Membersihkan Rumah | Penelitian | Hal Baru | Tidur Siang Singkat | Sahabat Pena | Coding | Tutorial,19,1,1,1,0
2020-02-07,Jumat,21,Netral,2,bingung,Berdoa | Berpuasa | Jalan Kaki | Meditasi | Mandi | Dota 2 | Podcast | Buku Audio | Menonton Serial | Berita Terkini | Makan Enak | Reddit | Streaming | YouTube | Teman | Sahabat Pena | Diet Keto,17,0,1,1,0
2018-06-27,Rabu,19,Netral,2,bingung,Mandi | Streaming | YouTube,3,0,0,0,0
2018-02-16,Jumat,6,Netral,2,bingung,Berdoa | Mandi | Dota 2 | Makan Enak | YouTube | Keluarga,6,0,0,0,0
2020-11-16,Senin,22,Positif,3,fokus,Belajar | Seni | Berdoa | Berpuasa | Jalan Kaki | Meditasi | Mandi | Podcast | Buku Audio | Menonton Serial | Berita Terkini | Makan Enak | Reddit | Belajar Bahasa | Streaming | YouTube | Memasak | Membersihkan Rumah | Penelitian | Hal Baru | Tidur Siang Singkat | Desain | Perbaikan | Dokumenter | Sahabat Pena | Coding | Tutorial | Cinta | Rekaman,29,0,1,1,1
2018-12-23,Minggu,19,Negatif,1,sangat sedih,Dota 2 | Streaming | YouTube,3,1,0,0,0
2020-01-14,Selasa,21,Positif,3,diberkati,Berpuasa | Jalan Kaki | Meditasi | Buku Audio | Menonton Serial | Berita Terkini | Makan Enak | Reddit | Streaming | YouTube | Diet Keto,11,0,1,1,1
2021-03-08,Senin,13,Netral,2,biasa saja,Belajar | Berdoa | Berpuasa | Jalan Kaki | Meditasi | Mandi | Buku Audio | Menulis | Menonton Serial | Makan Enak | Reddit | Belajar Bahasa | Streaming | YouTube | Memasak | Membersihkan Rumah | Penelitian | Tidur Siang Singkat | Dokumenter | Sahabat Pena | Coding | Tutorial,22,0,1,1,0
2018-12-23,Minggu,19,Negatif,1,sangat sedih,Dota 2 | Streaming | YouTube,3,1,0,0,0
2019-09-19,Kamis,14,Netral,2,bingung,Berpuasa | Meditasi | Berita Terkini | Reddit | YouTube | Penelitian,6,0,1,0,0
2020-09-12,Sabtu,20,Positif,3,bersemangat,Belajar | Seni | Berdoa | Berpuasa | Membaca Quran | Jalan Kaki | Meditasi | Podcast | Buku Audio | Menonton Serial | Berita Terkini | Makan Enak | Reddit | Belajar Bahasa | Streaming | YouTube | Penelitian | Mendengarkan Lagu | Sahabat Pena | Coding | Tutorial | Rekaman,22,1,1,1,1
2019-04-27,Sabtu,13,Netral,2,bertanya-tanya,Berpuasa | Podcast | Berita Terkini | Reddit | Streaming | YouTube | Sahabat Pena | Catatan Berat Badan,8,1,0,0,0
2020-12-02,Rabu,2,Netral,2,bertanya-tanya,Membaca | Belajar | Seni | Berdoa | Berpuasa | Jalan Kaki | Meditasi | Mandi | Buku Audio | Menulis | Menonton Serial | Berita Terkini | Makan Enak | Reddit | Belajar Bahasa | Streaming | YouTube | Memasak | Membersihkan Rumah | Penelitian | Hal Baru | Tidur Siang Singkat | Dokumenter | Sahabat Pena | Coding | Tutorial | Cinta,27,0,1,1,0
2018-05-01,Selasa,19,Netral,2,bingung,Menonton Serial | Makan Enak | Streaming | YouTube | Penelitian,5,0,0,0,0
2021-02-18,Kamis,20,Netral,2,lemah,Belajar | Seni | Berdoa | Berpuasa | Meditasi | Mandi | Buku Audio | Menulis | Menonton Serial | Berita Terkini | Makan Enak | Reddit | Belajar Bahasa | Streaming | YouTube | Memasak | Membersihkan Rumah | Penelitian | Hal Baru | Tidur Siang Singkat | Dokumenter | Sahabat Pena | Coding | Tutorial,24,0,1,0,0
2020-09-24,Kamis,21,Negatif,1,tersulut emosi,Belajar | Berdoa | Berpuasa | Membaca Quran | Jalan Kaki | Mandi | Buku Audio | Menulis | Menonton Serial | Berita Terkini | Makan Enak | Reddit | Belajar Bahasa | Streaming | YouTube | Membersihkan Rumah | Penelitian | Hal Baru | Sahabat Pena | Coding | Tutorial,21,0,0,1,0
2020-03-20,Jumat,21,Netral,2,bingung,Jalan Kaki | Meditasi | Dota 2 | Buku Audio | Menonton Serial | Berita Terkini | Makan Enak | Reddit | Streaming | YouTube,10,0,1,1,0
2020-10-20,Selasa,22,Netral,2,bertanya-tanya,Belajar | Berpuasa | Jalan Kaki | Mandi | Buku Audio | Menonton Serial | Berita Terkini | Makan Enak | Reddit | Belajar Bahasa | Yoga | Bercukur | Merapikan Rambut | Poetry | Streaming | YouTube | Memasak | Membersihkan Rumah | Penelitian | Hal Baru | Keluarga | Tidur Siang Singkat | Surel | Dokumenter | Sahabat Pena | Coding | Tutorial,27,0,0,1,0
2018-12-31,Senin,20,Positif,3,diberkati,Berdoa | Jalan Kaki | Meditasi | Mandi | Dota 2 | Podcast | Berita Terkini | Reddit | Streaming | YouTube | Bermain Game | Sahabat Pena,12,0,1,1,1
2018-09-12,Rabu,14,Negatif,1,tersulut emosi,Dota 2,1,0,0,0,0
2020-07-17,Jumat,7,Negatif,1,takut,Membaca | Belajar | Seni | Berdoa | Membaca Quran | Jalan Kaki | Meditasi | Mandi | Dota 2 | Podcast | Buku Audio | Menulis | Menonton Serial | Berita Terkini | Makan Enak | Reddit | Belajar Bahasa | Streaming | YouTube | Membersihkan Rumah | Hal Baru | Keluarga | Tidur Siang Singkat | Mendengarkan Lagu | Desain | Dokumenter | Tutorial | Cinta | Rekaman,29,0,1,1,0
2020-08-15,Sabtu,19,Netral,2,bingung,Belajar | Berdoa | Membaca Quran | Jalan Kaki | Meditasi | Podcast | Buku Audio | Menonton Serial | Berita Terkini | Reddit | Belajar Bahasa | Streaming | YouTube | Menonton Film | Mendengarkan Lagu | Dokumenter,16,1,1,1,0
2020-04-07,Selasa,19,Netral,2,bingung,Seni | Menulis Jurnal | Berdoa | Jalan Kaki | Meditasi | Mandi | Podcast | Buku Audio | Menulis | Menonton Serial | Berita Terkini | Makan Enak | Reddit | Streaming | YouTube | Membersihkan Rumah | Keluarga | Tidur Siang Singkat | Mendengarkan Lagu | Sahabat Pena,20,0,1,1,0
2020-08-06,Kamis,21,Negatif,1,buruk,Seni | Berdoa | Berpuasa | Membaca Quran | Jalan Kaki | Meditasi | Mandi | Dota 2 | Podcast | Buku Audio | Menulis | Berita Terkini | Makan Enak | Reddit | Belajar Bahasa | Bercukur | Streaming | YouTube | Penelitian | Keluarga | Tidur Siang Singkat | Mendengarkan Lagu | Desain | Cinta,24,0,1,1,0
2019-12-15,Minggu,19,Positif,3,sangat bahagia,Berpuasa | Olahraga | Jalan Kaki | Meditasi | Buku Audio | Menonton Serial | Berita Terkini | Makan Enak | Reddit | Streaming | YouTube | Diet Keto | Catatan Berat Badan,13,1,1,1,1
2019-12-03,Selasa,21,Positif,3,keren,Berpuasa | Jalan Kaki | Meditasi | Mandi | Buku Audio | Menonton Serial | Makan Enak | Reddit | Streaming | YouTube | Traveling | Tidur Siang Singkat | Diet Keto | Catatan Berat Badan,14,0,1,1,1
2020-05-16,Sabtu,13,Positif,3,bersemangat,Membaca | Belajar | Seni | Berdoa | Berpuasa | Olahraga | Membaca Quran | Jalan Kaki | Meditasi | Mandi | Menulis | Menonton Serial | Berita Terkini | Makan Enak | Reddit | Belajar Bahasa | Streaming | YouTube | Tidur Siang Singkat | Mendengarkan Lagu,20,1,1,1,1
2020-04-13,Senin,21,Positif,3,bersemangat,Berdoa | Berpuasa | Jalan Kaki | Meditasi | Mandi | Buku Audio | Menonton Serial | Berita Terkini | Makan Enak | Reddit | Streaming | YouTube | Hal Baru | Mendengarkan Lagu | Sahabat Pena,15,0,1,1,1
2020-06-26,Jumat,21,Netral,2,bertanya-tanya,Membaca | Belajar | Seni | Menulis Jurnal | Berdoa | Berpuasa | Membaca Quran | Jalan Kaki | Meditasi | Mandi | Buku Audio | Menulis | Menonton Serial | Berita Terkini | Makan Enak | Reddit | Streaming | YouTube | Penelitian | Keluarga | Tidur Siang Singkat | Mendengarkan Lagu | Sahabat Pena | Pesta | Cinta | Rekaman | Edit Video,27,0,1,1,0
2020-10-18,Minggu,21,Positif,3,fokus,Berpuasa | Olahraga | Membaca Quran | Jalan Kaki | Meditasi | Buku Audio | Menulis | Menonton Serial | Berita Terkini | Makan Enak | Reddit | Belajar Bahasa | Streaming | YouTube | Memasak | Membersihkan Rumah | Penelitian | Tidur Siang Singkat | Surel | Coding | Tutorial,21,1,1,1,1
2020-09-29,Selasa,21,Negatif,1,takut,Seni | Berpuasa | Jalan Kaki | Menonton Serial | Berita Terkini | Makan Enak | Reddit | Streaming | YouTube | Memasak | Penelitian | Hal Baru | Tidur Siang Singkat | Dokumenter | Sahabat Pena | Coding | Tutorial,17,0,0,1,0
2018-04-05,Kamis,14,Negatif,1,sakit,Streaming,1,0,0,0,0
2018-04-20,Jumat,19,Negatif,1,tersulut emosi,Dota 2,1,0,0,0,0
2020-11-12,Kamis,22,Positif,3,fokus,Berpuasa | Buku Audio | Menulis | Menonton Serial | Makan Enak | Reddit | Belajar Bahasa | Yoga | Streaming | YouTube | Memasak | Penelitian | Tidur Siang Singkat | Mendengarkan Lagu | Desain | Perbaikan | Sahabat Pena | Coding | Tutorial | Pekerjaan,20,0,0,1,1
2018-02-05,Senin,19,Netral,2,biasa saja,Berdoa | Menonton Serial,2,0,0,0,0
2018-07-06,Jumat,14,Negatif,1,tersulut emosi,Berdoa | Berpuasa | Meditasi | Mandi | Streaming | YouTube,6,0,1,0,0
2018-02-20,Selasa,10,Netral,2,bingung,Berdoa | Menonton Serial | YouTube | Tidur Siang Singkat,4,0,0,0,0
2020-04-20,Senin,21,Positif,3,santai totalitas,Berdoa | Membaca Quran | Meditasi | Mandi | Buku Audio | Menonton Serial | Berita Terkini | Makan Enak | Reddit | Streaming | YouTube | Tidur Siang Singkat | Mendengarkan Lagu | Sahabat Pena,14,0,1,0,1
2020-10-11,Minggu,23,Netral,2,bingung,Belajar | Berpuasa | Jalan Kaki | Meditasi | Menonton Serial | Berita Terkini | Makan Enak | Reddit | Belajar Bahasa | Streaming | YouTube | Memasak | Membersihkan Rumah | Penelitian | Hal Baru | Tidur Siang Singkat | Sahabat Pena | Coding | Tutorial,19,1,1,1,0
2020-08-07,Jumat,7,Negatif,1,marah,Membaca | Belajar | Seni | Berdoa | Berpuasa | Membaca Quran | Jalan Kaki | Meditasi | Mandi | Dota 2 | Podcast | Buku Audio | Menulis | Menonton Serial | Berita Terkini | Makan Enak | Reddit | Belajar Bahasa | Streaming | YouTube | Menonton Film | Bermain Game | Hal Baru | Keluarga | Tidur Siang Singkat | Mendengarkan Lagu | Desain | Dokumenter | Cinta | Rekaman,30,0,1,1,0
2018-04-03,Selasa,14,Negatif,1,sakit,Makan Enak | Streaming | Traveling,3,0,0,0,0
2020-08-15,Sabtu,21,Negatif,1,buruk,Seni | Jalan Kaki | Podcast | Buku Audio | Menonton Serial | Reddit | Belajar Bahasa | Streaming | YouTube,9,1,0,1,0
2018-03-26,Senin,8,Negatif,1,khawatir,Streaming,1,0,0,0,0
2020-05-08,Jumat,10,Positif,3,keren,Membaca | Belajar | Seni | Menulis Jurnal | Berdoa | Berpuasa | Membaca Quran | Jalan Kaki | Meditasi | Mandi | Buku Audio | Menulis | Berita Terkini | Makan Enak | Reddit | Belajar Bahasa | Streaming | YouTube | Menonton Film | Penelitian | Hal Baru | Surel | Mendengarkan Lagu | Desain | Tutorial | Catatan Berat Badan,26,0,1,1,1
2021-04-16,Jumat,20,Positif,3,santai totalitas,Membaca | Seni | Berdoa | Berpuasa | Jalan Kaki | Meditasi | Mandi | Menulis | Menonton Serial | Makan Enak | Reddit | Belajar Bahasa | Streaming | YouTube | Memasak | Traveling | Membersihkan Rumah | Hal Baru | Tidur Siang Singkat | Dokumenter | Sahabat Pena | Coding,22,0,1,1,1
2018-02-06,Selasa,20,Negatif,1,sakit,Dota 2 | Streaming | Keluarga,3,0,0,0,0
2020-12-11,Jumat,21,Negatif,1,sangat sedih,Belajar | Jalan Kaki | Buku Audio | Menulis | Menonton Serial | Streaming | YouTube | Membersihkan Rumah | Penelitian | Hal Baru | Sahabat Pena | Coding | Tutorial | Cinta,14,0,0,1,0
2018-11-25,Minggu,18,Netral,2,bingung,Meditasi | Dota 2 | Podcast | Buku Audio | Menonton Serial | Berita Terkini | Makan Enak | YouTube | Bermain Game | Surel | Sahabat Pena | Catatan Berat Badan,12,1,1,0,0
2018-04-23,Senin,10,Netral,2,bingung,Tidur Siang Singkat,1,0,0,0,0
2020-05-17,Minggu,21,Positif,3,bersemangat,Membaca | Belajar | Seni | Berdoa | Berpuasa | Membaca Quran | Jalan Kaki | Meditasi | Mandi | Podcast | Buku Audio | Menulis | Menonton Serial | Berita Terkini | Makan Enak | Reddit | Belajar Bahasa | Streaming | YouTube | Penelitian | Hal Baru | Tidur Siang Singkat | Surel | Mendengarkan Lagu,24,1,1,1,1
2018-03-27,Selasa,18,Positif,3,santai,Menulis Jurnal | Mandi | Dota 2 | Buku Audio | Makan Enak | Streaming | YouTube | Keluarga | Pekerjaan,9,0,0,0,1
2021-03-05,Jumat,21,Netral,2,bertanya-tanya,Berdoa | Jalan Kaki | Meditasi | Mandi | Buku Audio | Makan Enak | Reddit | Streaming | YouTube | Memasak | Tidur Siang Singkat | Surel | Dokumenter | Coding,14,0,1,1,0
2020-10-02,Jumat,21,Netral,2,lemah,Belajar | Seni | Berdoa | Berpuasa | Membaca Quran | Jalan Kaki | Mandi | Buku Audio | Menulis | Menonton Serial | Berita Terkini | Makan Enak | Reddit | Belajar Bahasa | Streaming | YouTube | Memasak | Membersihkan Rumah | Penelitian | Hal Baru | Tidur Siang Singkat | Perbaikan | Sahabat Pena | Coding | Tutorial,25,0,0,1,0
2018-02-05,Senin,19,Netral,2,biasa saja,Berdoa | Menonton Serial,2,0,0,0,0
2018-07-06,Jumat,14,Negatif,1,tersulut emosi,Berdoa | Berpuasa | Meditasi | Mandi | Streaming | YouTube,6,0,1,0,0
2020-01-29,Rabu,21,Positif,3,bersemangat,Berpuasa | Jalan Kaki | Meditasi | Dota 2 | Podcast | Buku Audio | Menonton Serial | Berita Terkini | Makan Enak | Reddit | Streaming | YouTube | Diet Keto | Catatan Berat Badan,14,0,1,1,1
2020-09-24,Kamis,21,Negatif,1,tersulut emosi,Belajar | Berdoa | Berpuasa | Membaca Quran | Jalan Kaki | Mandi | Buku Audio | Menulis | Menonton Serial | Berita Terkini | Makan Enak | Reddit | Belajar Bahasa | Streaming | YouTube | Membersihkan Rumah | Penelitian | Hal Baru | Sahabat Pena | Coding | Tutorial,21,0,0,1,0
2018-03-01,Kamis,12,Netral,2,biasa saja,Dota 2 | Makan Enak | Streaming | YouTube | Tidur Siang Singkat,5,0,0,0,0
2020-12-29,Selasa,12,Positif,3,fokus,Membaca | Belajar | Berdoa | Berpuasa | Meditasi | Mandi | Buku Audio | Menulis | Menonton Serial | Berita Terkini | Makan Enak | Reddit | Belajar Bahasa | Streaming | YouTube | Memasak | Membersihkan Rumah | Penelitian | Hal Baru | Tidur Siang Singkat | Mendengarkan Lagu | Perbaikan | Dokumenter | Sahabat Pena | Coding | Tutorial | Cinta,27,0,1,0,1
2018-04-03,Selasa,14,Negatif,1,sakit,Makan Enak | Streaming | Traveling,3,0,0,0,0
2019-04-27,Sabtu,13,Netral,2,bertanya-tanya,Berpuasa | Podcast | Berita Terkini | Reddit | Streaming | YouTube | Sahabat Pena | Catatan Berat Badan,8,1,0,0,0
2018-11-10,Sabtu,13,Positif,3,santai totalitas,Membaca | Menulis Jurnal | Meditasi | Menonton Serial | Makan Enak | Streaming | YouTube | Menonton Film | Surel | Sahabat Pena,10,1,1,0,1
2018-11-05,Senin,10,Netral,2,bertanya-tanya,Membaca | Meditasi | Buku Audio | Berita Terkini | YouTube | Hal Baru | Sahabat Pena | Catatan Berat Badan,8,0,1,0,0
2021-04-11,Minggu,0,Netral,2,bertanya-tanya,Membaca | Belajar | Berdoa | Berpuasa | Jalan Kaki | Meditasi | Mandi | Buku Audio | Menulis | Makan Enak | Reddit | Belajar Bahasa | Streaming | YouTube | Memasak | Membersihkan Rumah | Penelitian | Hal Baru | Tidur Siang Singkat | Dokumenter | Sahabat Pena | Coding | Tutorial,23,1,1,1,0
2020-10-30,Jumat,21,Positif,3,santai totalitas,Belajar | Berdoa | Berpuasa | Olahraga | Jalan Kaki | Meditasi | Mandi | Dota 2 | Buku Audio | Menulis | Menonton Serial | Berita Terkini | Makan Enak | Reddit | Belajar Bahasa | Streaming | YouTube | Membersihkan Rumah | Penelitian | Tidur Siang Singkat | Desain | Dokumenter | Coding | Tutorial | Cinta,25,0,1,1,1
2020-07-02,Kamis,22,Positif,3,diberkati,Membaca | Belajar | Berdoa | Membaca Quran | Jalan Kaki | Meditasi | Mandi | Podcast | Buku Audio | Menulis | Menonton Serial | Berita Terkini | Makan Enak | Reddit | Belajar Bahasa | Streaming | YouTube | Penelitian | Keluarga | Tidur Siang Singkat | Mendengarkan Lagu | Dokumenter | Sahabat Pena,23,0,1,1,1
2021-02-18,Kamis,20,Netral,2,lemah,Belajar | Seni | Berdoa | Berpuasa | Meditasi | Mandi | Buku Audio | Menulis | Menonton Serial | Berita Terkini | Makan Enak | Reddit | Belajar Bahasa | Streaming | YouTube | Memasak | Membersihkan Rumah | Penelitian | Hal Baru | Tidur Siang Singkat | Dokumenter | Sahabat Pena | Coding | Tutorial,24,0,1,0,0
2019-11-18,Senin,22,Netral,2,biasa saja,Berdoa | Berpuasa | Jalan Kaki | Meditasi | Mandi | Buku Audio | Menulis | Berita Terkini | Makan Enak | Reddit | Streaming | YouTube | Tidur Siang Singkat | Mendengarkan Lagu | Diet Keto | Catatan Berat Badan,16,0,1,1,0
2018-03-29,Kamis,19,Positif,3,diberkati,Berdoa | Mandi | Streaming,3,0,0,0,1
2020-04-14,Selasa,21,Positif,3,bersemangat,Seni | Berdoa | Jalan Kaki | Meditasi | Buku Audio | Menonton Serial | Berita Terkini | Makan Enak | Reddit | Streaming | YouTube | Hal Baru | Tidur Siang Singkat | Mendengarkan Lagu | Sahabat Pena,15,0,1,1,1
2018-11-25,Minggu,18,Netral,2,bingung,Meditasi | Dota 2 | Podcast | Buku Audio | Menonton Serial | Berita Terkini | Makan Enak | YouTube | Bermain Game | Surel | Sahabat Pena | Catatan Berat Badan,12,1,1,0,0
2020-08-14,Jumat,19,Netral,2,biasa saja,Berdoa | Berpuasa | Membaca Quran | Jalan Kaki | Meditasi | Mandi | Dota 2 | Podcast | Menonton Serial | Berita Terkini | Makan Enak | Reddit | Belajar Bahasa | Bercukur | Merapikan Rambut | Streaming | YouTube | Traveling | Keluarga,19,0,1,1,0
2020-02-10,Senin,21,Positif,3,sangat bahagia,Jalan Kaki | Meditasi | Dota 2 | Menonton Serial | Berita Terkini | Makan Enak | Reddit | Streaming | YouTube | Tidur Siang Singkat | Mendengarkan Lagu | Sahabat Pena | Diet Keto,13,0,1,1,1
2018-06-13,Rabu,14,Netral,2,bingung,Surel | Pekerjaan,2,0,0,0,0
2020-04-08,Rabu,19,Positif,3,bersemangat,Berdoa | Berpuasa | Olahraga | Membaca Quran | Jalan Kaki | Meditasi | Mandi | Podcast | Buku Audio | Menulis | Menonton Serial | Berita Terkini | Makan Enak | Reddit | Streaming | YouTube | Keluarga | Tidur Siang Singkat | Mendengarkan Lagu | Sahabat Pena,20,0,1,1,1
2020-01-22,Rabu,21,Netral,2,bertanya-tanya,Jalan Kaki | Meditasi | Dota 2 | Buku Audio | Menonton Serial | Berita Terkini | Makan Enak | Reddit | Streaming | YouTube | Tidur Siang Singkat,11,0,1,1,0
2018-03-05,Senin,19,Negatif,1,marah,Dota 2 | Streaming | YouTube,3,0,0,0,0
2020-09-24,Kamis,21,Negatif,1,tersulut emosi,Belajar | Berdoa | Berpuasa | Membaca Quran | Jalan Kaki | Mandi | Buku Audio | Menulis | Menonton Serial | Berita Terkini | Makan Enak | Reddit | Belajar Bahasa | Streaming | YouTube | Membersihkan Rumah | Penelitian | Hal Baru | Sahabat Pena | Coding | Tutorial,21,0,0,1,0
2020-02-07,Jumat,21,Netral,2,bingung,Berdoa | Berpuasa | Jalan Kaki | Meditasi | Mandi | Dota 2 | Podcast | Buku Audio | Menonton Serial | Berita Terkini | Makan Enak | Reddit | Streaming | YouTube | Teman | Sahabat Pena | Diet Keto,17,0,1,1,0
2021-01-29,Jumat,21,Netral,2,bertanya-tanya,Membaca | Belajar | Berpuasa | Meditasi | Mandi | Menulis | Menonton Serial | Reddit | Belajar Bahasa | Streaming | YouTube | Menonton Film | Memasak | Membersihkan Rumah | Penelitian | Hal Baru | Tidur Siang Singkat | Dokumenter | Sahabat Pena | Pesta | Coding | Tutorial,22,0,1,0,0
2020-12-08,Selasa,22,Negatif,1,khawatir,Membaca | Berdoa | Berpuasa | Jalan Kaki | Buku Audio | Menulis | Menonton Serial | Makan Enak | Reddit | Belajar Bahasa | Streaming | YouTube | Memasak | Traveling | Penelitian | Hal Baru | Sahabat Pena | Coding | Tutorial,19,0,0,1,0
2018-12-27,Kamis,11,Positif,3,santai totalitas,Membaca | Jalan Kaki | Meditasi | Dota 2 | Podcast | Berita Terkini | Makan Enak | Streaming | YouTube | Bermain Game | Mendengarkan Lagu,11,0,1,1,1
2018-02-16,Jumat,6,Netral,2,bingung,Berdoa | Mandi | Dota 2 | Makan Enak | YouTube | Keluarga,6,0,0,0,0
2020-04-07,Selasa,19,Netral,2,bingung,Seni | Menulis Jurnal | Berdoa | Jalan Kaki | Meditasi | Mandi | Podcast | Buku Audio | Menulis | Menonton Serial | Berita Terkini | Makan Enak | Reddit | Streaming | YouTube | Membersihkan Rumah | Keluarga | Tidur Siang Singkat | Mendengarkan Lagu | Sahabat Pena,20,0,1,1,0
2019-09-17,Selasa,13,Netral,2,bingung,Seni | Berpuasa | Meditasi | Berita Terkini | Reddit | Desain,6,0,1,0,0
2019-12-22,Minggu,21,Positif,3,keren,Berpuasa | Jalan Kaki | Meditasi | Buku Audio | Menonton Serial | Berita Terkini | Makan Enak | Reddit | Streaming | YouTube | Penelitian | Diet Keto,12,1,1,1,1
2020-02-23,Minggu,21,Positif,3,bersemangat,Berdoa | Berpuasa | Jalan Kaki | Meditasi | Mandi | Dota 2 | Podcast | Menonton Serial | Berita Terkini | Makan Enak | Reddit | Streaming | YouTube | Tidur Siang Singkat | Sahabat Pena | Diet Keto | Catatan Berat Badan,17,1,1,1,1
2020-08-16,Minggu,18,Negatif,1,sangat sedih,Seni | Berpuasa | Meditasi | Podcast | Buku Audio | Berita Terkini | Makan Enak | Reddit | Belajar Bahasa | YouTube | Cinta,11,1,1,0,0
2019-11-29,Jumat,21,Positif,3,diberkati,Berpuasa | Jalan Kaki | Meditasi | Mandi | Buku Audio | Menonton Serial | Berita Terkini | Reddit | Streaming | YouTube | Diet Keto,11,0,1,1,1
2018-03-01,Kamis,20,Negatif,1,khawatir,Dota 2 | Streaming | YouTube,3,0,0,0,0
2021-03-26,Jumat,21,Positif,3,hari paling bahagia,Membaca | Belajar | Seni | Berdoa | Berpuasa | Jalan Kaki | Meditasi | Mandi | Buku Audio | Menulis | Menonton Serial | Makan Enak | Reddit | Belajar Bahasa | Streaming | YouTube | Memasak | Membersihkan Rumah | Penelitian | Hal Baru | Tidur Siang Singkat | Perbaikan | Dokumenter | Sahabat Pena | Coding | Tutorial,26,0,1,1,1
2020-11-29,Minggu,10,Netral,2,bertanya-tanya,Membaca | Berpuasa | Mandi | Podcast | Buku Audio | Menulis | Menonton Serial | Berita Terkini | Makan Enak | Reddit | Belajar Bahasa | Streaming | YouTube | Menonton Film | Memasak | Penelitian | Hal Baru | Tidur Siang Singkat | Mendengarkan Lagu | Dokumenter | Sahabat Pena | Coding | Tutorial,23,1,0,0,0
2018-02-06,Selasa,20,Negatif,1,sakit,Dota 2 | Streaming | Keluarga,3,0,0,0,0
2020-08-24,Senin,22,Netral,2,biasa saja,Seni | Menulis Jurnal | Berdoa | Berpuasa | Membaca Quran | Jalan Kaki | Meditasi | Mandi | Dota 2 | Buku Audio | Menulis | Menonton Serial | Berita Terkini | Makan Enak | Reddit | Belajar Bahasa | Streaming | YouTube | Menonton Film | Membersihkan Rumah | Hal Baru | Dokumenter | Coding | Rekaman | Edit Video,25,0,1,1,0
2018-03-07,Rabu,11,Negatif,1,khawatir,Dota 2,1,0,0,0,0
2020-07-17,Jumat,7,Negatif,1,takut,Membaca | Belajar | Seni | Berdoa | Membaca Quran | Jalan Kaki | Meditasi | Mandi | Dota 2 | Podcast | Buku Audio | Menulis | Menonton Serial | Berita Terkini | Makan Enak | Reddit | Belajar Bahasa | Streaming | YouTube | Membersihkan Rumah | Hal Baru | Keluarga | Tidur Siang Singkat | Mendengarkan Lagu | Desain | Dokumenter | Tutorial | Cinta | Rekaman,29,0,1,1,0
2021-04-13,Selasa,2,Netral,2,bertanya-tanya,Membaca | Belajar | Seni | Berdoa | Berpuasa | Jalan Kaki | Meditasi | Buku Audio | Menulis | Menonton Serial | Berita Terkini | Makan Enak | Reddit | Belajar Bahasa | Bercukur | Streaming | YouTube | Memasak | Penelitian | Hal Baru | Tidur Siang Singkat | Dokumenter | Sahabat Pena | Coding | Tutorial,25,0,1,1,0
2018-06-26,Selasa,14,Positif,3,bersemangat,Membaca | Menulis Jurnal | Berdoa | Mandi | Buku Audio | Menonton Serial | Hal Baru | Surel | Catatan Berat Badan,9,0,0,0,1
2018-02-14,Rabu,13,Negatif,1,marah,Dota 2 | YouTube | Bermain Game,3,0,0,0,0
2019-01-05,Sabtu,10,Netral,2,bingung,Berita Terkini,1,1,0,0,0
2019-09-20,Jumat,14,Netral,2,bingung,Berdoa | Berpuasa | Mandi | Buku Audio | Berita Terkini | Reddit | Catatan Berat Badan,7,0,0,0,0
2018-02-14,Rabu,14,Negatif,1,marah,Dota 2 | YouTube | Bermain Game | Penelitian,4,0,0,0,0
2021-03-16,Selasa,21,Netral,2,lemah,Membaca | Belajar | Seni | Berdoa | Jalan Kaki | Meditasi | Mandi | Menulis | Menonton Serial | Berita Terkini | Makan Enak | Reddit | Belajar Bahasa | Bercukur | Streaming | YouTube | Memasak | Penelitian | Hal Baru | Tidur Siang Singkat | Dokumenter | Sahabat Pena | Coding | Tutorial,24,0,1,1,0
2020-12-12,Sabtu,21,Negatif,1,khawatir,Belajar | Seni | Jalan Kaki | Mandi | Dota 2 | Buku Audio | Menulis | Menonton Serial | Berita Terkini | Makan Enak | Reddit | Belajar Bahasa | Streaming | YouTube | Memasak | Penelitian | Hal Baru | Tidur Siang Singkat | Mendengarkan Lagu | Sahabat Pena | Coding | Tutorial,22,1,0,1,0
2021-02-11,Kamis,21,Positif,3,keren,Membaca | Belajar | Berpuasa | Jalan Kaki | Buku Audio | Menonton Serial | Makan Enak | Belajar Bahasa | Streaming | YouTube | Memasak | Membersihkan Rumah | Penelitian | Hal Baru | Tidur Siang Singkat | Dokumenter | Sahabat Pena | Coding | Tutorial | Cinta,20,0,0,1,1
2018-02-12,Senin,19,Negatif,1,tersulut emosi,Dota 2 | Streaming | YouTube | Hal Baru | Keluarga | Surel | Mendengarkan Lagu,7,0,0,0,0
2020-09-24,Kamis,21,Negatif,1,tersulut emosi,Belajar | Berdoa | Berpuasa | Membaca Quran | Jalan Kaki | Mandi | Buku Audio | Menulis | Menonton Serial | Berita Terkini | Makan Enak | Reddit | Belajar Bahasa | Streaming | YouTube | Membersihkan Rumah | Penelitian | Hal Baru | Sahabat Pena | Coding | Tutorial,21,0,0,1,0
2019-12-22,Minggu,21,Positif,3,keren,Berpuasa | Jalan Kaki | Meditasi | Buku Audio | Menonton Serial | Berita Terkini | Makan Enak | Reddit | Streaming | YouTube | Penelitian | Diet Keto,12,1,1,1,1
2019-11-18,Senin,22,Netral,2,biasa saja,Berdoa | Berpuasa | Jalan Kaki | Meditasi | Mandi | Buku Audio | Menulis | Berita Terkini | Makan Enak | Reddit | Streaming | YouTube | Tidur Siang Singkat | Mendengarkan Lagu | Diet Keto | Catatan Berat Badan,16,0,1,1,0
2018-11-25,Minggu,18,Netral,2,bingung,Meditasi | Dota 2 | Podcast | Buku Audio | Menonton Serial | Berita Terkini | Makan Enak | YouTube | Bermain Game | Surel | Sahabat Pena | Catatan Berat Badan,12,1,1,0,0
2020-02-22,Sabtu,15,Positif,3,keren,Berdoa | Berpuasa | Jalan Kaki | Meditasi | Mandi | Podcast | Buku Audio | Menonton Serial | Berita Terkini | Makan Enak | Reddit | Streaming | YouTube | Tidur Siang Singkat | Mendengarkan Lagu | Sahabat Pena | Diet Keto,17,1,1,1,1
2018-11-16,Jumat,12,Netral,2,bertanya-tanya,Meditasi | Podcast | Buku Audio | Berita Terkini | Makan Enak | Streaming | Bermain Game,7,0,1,0,0
2020-08-25,Selasa,22,Negatif,1,sangat buruk,Seni | Berpuasa | Olahraga | Meditasi | Buku Audio | Menulis | Menonton Serial | Reddit | Belajar Bahasa | Streaming | YouTube | Tidur Siang Singkat | Dokumenter | Coding | Rekaman,15,0,1,1,0
2018-06-09,Sabtu,13,Positif,3,diberkati,Meditasi | Mandi | Dota 2 | Streaming,4,1,1,0,1
2020-05-16,Sabtu,13,Positif,3,bersemangat,Membaca | Belajar | Seni | Berdoa | Berpuasa | Olahraga | Membaca Quran | Jalan Kaki | Meditasi | Mandi | Menulis | Menonton Serial | Berita Terkini | Makan Enak | Reddit | Belajar Bahasa | Streaming | YouTube | Tidur Siang Singkat | Mendengarkan Lagu,20,1,1,1,1
2020-10-26,Senin,21,Netral,2,lemah,Belajar | Berdoa | Berpuasa | Jalan Kaki | Meditasi | Mandi | Buku Audio | Menulis | Menonton Serial | Berita Terkini | Makan Enak | Reddit | Belajar Bahasa | Streaming | YouTube | Memasak | Penelitian | Hal Baru | Tidur Siang Singkat | Dokumenter | Coding | Tutorial,22,0,1,1,0
2021-01-11,Senin,21,Positif,3,keren,Membaca | Berpuasa | Meditasi | Mandi | Buku Audio | Menulis | Menonton Serial | Berita Terkini | Makan Enak | Reddit | Belajar Bahasa | Yoga | Streaming | YouTube | Membersihkan Rumah | Penelitian | Keluarga | Tidur Siang Singkat | Perbaikan | Dokumenter | Sahabat Pena | Coding | Tutorial | Cinta,24,0,1,1,1
2019-12-24,Selasa,18,Positif,3,santai totalitas,Berpuasa | Jalan Kaki | Meditasi | Mandi | Buku Audio | Menonton Serial | Berita Terkini | Makan Enak | Reddit | Streaming | YouTube | Diet Keto | Catatan Berat Badan,13,0,1,1,1
2020-10-11,Minggu,23,Netral,2,bingung,Belajar | Berpuasa | Jalan Kaki | Meditasi | Menonton Serial | Berita Terkini | Makan Enak | Reddit | Belajar Bahasa | Streaming | YouTube | Memasak | Membersihkan Rumah | Penelitian | Hal Baru | Tidur Siang Singkat | Sahabat Pena | Coding | Tutorial,19,1,1,1,0
2020-08-27,Kamis,21,Netral,2,biasa saja,Seni | Berdoa | Olahraga | Membaca Quran | Jalan Kaki | Meditasi | Mandi | Buku Audio | Menulis | Menonton Serial | Berita Terkini | Makan Enak | Reddit | Belajar Bahasa | Bercukur | Poetry | Streaming | YouTube | Memasak | Membersihkan Rumah | Hal Baru | Tidur Siang Singkat | Mendengarkan Lagu | Dokumenter | Sahabat Pena | Coding | Rekaman,27,0,1,1,0
2020-01-31,Jumat,21,Positif,3,santai totalitas,Berdoa | Berpuasa | Jalan Kaki | Meditasi | Mandi | Dota 2 | Buku Audio | Menonton Serial | Berita Terkini | Makan Enak | Reddit | Streaming | YouTube,13,0,1,1,1
2018-03-19,Senin,19,Positif,3,keren,Dota 2,1,0,0,0,1
2020-09-14,Senin,22,Netral,2,lemah,Seni | Berdoa | Berpuasa | Membaca Quran | Jalan Kaki | Meditasi | Mandi | Buku Audio | Menulis | Menonton Serial | Makan Enak | Reddit | Belajar Bahasa | Streaming | YouTube | Memasak | Penelitian | Hal Baru | Sahabat Pena | Coding | Tutorial | Rekaman,22,0,1,1,0
2018-02-25,Minggu,19,Positif,3,bersemangat,Dota 2 | Streaming | YouTube | Menonton Film,4,1,0,0,1
2020-03-03,Selasa,22,Positif,3,keren,Berdoa | Berpuasa | Jalan Kaki | Meditasi | Mandi | Dota 2 | Menonton Serial | Berita Terkini | Makan Enak | Reddit | Streaming | YouTube | Keluarga | Tidur Siang Singkat | Mendengarkan Lagu | Sahabat Pena | Catatan Berat Badan,17,0,1,1,1
2018-12-15,Sabtu,12,Positif,3,diberkati,Membaca | Meditasi | Sahabat Pena,3,1,1,0,1
2020-09-19,Sabtu,21,Netral,2,bertanya-tanya,Belajar | Berdoa | Berpuasa | Membaca Quran | Jalan Kaki | Meditasi | Mandi | Menonton Serial | Berita Terkini | Makan Enak | Reddit | Belajar Bahasa | Streaming | YouTube | Memasak | Membersihkan Rumah | Penelitian | Hal Baru | Mendengarkan Lagu | Dokumenter | Sahabat Pena | Coding | Tutorial,23,1,1,1,0
2020-04-05,Minggu,21,Positif,3,sangat bahagia,Seni | Berpuasa | Jalan Kaki | Meditasi | Buku Audio | Menulis | Menonton Serial | Berita Terkini | Makan Enak | Reddit | Streaming | YouTube | Membersihkan Rumah | Tidur Siang Singkat | Mendengarkan Lagu | Sahabat Pena,16,1,1,1,1
2020-05-06,Rabu,21,Positif,3,bersemangat,Belajar | Seni | Menulis Jurnal | Berdoa | Berpuasa | Membaca Quran | Jalan Kaki | Meditasi | Mandi | Buku Audio | Berita Terkini | Makan Enak | Reddit | Streaming | YouTube | Tidur Siang Singkat | Mendengarkan Lagu,17,0,1,1,1
2020-08-17,Senin,19,Netral,2,bingung,Berdoa | Berpuasa | Membaca Quran | Jalan Kaki | Meditasi | Mandi | Buku Audio | Menonton Serial | Berita Terkini | Makan Enak | Reddit | Belajar Bahasa | Streaming | YouTube | Tidur Siang Singkat | Dokumenter | Cinta,17,0,1,1,0
2018-11-08,Kamis,12,Positif,3,diberkati,Membaca | Meditasi | Berita Terkini | Makan Enak,4,0,1,0,1
2018-04-20,Jumat,19,Negatif,1,tersulut emosi,Dota 2,1,0,0,0,0
2020-06-28,Minggu,21,Netral,2,bingung,Menulis Jurnal | Berdoa | Membaca Quran | Jalan Kaki | Meditasi | Mandi | Dota 2 | Buku Audio | Menulis | Menonton Serial | Berita Terkini | Makan Enak | Reddit | Belajar Bahasa | Streaming | YouTube | Mendengarkan Lagu | Cinta,18,1,1,1,0
2021-03-20,Sabtu,3,Positif,3,santai totalitas,Membaca | Belajar | Berdoa | Berpuasa | Jalan Kaki | Meditasi | Mandi | Menulis | Menonton Serial | Makan Enak | Reddit | Belajar Bahasa | Bercukur | Streaming | YouTube | Memasak | Traveling | Tidur Siang Singkat | Mendengarkan Lagu | Dokumenter | Sahabat Pena | Coding | Tutorial,23,1,1,1,1
2018-05-27,Minggu,19,Positif,3,diberkati,Berdoa | Berpuasa | Dota 2 | Podcast | Streaming | YouTube | Surel | Pekerjaan,8,1,0,0,1
2019-11-22,Jumat,21,Netral,2,bertanya-tanya,Berdoa | Berpuasa | Jalan Kaki | Meditasi | Mandi | Buku Audio | Menonton Serial | Berita Terkini | Reddit | YouTube | Diet Keto | Catatan Berat Badan,12,0,1,1,0
2021-02-20,Sabtu,20,Netral,2,bertanya-tanya,Membaca | Berdoa | Berpuasa | Jalan Kaki | Meditasi | Mandi | Buku Audio | Menulis | Menonton Serial | Makan Enak | Reddit | Belajar Bahasa | Streaming | YouTube | Memasak | Penelitian | Hal Baru | Tidur Siang Singkat | Desain | Dokumenter | Sahabat Pena | Coding | Tutorial,23,1,1,1,0
2020-08-12,Rabu,20,Netral,2,lemah,Seni | Berdoa | Berpuasa | Membaca Quran | Jalan Kaki | Meditasi | Mandi | Podcast | Buku Audio | Menulis | Menonton Serial | Berita Terkini | Makan Enak | Reddit | Belajar Bahasa | Streaming | YouTube | Penelitian | Hal Baru | Tidur Siang Singkat | Mendengarkan Lagu | Dokumenter | Tutorial | Cinta,24,0,1,1,0
2018-05-01,Selasa,14,Negatif,1,khawatir,Membaca | Menulis Jurnal | YouTube | Penelitian,4,0,0,0,0
2020-08-15,Sabtu,17,Negatif,1,marah,Belajar | Jalan Kaki | Mandi | Buku Audio | Menulis | Menonton Serial | Berita Terkini | Reddit | Belajar Bahasa | YouTube | Tidur Siang Singkat | Dokumenter | Coding | Tutorial,14,1,0,1,0
2020-09-10,Kamis,20,Positif,3,bersemangat,Membaca | Belajar | Seni | Berdoa | Berpuasa | Membaca Quran | Jalan Kaki | Meditasi | Mandi | Buku Audio | Menulis | Menonton Serial | Berita Terkini | Makan Enak | Reddit | Belajar Bahasa | Yoga | Bercukur | Merapikan Rambut | Poetry | Streaming | YouTube | Memasak | Meditasi Holotropik | Membersihkan Rumah | Penelitian | Hal Baru | Mendengarkan Lagu | Dokumenter | Sahabat Pena | Coding | Tutorial | Rekaman,33,0,1,1,1
2021-01-29,Jumat,21,Netral,2,bertanya-tanya,Membaca | Belajar | Berpuasa | Meditasi | Mandi | Menulis | Menonton Serial | Reddit | Belajar Bahasa | Streaming | YouTube | Menonton Film | Memasak | Membersihkan Rumah | Penelitian | Hal Baru | Tidur Siang Singkat | Dokumenter | Sahabat Pena | Pesta | Coding | Tutorial,22,0,1,0,0
2020-05-19,Selasa,15,Negatif,1,khawatir,Membaca | Belajar | Seni | Menulis Jurnal | Berdoa | Berpuasa | Membaca Quran | Jalan Kaki | Meditasi | Mandi | Podcast | Buku Audio | Menulis | Menonton Serial | Berita Terkini | Makan Enak | Reddit | Belajar Bahasa | Streaming | YouTube | Penelitian | Hal Baru | Keluarga | Mendengarkan Lagu | Desain | Catatan Berat Badan,26,0,1,1,0
2020-04-28,Selasa,21,Positif,3,santai totalitas,Membaca | Belajar | Menulis Jurnal | Berdoa | Berpuasa | Membaca Quran | Jalan Kaki | Meditasi | Mandi | Buku Audio | Menonton Serial | Berita Terkini | Makan Enak | Reddit | Streaming | YouTube | Tidur Siang Singkat | Mendengarkan Lagu | Desain | Sahabat Pena | Catatan Berat Badan,21,0,1,1,1
2020-09-28,Senin,21,Netral,2,bingung,Belajar | Seni | Berdoa | Membaca Quran | Jalan Kaki | Meditasi | Mandi | Dota 2 | Buku Audio | Menonton Serial | Berita Terkini | Makan Enak | Reddit | Belajar Bahasa | Streaming | YouTube | Memasak | Meditasi Holotropik | Membersihkan Rumah | Penelitian | Hal Baru | Tidur Siang Singkat | Mendengarkan Lagu | Desain | Dokumenter | Sahabat Pena | Coding | Tutorial,28,0,1,1,0
2018-03-10,Sabtu,10,Netral,2,biasa saja,Membersihkan Rumah | Tidur Siang Singkat,2,1,0,0,0
2020-05-07,Kamis,21,Positif,3,bersemangat,Membaca | Belajar | Seni | Menulis Jurnal | Berdoa | Berpuasa | Membaca Quran | Jalan Kaki | Meditasi | Mandi | Buku Audio | Menulis | Berita Terkini | Makan Enak | Reddit | Streaming | YouTube | Penelitian | Tidur Siang Singkat | Mendengarkan Lagu | Desain,21,0,1,1,1
2020-04-24,Jumat,23,Positif,3,fokus,Jalan Kaki | Menonton Serial | Berita Terkini | Makan Enak | Reddit | Streaming | YouTube | Mendengarkan Lagu | Sahabat Pena,9,0,0,1,1
2018-02-16,Jumat,6,Netral,2,bingung,Berdoa | Mandi | Dota 2 | Makan Enak | YouTube | Keluarga,6,0,0,0,0
2020-03-17,Selasa,21,Positif,3,bersemangat,Berdoa | Berpuasa | Jalan Kaki | Meditasi | Mandi | Dota 2 | Buku Audio | Menonton Serial | Berita Terkini | Makan Enak | Reddit | Streaming | YouTube | Tidur Siang Singkat | Mendengarkan Lagu | Sahabat Pena | Catatan Berat Badan,17,0,1,1,1
2018-02-07,Rabu,10,Negatif,1,tersulut emosi,Berdoa | Berpuasa | Dota 2 | YouTube | Tidur Siang Singkat,5,0,0,0,0
2020-09-22,Selasa,21,Netral,2,lemah,Belajar | Seni | Berdoa | Berpuasa | Membaca Quran | Jalan Kaki | Buku Audio | Menulis | Menonton Serial | Berita Terkini | Makan Enak | Reddit | Belajar Bahasa | Streaming | YouTube | Memasak | Membersihkan Rumah | Penelitian | Hal Baru | Tidur Siang Singkat | Mendengarkan Lagu | Sahabat Pena | Coding | Tutorial,24,0,0,1,0
2021-04-04,Minggu,21,Positif,3,fokus,Membaca | Menulis Jurnal | Berdoa | Berpuasa | Jalan Kaki | Meditasi | Mandi | Buku Audio | Menulis | Menonton Serial | Makan Enak | Reddit | Belajar Bahasa | Yoga | Streaming | YouTube | Memasak | Penelitian | Hal Baru | Tidur Siang Singkat | Dokumenter | Sahabat Pena | Coding | Tutorial,24,1,1,1,1
2019-12-18,Rabu,23,Positif,3,santai totalitas,Berpuasa | Jalan Kaki | Meditasi | Buku Audio | Reddit | Streaming | YouTube | Diet Keto,8,0,1,1,1
2020-01-22,Rabu,21,Netral,2,bertanya-tanya,Jalan Kaki | Meditasi | Dota 2 | Buku Audio | Menonton Serial | Berita Terkini | Makan Enak | Reddit | Streaming | YouTube | Tidur Siang Singkat,11,0,1,1,0
2018-05-24,Kamis,14,Netral,2,bingung,Surel | Pekerjaan,2,0,0,0,0
2018-09-11,Selasa,11,Netral,2,bertanya-tanya,Dota 2 | Podcast | Buku Audio | Berita Terkini | YouTube | Sahabat Pena,6,0,0,0,0
2020-12-25,Jumat,19,Positif,3,fokus,Membaca | Belajar | Berdoa | Berpuasa | Mandi | Buku Audio | Menulis | Menonton Serial | Berita Terkini | Makan Enak | Reddit | Streaming | YouTube | Memasak | Traveling | Membersihkan Rumah | Hal Baru | Tidur Siang Singkat | Sahabat Pena,19,0,0,0,1
2018-03-20,Selasa,10,Negatif,1,khawatir,Dota 2 | Streaming | YouTube | Penelitian,4,0,0,0,0
2018-02-14,Rabu,14,Negatif,1,marah,Dota 2 | YouTube | Bermain Game | Penelitian,4,0,0,0,0
2018-11-05,Senin,10,Netral,2,bertanya-tanya,Membaca | Meditasi | Buku Audio | Berita Terkini | YouTube | Hal Baru | Sahabat Pena | Catatan Berat Badan,8,0,1,0,0
2018-04-03,Selasa,14,Negatif,1,sakit,Makan Enak | Streaming | Traveling,3,0,0,0,0
2020-08-10,Senin,21,Netral,2,bertanya-tanya,Membaca | Seni | Berdoa | Berpuasa | Membaca Quran | Jalan Kaki | Meditasi | Mandi | Dota 2 | Buku Audio | Menulis | Menonton Serial | Berita Terkini | Makan Enak | Reddit | Belajar Bahasa | Bercukur | Merapikan Rambut | Streaming | YouTube | Membersihkan Rumah | Tidur Siang Singkat | Mendengarkan Lagu | Dokumenter | Cinta,25,0,1,1,0
2018-07-06,Jumat,19,Negatif,1,tersulut emosi,Berpuasa | Dota 2,2,0,0,0,0
2018-09-12,Rabu,19,Negatif,1,sakit,Dota 2 | YouTube,2,0,0,0,0
2018-05-21,Senin,19,Positif,3,diberkati,Berdoa | Berpuasa | Jalan Kaki | Podcast | Buku Audio | Streaming | YouTube | Surel | Mendengarkan Lagu,9,0,0,1,1
2019-01-04,Jumat,10,Negatif,1,sakit,Dota 2 | Podcast | Berita Terkini | Makan Enak | YouTube | Bermain Game | Keluarga,7,0,0,0,0
2020-05-10,Minggu,11,Positif,3,sangat bahagia,Membaca | Belajar | Seni | Menulis Jurnal | Berdoa | Berpuasa | Membaca Quran | Jalan Kaki | Meditasi | Mandi | Buku Audio | Berita Terkini | Makan Enak | Reddit | Streaming | YouTube | Hal Baru | Surel | Mendengarkan Lagu | Tutorial | Catatan Berat Badan,21,1,1,1,1
2020-06-22,Senin,10,Netral,2,bingung,Membaca | Belajar | Seni | Menulis Jurnal | Berdoa | Berpuasa | Membaca Quran | Jalan Kaki | Meditasi | Mandi | Buku Audio | Menulis | Menonton Serial | Berita Terkini | Makan Enak | Reddit | Yoga | Streaming | YouTube | Penelitian | Keluarga | Surel | Mendengarkan Lagu | Dokumenter | Teman | Sahabat Pena | Tutorial | Cinta | Rekaman,29,0,1,1,0
2019-01-06,Minggu,19,Positif,3,diberkati,Berdoa | Jalan Kaki | Mandi | Makan Enak | Reddit | Streaming | YouTube | Menonton Film | Bermain Game | Membersihkan Rumah | Tidur Siang Singkat | Surel | Desain,13,1,0,1,1
2020-03-29,Minggu,21,Positif,3,sangat bahagia,Berdoa | Berpuasa | Jalan Kaki | Meditasi | Mandi | Dota 2 | Buku Audio | Menonton Serial | Berita Terkini | Makan Enak | Reddit | Streaming | YouTube | Tidur Siang Singkat | Mendengarkan Lagu | Sahabat Pena,16,1,1,1,1
2018-07-06,Jumat,14,Negatif,1,tersulut emosi,Berdoa | Berpuasa | Meditasi | Mandi | Streaming | YouTube,6,0,1,0,0
2020-09-18,Jumat,19,Negatif,1,tersulut emosi,Belajar | Berdoa | Berpuasa | Membaca Quran | Jalan Kaki | Meditasi | Mandi | Buku Audio | Menulis | Menonton Serial | Berita Terkini | Reddit | Belajar Bahasa | Streaming | YouTube | Memasak | Membersihkan Rumah | Penelitian | Hal Baru | Mendengarkan Lagu | Dokumenter | Sahabat Pena | Coding | Tutorial,24,0,1,1,0
2020-10-16,Jumat,21,Netral,2,lemah,Belajar | Seni | Berdoa | Berpuasa | Jalan Kaki | Meditasi | Mandi | Dota 2 | Buku Audio | Menulis | Menonton Serial | Berita Terkini | Makan Enak | Reddit | Belajar Bahasa | Streaming | YouTube | Memasak | Membersihkan Rumah | Penelitian | Hal Baru | Tidur Siang Singkat | Mendengarkan Lagu | Dokumenter | Sahabat Pena | Coding | Tutorial,27,0,1,1,0
2020-12-22,Selasa,3,Positif,3,fokus,Membaca | Belajar | Seni | Berpuasa | Mandi | Buku Audio | Menulis | Menonton Serial | Makan Enak | Reddit | Belajar Bahasa | Streaming | YouTube | Memasak | Traveling | Penelitian | Tidur Siang Singkat | Dokumenter | Sahabat Pena | Coding | Tutorial | Cinta,22,0,0,0,1
2020-09-18,Jumat,19,Negatif,1,tersulut emosi,Belajar | Berdoa | Berpuasa | Membaca Quran | Jalan Kaki | Meditasi | Mandi | Buku Audio | Menulis | Menonton Serial | Berita Terkini | Reddit | Belajar Bahasa | Streaming | YouTube | Memasak | Membersihkan Rumah | Penelitian | Hal Baru | Mendengarkan Lagu | Dokumenter | Sahabat Pena | Coding | Tutorial,24,0,1,1,0
2020-12-18,Jumat,22,Negatif,1,marah,Membaca | Belajar | Berdoa | Berpuasa | Mandi | Buku Audio | Menulis | Menonton Serial | Berita Terkini | Makan Enak | Reddit | Belajar Bahasa | Streaming | YouTube | Memasak | Traveling | Penelitian | Hal Baru | Tidur Siang Singkat | Dokumenter | Sahabat Pena | Coding | Tutorial,23,0,0,0,0
2020-03-04,Rabu,22,Positif,3,sangat bahagia,Berpuasa | Jalan Kaki | Meditasi | Mandi | Dota 2 | Menonton Serial | Berita Terkini | Makan Enak | Reddit | Streaming | YouTube | Tidur Siang Singkat | Surel | Mendengarkan Lagu | Sahabat Pena,15,0,1,1,1
2020-09-25,Jumat,12,Negatif,1,khawatir,Belajar | Seni | Berdoa | Berpuasa | Olahraga | Membaca Quran | Jalan Kaki | Mandi | Buku Audio | Menonton Serial | Berita Terkini | Makan Enak | Reddit | Belajar Bahasa | Bercukur | Streaming | YouTube | Memasak | Penelitian | Hal Baru | Tidur Siang Singkat | Surel | Mendengarkan Lagu | Desain | Sahabat Pena | Coding | Tutorial | Rekaman,28,0,0,1,0
2020-01-18,Sabtu,21,Positif,3,bersemangat,Berpuasa | Jalan Kaki | Meditasi | Podcast | Buku Audio | Menonton Serial | Makan Enak | Reddit | Streaming | YouTube | Diet Keto,11,1,1,1,1
2018-06-26,Selasa,1,Netral,2,lemah,Dota 2 | Podcast | Buku Audio | Menonton Serial | Streaming | YouTube | Surel,7,0,0,0,0
2018-07-01,Minggu,19,Netral,2,bingung,Membaca | Meditasi | Mandi | Dota 2 | Buku Audio | Menonton Serial | Streaming | YouTube | Menonton Film | Surel | Mendengarkan Lagu | Pekerjaan | Catatan Berat Badan,13,1,1,0,0
2018-02-12,Senin,19,Negatif,1,tersulut emosi,Dota 2 | Streaming | YouTube | Hal Baru | Keluarga | Surel | Mendengarkan Lagu,7,0,0,0,0
2020-12-23,Rabu,21,Positif,3,fokus,Membaca | Belajar | Berdoa | Meditasi | Mandi | Dota 2 | Podcast | Buku Audio | Menulis | Menonton Serial | Makan Enak | Reddit | Belajar Bahasa | Streaming | YouTube | Memasak | Membersihkan Rumah | Penelitian | Hal Baru | Tidur Siang Singkat | Perbaikan | Dokumenter | Sahabat Pena | Coding | Tutorial | Cinta,26,0,1,0,1
2020-04-09,Kamis,21,Negatif,1,sangat sedih,Berdoa | Berpuasa | Membaca Quran | Jalan Kaki | Meditasi | Mandi | Menulis | Menonton Serial | Berita Terkini | Makan Enak | Reddit | Streaming | YouTube | Menonton Film | Keluarga | Tidur Siang Singkat | Mendengarkan Lagu | Desain | Sahabat Pena,19,0,1,1,0
2018-12-28,Jumat,19,Netral,2,bertanya-tanya,Berdoa | Dota 2 | Podcast | Berita Terkini | Makan Enak | Streaming | YouTube | Menonton Film | Bermain Game,9,0,0,0,0
2020-12-27,Minggu,22,Positif,3,diberkati,Membaca | Belajar | Berdoa | Berpuasa | Jalan Kaki | Mandi | Buku Audio | Menulis | Menonton Serial | Berita Terkini | Makan Enak | Reddit | Streaming | YouTube | Memasak | Membersihkan Rumah | Penelitian | Hal Baru | Tidur Siang Singkat | Mendengarkan Lagu | Dokumenter | Sahabat Pena | Coding | Tutorial,24,1,0,1,1
2021-04-12,Senin,21,Negatif,1,marah,Membaca | Belajar | Berpuasa | Jalan Kaki | Meditasi | Mandi | Menulis | Menonton Serial | Makan Enak | Reddit | Belajar Bahasa | Streaming | YouTube | Memasak | Membersihkan Rumah | Penelitian | Hal Baru | Tidur Siang Singkat | Dokumenter | Sahabat Pena | Coding | Tutorial,22,0,1,1,0
2018-06-26,Selasa,1,Netral,2,lemah,Dota 2 | Podcast | Buku Audio | Menonton Serial | Streaming | YouTube | Surel,7,0,0,0,0
2018-05-02,Rabu,14,Negatif,1,tersulut emosi,Streaming | YouTube | Surel,3,0,0,0,0
2020-05-20,Rabu,15,Negatif,1,marah,Membaca | Belajar | Seni | Berdoa | Berpuasa | Olahraga | Membaca Quran | Jalan Kaki | Meditasi | Mandi | Podcast | Buku Audio | Menulis | Berita Terkini | Makan Enak | Reddit | Belajar Bahasa | Streaming | YouTube | Penelitian | Tidur Siang Singkat | Surel | Mendengarkan Lagu,23,0,1,1,0
2019-12-07,Sabtu,21,Positif,3,santai totalitas,Berpuasa | Jalan Kaki | Meditasi | Podcast | Buku Audio | Menonton Serial | Berita Terkini | Makan Enak | Reddit | Streaming | YouTube | Diet Keto,12,1,1,1,1
2020-01-07,Selasa,21,Positif,3,bersemangat,Membaca | Seni | Berpuasa | Jalan Kaki | Meditasi | Dota 2 | Buku Audio | Makan Enak | Reddit | Streaming | YouTube | Bermain Game | Diet Keto,13,0,1,1,1
2021-03-31,Rabu,22,Positif,3,santai totalitas,Membaca | Belajar | Seni | Berdoa | Berpuasa | Jalan Kaki | Meditasi | Mandi | Buku Audio | Menulis | Menonton Serial | Makan Enak | Reddit | Belajar Bahasa | Poetry | Streaming | YouTube | Memasak | Penelitian | Hal Baru | Mendengarkan Lagu | Desain | Dokumenter | Sahabat Pena | Coding | Tutorial,26,0,1,1,1
2018-03-03,Sabtu,14,Positif,3,keren,Streaming | YouTube | Penelitian | Hal Baru | Surel | Program Doktor,6,1,0,0,1
2019-09-17,Selasa,13,Netral,2,bingung,Seni | Berpuasa | Meditasi | Berita Terkini | Reddit | Desain,6,0,1,0,0
2019-11-22,Jumat,21,Netral,2,bertanya-tanya,Berdoa | Berpuasa | Jalan Kaki | Meditasi | Mandi | Buku Audio | Menonton Serial | Berita Terkini | Reddit | YouTube | Diet Keto | Catatan Berat Badan,12,0,1,1,0
2018-07-07,Sabtu,14,Negatif,1,tersulut emosi,Dota 2,1,1,0,0,0
2018-03-20,Selasa,10,Negatif,1,khawatir,Dota 2 | Streaming | YouTube | Penelitian,4,0,0,0,0
2018-11-16,Jumat,20,Positif,3,santai totalitas,Berdoa | Mandi | Buku Audio | Menonton Serial | Berita Terkini | YouTube | Bermain Game | Sahabat Pena,8,0,0,0,1
2018-11-23,Jumat,12,Positif,3,diberkati,Berdoa | Meditasi | Buku Audio | Berita Terkini,4,0,1,0,1
2018-03-01,Kamis,12,Netral,2,biasa saja,Dota 2 | Makan Enak | Streaming | YouTube | Tidur Siang Singkat,5,0,0,0,0
2018-02-21,Rabu,14,Netral,2,bertanya-tanya,YouTube | Tidur Siang Singkat,2,0,0,0,0
2020-12-31,Kamis,12,Positif,3,bersemangat,Membaca | Belajar | Seni | Berdoa | Berpuasa | Meditasi | Mandi | Buku Audio | Menulis | Menonton Serial | Berita Terkini | Makan Enak | Reddit | Streaming | YouTube | Memasak | Membersihkan Rumah | Penelitian | Hal Baru | Tidur Siang Singkat | Perbaikan | Dokumenter | Sahabat Pena | Coding | Tutorial,25,0,1,0,1
2019-12-03,Selasa,21,Positif,3,keren,Berpuasa | Jalan Kaki | Meditasi | Mandi | Buku Audio | Menonton Serial | Makan Enak | Reddit | Streaming | YouTube | Traveling | Tidur Siang Singkat | Diet Keto | Catatan Berat Badan,14,0,1,1,1
2020-09-23,Rabu,21,Negatif,1,khawatir,Belajar | Buku Audio | Menulis | Menonton Serial | Berita Terkini | Makan Enak | Reddit | Belajar Bahasa | Streaming | YouTube | Memasak | Membersihkan Rumah | Penelitian | Tidur Siang Singkat | Sahabat Pena | Coding,16,0,0,0,0
2020-06-02,Selasa,15,Negatif,1,khawatir,Seni | Berpuasa | Dota 2 | Menonton Serial | Berita Terkini | Makan Enak | Reddit | Belajar Bahasa | Streaming | YouTube | Sahabat Pena,11,0,0,0,0
2018-02-13,Selasa,14,Negatif,1,marah,Makan Enak | YouTube | Surel,3,0,0,0,0
2018-06-12,Selasa,19,Positif,3,lapar,Berdoa | Mandi | Dota 2 | Buku Audio,4,0,0,0,1
2020-09-01,Selasa,21,Negatif,1,tersulut emosi,Jalan Kaki | Podcast | Buku Audio | Makan Enak | Belajar Bahasa | Streaming | Memasak,7,0,0,1,0
2018-02-06,Selasa,9,Negatif,1,buruk,Berpuasa | Jalan Kaki | Meditasi | Traveling | Rumah Sakit,5,0,1,1,0
2021-03-21,Minggu,3,Netral,2,lemah,Membaca | Berdoa | Berpuasa | Jalan Kaki | Meditasi | Mandi | Buku Audio | Menulis | Menonton Serial | Berita Terkini | Makan Enak | Reddit | Belajar Bahasa | Streaming | YouTube | Memasak | Penelitian | Hal Baru | Tidur Siang Singkat | Dokumenter | Sahabat Pena | Coding | Tutorial,23,1,1,1,0
2020-03-02,Senin,21,Positif,3,bersemangat,Berdoa | Berpuasa | Membaca Quran | Jalan Kaki | Meditasi | Mandi | Dota 2 | Buku Audio | Menonton Serial | Berita Terkini | Makan Enak | Reddit | Streaming | YouTube | Tidur Siang Singkat | Mendengarkan Lagu | Teman | Sahabat Pena | Diet Keto,19,0,1,1,1
2020-01-22,Rabu,21,Netral,2,bertanya-tanya,Jalan Kaki | Meditasi | Dota 2 | Buku Audio | Menonton Serial | Berita Terkini | Makan Enak | Reddit | Streaming | YouTube | Tidur Siang Singkat,11,0,1,1,0
2018-11-29,Kamis,19,Positif,3,diberkati,Jalan Kaki | Mandi | Buku Audio | Makan Enak | Bermain Game | Traveling | Mendengarkan Lagu | Desain,8,0,0,1,1
2018-02-04,Minggu,11,Netral,2,biasa saja,Meditasi | YouTube | Penelitian,3,1,1,0,0
2018-06-22,Jumat,10,Positif,3,lapar,Dota 2 | Streaming | YouTube | Mendengarkan Lagu,4,0,0,0,1
2020-08-11,Selasa,21,Netral,2,bertanya-tanya,Membaca | Seni | Berdoa | Berpuasa | Membaca Quran | Jalan Kaki | Meditasi | Mandi | Podcast | Buku Audio | Menulis | Menonton Serial | Berita Terkini | Makan Enak | Reddit | Belajar Bahasa | Poetry | Streaming | YouTube | Membersihkan Rumah | Tidur Siang Singkat | Mendengarkan Lagu | Desain | Dokumenter | Cinta,25,0,1,1,0
2018-05-01,Selasa,14,Negatif,1,khawatir,Membaca | Menulis Jurnal | YouTube | Penelitian,4,0,0,0,0
2020-08-02,Minggu,21,Netral,2,biasa saja,Membaca | Berdoa | Berpuasa | Membaca Quran | Jalan Kaki | Meditasi | Mandi | Dota 2 | Podcast | Buku Audio | Menulis | Menonton Serial | Berita Terkini | Makan Enak | Reddit | Belajar Bahasa | Streaming | YouTube | Membersihkan Rumah | Penelitian | Keluarga | Tidur Siang Singkat | Dokumenter,23,1,1,1,0
2018-11-07,Rabu,12,Positif,3,santai totalitas,Membaca | Meditasi | Mandi | Berita Terkini | Makan Enak | Mendengarkan Lagu | Sahabat Pena,7,0,1,0,1
2018-03-24,Sabtu,14,Positif,3,santai totalitas,Menonton Serial | Streaming | YouTube,3,1,0,0,1
2018-02-22,Kamis,14,Netral,2,bingung,Mandi | Menonton Serial | YouTube | Menonton Film | Tidur Siang Singkat,5,0,0,0,0
2020-06-14,Minggu,21,Positif,3,sangat bahagia,Membaca | Jalan Kaki | Mandi | Dota 2 | Menulis | Menonton Serial | Berita Terkini | Makan Enak | Reddit | Streaming | YouTube | Menonton Film | Keluarga | Dokumenter | Teman | Sahabat Pena | Cinta,17,1,0,1,1
2020-07-07,Selasa,21,Netral,2,lemah,Membaca | Berdoa | Berpuasa | Membaca Quran | Jalan Kaki | Meditasi | Dota 2 | Podcast | Buku Audio | Menulis | Menonton Serial | Berita Terkini | Makan Enak | Reddit | Belajar Bahasa | Streaming | YouTube | Keluarga | Mendengarkan Lagu | Cinta,20,0,1,1,0
2020-01-18,Sabtu,21,Positif,3,bersemangat,Berpuasa | Jalan Kaki | Meditasi | Podcast | Buku Audio | Menonton Serial | Makan Enak | Reddit | Streaming | YouTube | Diet Keto,11,1,1,1,1
2018-12-05,Rabu,19,Negatif,1,takut,Jalan Kaki | Dota 2 | Podcast | Menonton Serial | Berita Terkini | Makan Enak | Streaming | YouTube | Desain,9,0,0,1,0
2020-11-17,Selasa,22,Positif,3,fokus,Membaca | Jalan Kaki | Meditasi | Mandi | Buku Audio | Menulis | Menonton Serial | Berita Terkini | Reddit | Belajar Bahasa | Streaming | YouTube | Memasak | Membersihkan Rumah | Penelitian | Hal Baru | Tidur Siang Singkat | Desain | Perbaikan | Dokumenter | Sahabat Pena | Coding | Tutorial | Cinta | Rekaman,25,0,1,1,1
2018-03-05,Senin,10,Negatif,1,tersulut emosi,Dota 2,1,0,0,0,0
2020-10-02,Jumat,21,Netral,2,lemah,Belajar | Seni | Berdoa | Berpuasa | Membaca Quran | Jalan Kaki | Mandi | Buku Audio | Menulis | Menonton Serial | Berita Terkini | Makan Enak | Reddit | Belajar Bahasa | Streaming | YouTube | Memasak | Membersihkan Rumah | Penelitian | Hal Baru | Tidur Siang Singkat | Perbaikan | Sahabat Pena | Coding | Tutorial,25,0,0,1,0
2021-04-12,Senin,21,Negatif,1,marah,Membaca | Belajar | Berpuasa | Jalan Kaki | Meditasi | Mandi | Menulis | Menonton Serial | Makan Enak | Reddit | Belajar Bahasa | Streaming | YouTube | Memasak | Membersihkan Rumah | Penelitian | Hal Baru | Tidur Siang Singkat | Dokumenter | Sahabat Pena | Coding | Tutorial,22,0,1,1,0
2018-07-01,Minggu,19,Netral,2,bingung,Membaca | Meditasi | Mandi | Dota 2 | Buku Audio | Menonton Serial | Streaming | YouTube | Menonton Film | Surel | Mendengarkan Lagu | Pekerjaan | Catatan Berat Badan,13,1,1,0,0
2018-12-23,Minggu,19,Negatif,1,sangat sedih,Dota 2 | Streaming | YouTube,3,1,0,0,0
2020-02-11,Selasa,21,Positif,3,bersemangat,Berpuasa | Jalan Kaki | Meditasi | Mandi | Dota 2 | Menonton Serial | Berita Terkini | Makan Enak | Reddit | Streaming | YouTube | Sahabat Pena | Catatan Berat Badan,13,0,1,1,1
2020-06-20,Sabtu,21,Netral,2,lemah,Membaca | Berdoa | Berpuasa | Membaca Quran | Jalan Kaki | Meditasi | Buku Audio | Berita Terkini | Makan Enak | Reddit | Streaming | YouTube | Keluarga | Tidur Siang Singkat | Mendengarkan Lagu | Desain | Dokumenter | Cinta,18,1,1,1,0
2020-06-05,Jumat,21,Netral,2,bingung,Seni | Berpuasa | Makan Enak | Reddit | Belajar Bahasa | Streaming | YouTube | Tidur Siang Singkat | Mendengarkan Lagu | Desain | Sahabat Pena,11,0,0,0,0
2018-02-06,Selasa,20,Negatif,1,sakit,Dota 2 | Streaming | Keluarga,3,0,0,0,0
2020-10-09,Jumat,21,Negatif,1,khawatir,Belajar | Berdoa | Berpuasa | Olahraga | Membaca Quran | Jalan Kaki | Mandi | Buku Audio | Menonton Serial | Berita Terkini | Makan Enak | Reddit | Belajar Bahasa | Streaming | YouTube | Memasak | Membersihkan Rumah | Penelitian | Hal Baru | Tidur Siang Singkat | Surel | Dokumenter | Sahabat Pena | Coding | Tutorial,25,0,0,1,0
2020-11-14,Sabtu,21,Positif,3,lapar,Belajar | Seni | Berpuasa | Jalan Kaki | Mandi | Buku Audio | Menulis | Menonton Serial | Berita Terkini | Makan Enak | Reddit | Belajar Bahasa | Streaming | YouTube | Memasak | Membersihkan Rumah | Hal Baru | Tidur Siang Singkat | Mendengarkan Lagu | Desain | Perbaikan | Sahabat Pena | Coding | Tutorial | Cinta | Rekaman,26,1,0,1,1
2020-10-09,Jumat,21,Negatif,1,khawatir,Belajar | Berdoa | Berpuasa | Olahraga | Membaca Quran | Jalan Kaki | Mandi | Buku Audio | Menonton Serial | Berita Terkini | Makan Enak | Reddit | Belajar Bahasa | Streaming | YouTube | Memasak | Membersihkan Rumah | Penelitian | Hal Baru | Tidur Siang Singkat | Surel | Dokumenter | Sahabat Pena | Coding | Tutorial,25,0,0,1,0
2018-11-05,Senin,10,Netral,2,bertanya-tanya,Membaca | Meditasi | Buku Audio | Berita Terkini | YouTube | Hal Baru | Sahabat Pena | Catatan Berat Badan,8,0,1,0,0
2020-07-24,Jumat,21,Netral,2,bertanya-tanya,Belajar | Seni | Menulis Jurnal | Berdoa | Berpuasa | Membaca Quran | Jalan Kaki | Meditasi | Mandi | Dota 2 | Podcast | Buku Audio | Menulis | Menonton Serial | Berita Terkini | Makan Enak | Reddit | Belajar Bahasa | Streaming | YouTube | Membersihkan Rumah | Penelitian | Tidur Siang Singkat | Desain,24,0,1,1,0
2018-06-13,Rabu,14,Netral,2,bingung,Surel | Pekerjaan,2,0,0,0,0
2020-08-12,Rabu,20,Netral,2,lemah,Seni | Berdoa | Berpuasa | Membaca Quran | Jalan Kaki | Meditasi | Mandi | Podcast | Buku Audio | Menulis | Menonton Serial | Berita Terkini | Makan Enak | Reddit | Belajar Bahasa | Streaming | YouTube | Penelitian | Hal Baru | Tidur Siang Singkat | Mendengarkan Lagu | Dokumenter | Tutorial | Cinta,24,0,1,1,0
