full_date,weekday,hour,mood,mood_score,sub_mood,activities,activity_count,is_weekend,has_meditation,has_exercise,mood_positive
2021-04-16,Friday,20,Positif,3,yolo,reading | Art | prayer | fasting  | walk | meditation  | shower | writing | Watching series  | good meal | reddit | language learning  | streaming  | youtube | cooking | travel | cleaning | new things  | power nap | Documentary  | penpal | coding,22,0,1,1,1
2021-04-15,Thursday,2,Positif,3,focused,reading | learning  | Art | prayer | fasting  | walk | meditation  | shower | Audio books  | writing | Watching series  | good meal | reddit | language learning  | shave  | streaming  | youtube | cooking | cleaning | research  | new things  | power nap | repair | Documentary  | penpal | coding  | Tutorial,27,0,1,1,1
2021-04-10,Saturday,0,Positif,3,blessed,reading | learning  | prayer | walk | meditation  | shower | writing | Watching series  | good meal | reddit | language learning  | streaming  | youtube | cooking | travel | research  | new things  | power nap | penpal | coding  | Tutorial,21,1,1,1,1
2021-04-09,Friday,0,Positif,3,yolo,reading | learning  | prayer | fasting  | walk | meditation  | shower | writing | Watching series  | News Update | good meal | reddit | language learning  | streaming  | youtube | cooking | travel | new things  | power nap | Email | Documentary  | penpal | coding  | Tutorial,24,0,1,1,1
2021-04-08,Thursday,23,Positif,3,excited,reading | learning  | Art | meditation  | shower | writing | Watching series  | good meal | reddit | language learning  | streaming  | youtube | cooking | cleaning | research  | new things  | power nap | Documentary  | penpal | coding  | Tutorial,21,0,1,0,1
2021-04-07,Wednesday,21,Positif,3,yolo,reading | learning  | fasting  | walk | meditation  | Audio books  | writing | Watching series  | good meal | reddit | trimming  | streaming  | youtube | cooking | cleaning | new things  | power nap | Documentary  | penpal | coding  | Tutorial,21,0,1,1,1
2021-04-06,Tuesday,21,Positif,3,focused,reading | learning  | prayer | fasting  | walk | meditation  | shower | Audio books  | writing | Watching series  | good meal | reddit | language learning  | Poetry  | streaming  | youtube | cooking | cleaning | new things  | designing  | penpal | coding  | Tutorial,23,0,1,1,1
2021-04-05,Monday,14,Positif,3,Chill,reading | learning  | prayer | fasting  | walk | meditation  | shower | Audio books  | writing | Watching series  | News Update | good meal | reddit | language learning  | trimming  | streaming  | youtube | cooking | research  | new things  | power nap | Documentary  | penpal | coding  | Tutorial,25,0,1,1,1
2021-04-04,Sunday,21,Positif,3,focused,reading | Write dairy  | prayer | fasting  | walk | meditation  | shower | Audio books  | writing | Watching series  | good meal | reddit | language learning  | yoga | streaming  | youtube | cooking | research  | new things  | power nap | Documentary  | penpal | coding  | Tutorial,24,1,1,1,1
2021-04-03,Saturday,21,Positif,3,focused,reading | learning  | prayer | fasting  | walk | meditation  | shower | Audio books  | writing | Watching series  | good meal | reddit | language learning  | streaming  | youtube | cooking | travel | research  | new things  | power nap | Documentary  | penpal | coding  | Tutorial,24,1,1,1,1
2021-04-02,Friday,21,Positif,3,excited,reading | learning  | Art | prayer | fasting  | walk | meditation  | shower | Audio books  | writing | Watching series  | good meal | reddit | language learning  | Poetry  | streaming  | youtube | cooking | travel | cleaning | research  | new things  | power nap | designing  | Documentary  | penpal | coding  | Tutorial,28,0,1,1,1
2021-04-01,Thursday,22,Positif,3,focused,reading | Art | prayer | fasting  | walk | meditation  | writing | Watching series  | reddit | language learning  | streaming  | youtube | cooking | cleaning | research  | new things  | power nap | Documentary  | penpal | coding  | Tutorial,21,0,1,1,1
2021-03-31,Wednesday,22,Positif,3,yolo,reading | learning  | Art | prayer | fasting  | walk | meditation  | shower | Audio books  | writing | Watching series  | good meal | reddit | language learning  | Poetry  | streaming  | youtube | cooking | research  | new things  | songs | designing  | Documentary  | penpal | coding  | Tutorial,26,0,1,1,1
2021-03-29,Monday,21,Positif,3,focused,reading | learning  | prayer | fasting  | walk | meditation  | shower | podcast | Audio books  | writing | Watching series  | reddit | language learning  | streaming  | youtube | cooking | travel | new things  | power nap | songs | Documentary  | penpal | coding  | Tutorial,24,0,1,1,1
2021-03-28,Sunday,20,Positif,3,blessed,reading | Write dairy  | prayer | fasting  | Quran  | walk | meditation  | shower | Audio books  | writing | Watching series  | News Update | good meal | reddit | language learning  | youtube | cooking | cleaning | research  | new things  | power nap | Documentary  | penpal | coding  | Tutorial  | jobs,26,1,1,1,1
2021-03-27,Saturday,21,Positif,3,hungry,reading | Art | fasting  | walk | meditation  | writing | Watching series  | good meal | reddit | language learning  | streaming  | youtube | cooking | cleaning | research  | new things  | power nap | songs | Documentary  | penpal | coding  | Tutorial,22,1,1,1,1
2021-03-26,Friday,21,Positif,3,happiest day,reading | learning  | Art | prayer | fasting  | walk | meditation  | shower | Audio books  | writing | Watching series  | good meal | reddit | language learning  | streaming  | youtube | cooking | cleaning | research  | new things  | power nap | repair | Documentary  | penpal | coding  | Tutorial,26,0,1,1,1
2021-03-24,Wednesday,21,Positif,3,focused,reading | learning  | Art | prayer | fasting  | walk | meditation  | shower | podcast | Audio books  | writing | Watching series  | good meal | language learning  | streaming  | youtube | cooking | travel | research  | new things  | power nap | Documentary  | penpal | coding  | Tutorial,25,0,1,1,1
2021-03-23,Tuesday,22,Positif,3,yolo,reading | learning  | Art | prayer | fasting  | walk | meditation  | shower | writing | Watching series  | good meal | reddit | language learning  | streaming  | youtube | cleaning | research  | new things  | power nap | Documentary  | penpal | coding  | Tutorial,23,0,1,1,1
2021-03-22,Monday,21,Positif,3,focused,reading | learning  | walk | meditation  | shower | writing | Watching series  | good meal | reddit | language learning  | streaming  | youtube | movies | cooking | research  | new things  | power nap | Documentary  | penpal | coding  | Tutorial,21,0,1,1,1
2021-03-20,Saturday,3,Positif,3,yolo,reading | learning  | prayer | fasting  | walk | meditation  | shower | writing | Watching series  | good meal | reddit | language learning  | shave  | streaming  | youtube | cooking | travel | power nap | songs | Documentary  | penpal | coding  | Tutorial,23,1,1,1,1
2021-03-19,Friday,3,Positif,3,blessed,reading | learning  | prayer | fasting  | Quran  | walk | meditation  | shower | podcast | Audio books  | writing | Watching series  | News Update | good meal | reddit | language learning  | streaming  | youtube | cooking | research  | new things  | power nap | Documentary  | penpal | coding  | Tutorial,26,0,1,1,1
2021-03-18,Thursday,3,Positif,3,focused,reading | prayer | fasting  | walk | meditation  | shower | Audio books  | writing | Watching series  | good meal | reddit | language learning  | streaming  | youtube | movies | cleaning | research  | new things  | power nap | songs | Documentary  | penpal | coding  | Tutorial,24,0,1,1,1
2021-03-17,Wednesday,22,Positif,3,focused,reading | learning  | prayer | fasting  | Exercise  | walk | meditation  | shower | Audio books  | writing | Watching series  | News Update | reddit | language learning  | streaming  | youtube | cooking | research  | new things  | power nap | Documentary  | penpal | coding  | Tutorial,24,0,1,1,1
2021-03-15,Monday,21,Positif,3,focused,reading | learning  | prayer | fasting  | walk | meditation  | shower | Audio books  | writing | Watching series  | good meal | language learning  | shave  | streaming  | youtube | cooking | new things  | songs | Documentary  | penpal | coding  | Tutorial,22,0,1,1,1
2021-03-14,Sunday,21,Positif,3,focused,reading | learning  | prayer | fasting  | walk | meditation  | podcast | Audio books  | writing | Watching series  | good meal | reddit | language learning  | streaming  | youtube | cooking | research  | new things  | power nap | Documentary  | penpal | coding  | Tutorial,23,1,1,1,1
2021-03-13,Saturday,21,Positif,3,focused,reading | learning  | Write dairy  | prayer | fasting  | walk | meditation  | shower | Audio books  | writing | Watching series  | News Update | reddit | language learning  | streaming  | youtube | cooking | research  | power nap | Documentary  | penpal | coding  | Tutorial,23,1,1,1,1
2021-03-12,Friday,21,Positif,3,focused,reading | learning  | prayer | fasting  | walk | meditation  | podcast | Audio books  | writing | Watching series  | good meal | reddit | language learning  | streaming  | youtube | cooking | cleaning | research  | new things  | power nap | songs | Documentary  | penpal | coding  | Tutorial,25,0,1,1,1
2021-03-11,Thursday,21,Positif,3,excited,reading | learning  | Art | prayer | fasting  | Quran  | walk | meditation  | shower | Audio books  | writing | Watching series  | good meal | reddit | language learning  | streaming  | youtube | cooking | research  | new things  | Email | Documentary  | penpal | coding  | Tutorial,25,0,1,1,1
2021-03-10,Wednesday,22,Positif,3,focused,reading | learning  | Art | prayer | walk | meditation  | Audio books  | writing | Watching series  | good meal | reddit | language learning  | streaming  | youtube | cooking | cleaning | research  | new things  | power nap | Documentary  | penpal | coding  | Tutorial,23,0,1,1,1
2021-03-09,Tuesday,22,Positif,3,focused,learning  | prayer | fasting  | walk | meditation  | shower | Audio books  | writing | Watching series  | good meal | language learning  | shave  | streaming  | youtube | cooking | cleaning | new things  | power nap | penpal | coding  | Tutorial,21,0,1,1,1
2021-03-07,Sunday,13,Positif,3,blessed,learning  | Art | prayer | fasting  | Quran  | walk | meditation  | shower | podcast | Audio books  | writing | Watching series  | good meal | reddit | language learning  | streaming  | youtube | cooking | cleaning | research  | new things  | power nap | songs | designing  | Documentary  | penpal | coding  | Tutorial,28,1,1,1,1
2021-03-06,Saturday,13,Positif,3,focused,reading | learning  | Art | prayer | fasting  | walk | meditation  | shower | Audio books  | writing | Watching series  | good meal | reddit | language learning  | streaming  | youtube | cooking | cleaning | research  | new things  | power nap | Documentary  | coding  | Tutorial  | love,25,1,1,1,1
2021-03-04,Thursday,21,Positif,3,focused,Art | prayer | fasting  | walk | meditation  | shower | Audio books  | writing | Watching series  | good meal | reddit | language learning  | streaming  | youtube | cooking | cleaning | research  | power nap | Documentary  | coding  | Tutorial,21,0,1,1,1
2021-03-03,Wednesday,22,Positif,3,focused,reading | Art | prayer | fasting  | meditation  | shower | Audio books  | writing | Watching series  | good meal | reddit | language learning  | streaming  | youtube | cooking | research  | new things  | power nap | Documentary  | coding  | Tutorial  | love,22,0,1,0,1
2021-03-02,Tuesday,21,Positif,3,focused,reading | learning  | prayer | fasting  | walk | meditation  | shower | Audio books  | writing | Watching series  | reddit | language learning  | streaming  | youtube | cooking | research  | new things  | power nap | songs | Documentary  | penpal | coding  | Tutorial,23,0,1,1,1
2021-02-28,Sunday,21,Positif,3,focused,reading | learning  | Art | fasting  | walk | meditation  | podcast | Audio books  | writing | Watching series  | News Update | good meal | reddit | language learning  | streaming  | youtube | cooking | cleaning | research  | new things  | power nap | Documentary  | coding  | love,24,1,1,1,1
2021-02-27,Saturday,21,Positif,3,focused,reading | learning  | prayer | fasting  | walk | meditation  | shower | Audio books  | writing | Watching series  | good meal | reddit | language learning  | Poetry  | streaming  | youtube | cooking | research  | new things  | songs | repair | penpal | coding  | Tutorial  | Recording,25,1,1,1,1
2021-02-26,Friday,1,Positif,3,focused,reading | learning  | prayer | fasting  | walk | meditation  | Audio books  | writing | Watching series  | good meal | reddit | language learning  | yoga | Poetry  | streaming  | youtube | cooking | cleaning | research  | new things  | power nap | songs | repair | Documentary  | penpal | coding  | Tutorial  | love,28,0,1,1,1
2021-02-25,Thursday,1,Positif,3,blessed,reading | learning  | Art | prayer | fasting  | meditation  | shower | podcast | Audio books  | writing | Watching series  | good meal | language learning  | yoga | streaming  | youtube | cooking | cleaning | research  | new things  | power nap | songs | designing  | Documentary  | penpal | coding  | Tutorial,27,0,1,1,1
2021-02-24,Wednesday,1,Positif,3,focused,reading | learning  | prayer | fasting  | Exercise  | meditation  | shower | Audio books  | writing | Watching series  | good meal | reddit | language learning  | streaming  | youtube | cooking | cleaning | research  | new things  | power nap | songs | repair | Documentary  | penpal | coding  | Tutorial  | love | Recording,28,0,1,1,1
2021-02-22,Monday,21,Positif,3,focused,reading | learning  | fasting  | walk | shower | podcast | Audio books  | writing | Watching series  | good meal | language learning  | streaming  | youtube | cooking | cleaning | research  | new things  | power nap | Documentary  | penpal | coding  | Tutorial,22,0,0,1,1
2021-02-21,Sunday,23,Positif,3,blessed,reading | learning  | fasting  | walk | shower | podcast | Audio books  | writing | Watching series  | good meal | reddit | language learning  | yoga | streaming  | youtube | cooking | cleaning | research  | new things  | power nap | songs | designing  | repair | Documentary  | penpal | coding  | Tutorial,27,1,0,1,1
2021-02-19,Friday,23,Positif,3,Cool,reading | prayer | fasting  | walk | shower | Audio books  | writing | Watching series  | good meal | reddit | language learning  | streaming  | youtube | cooking | cleaning | research  | new things  | power nap | Documentary  | penpal | coding  | Tutorial,22,0,0,1,1
2021-02-17,Wednesday,22,Positif,3,excited,reading | learning  | fasting  | shower | Audio books  | Watching series  | good meal | language learning  | streaming  | youtube | cooking | cleaning | research  | new things  | power nap | Documentary  | penpal | coding  | Tutorial,19,0,0,0,1
2021-02-15,Monday,12,Positif,3,Cool,reading | learning  | fasting  | walk | writing | Watching series  | good meal | reddit | language learning  | streaming  | youtube | cooking | cleaning | research  | new things  | power nap | songs | designing  | Documentary  | penpal | coding  | Tutorial,22,0,0,1,1
2021-02-13,Saturday,12,Positif,3,blessed,reading | learning  | prayer | fasting  | walk | meditation  | shower | Audio books  | writing | Watching series  | reddit | language learning  | streaming  | youtube | cooking | cleaning | research  | new things  | family | songs | Documentary  | penpal | coding  | Tutorial  | love,25,1,1,1,1
2021-02-11,Thursday,21,Positif,3,Cool,reading | learning  | fasting  | walk | Audio books  | Watching series  | good meal | language learning  | streaming  | youtube | cooking | cleaning | research  | new things  | power nap | Documentary  | penpal | coding  | Tutorial  | love,20,0,0,1,1
2021-02-10,Wednesday,21,Positif,3,focused,reading | learning  | fasting  | Exercise  | shower | writing | Watching series  | good meal | reddit | language learning  | streaming  | youtube | cooking | cleaning | research  | power nap | Documentary  | penpal | coding  | Tutorial,20,0,0,1,1
2021-02-09,Tuesday,21,Positif,3,focused,reading | learning  | fasting  | walk | meditation  | Audio books  | writing | News Update | reddit | language learning  | streaming  | youtube | cooking | cleaning | research  | new things  | power nap | Documentary  | penpal | coding  | Tutorial,21,0,1,1,1
2021-02-08,Monday,20,Positif,3,focused,reading | learning  | fasting  | Exercise  | shower | Audio books  | writing | Watching series  | good meal | reddit | language learning  | streaming  | youtube | cooking | cleaning | research  | new things  | power nap | Documentary  | penpal | coding  | Tutorial  | love,23,0,0,1,1
2021-02-07,Sunday,0,Positif,3,focused,reading | learning  | fasting  | walk | shower | Audio books  | writing | Watching series  | good meal | reddit | language learning  | streaming  | youtube | movies | cooking | cleaning | research  | new things  | power nap | songs | repair | Documentary  | penpal | coding  | Tutorial,25,1,0,1,1
2021-02-06,Saturday,23,Positif,3,focused,reading | learning  | fasting  | walk | Audio books  | writing | Watching series  | good meal | reddit | language learning  | streaming  | youtube | cooking | cleaning | research  | power nap | Documentary  | penpal | coding  | Tutorial  | love,21,1,0,1,1
2021-02-05,Friday,22,Positif,3,focused,reading | learning  | prayer | fasting  | walk | meditation  | shower | Audio books  | writing | Watching series  | good meal | reddit | language learning  | streaming  | youtube | cooking | holotropic  | research  | new things  | power nap | songs | repair | Documentary  | penpal | coding  | Tutorial,26,0,1,1,1
2021-02-04,Thursday,21,Positif,3,blessed,reading | learning  | fasting  | walk | meditation  | shower | writing | Watching series  | News Update | language learning  | youtube | movies | cooking | cleaning | research  | new things  | power nap | Documentary  | penpal | coding  | Tutorial  | love,22,0,1,1,1
2021-02-03,Wednesday,21,Positif,3,focused,reading | learning  | fasting  | walk | meditation  | Audio books  | writing | Watching series  | News Update | good meal | reddit | language learning  | streaming  | youtube | movies | cooking | research  | new things  | power nap | songs | designing  | Documentary  | penpal | coding  | Tutorial  | love | Recording,27,0,1,1,1
2021-02-02,Tuesday,21,Positif,3,over the moon,reading | learning  | fasting  | walk | meditation  | shower | Audio books  | writing | Watching series  | News Update | good meal | reddit | language learning  | streaming  | youtube | movies | cooking | travel | cleaning | research  | new things  | power nap | songs | Documentary  | penpal | coding  | Tutorial  | love,28,0,1,1,1
2021-02-01,Monday,21,Positif,3,Cool,reading | prayer | fasting  | Exercise  | walk | meditation  | shower | Audio books  | writing | Watching series  | good meal | reddit | language learning  | Poetry  | streaming  | youtube | movies | cooking | holotropic  | travel | cleaning | research  | new things  | power nap | Documentary  | penpal | coding  | Tutorial,28,0,1,1,1
2021-01-30,Saturday,21,Positif,3,yolo,reading | learning  | prayer | fasting  | walk | meditation  | shower | Audio books  | writing | Watching series  | News Update | reddit | language learning  | streaming  | youtube | movies | cooking | cleaning | research  | new things  | power nap | Email | Documentary  | penpal | coding  | Tutorial,26,1,1,1,1
2021-01-28,Thursday,21,Positif,3,blessed,reading | learning  | fasting  | Audio books  | writing | Watching series  | News Update | good meal | reddit | language learning  | streaming  | youtube | movies | cooking | cleaning | research  | new things  | power nap | Documentary  | penpal | coding  | Tutorial,22,0,0,0,1
2021-01-27,Wednesday,21,Positif,3,focused,reading | learning  | fasting  | meditation  | Audio books  | Watching series  | reddit | language learning  | streaming  | youtube | movies | cooking | cleaning | research  | new things  | power nap | Documentary  | penpal | coding  | Tutorial  | love,21,0,1,0,1
2021-01-26,Tuesday,21,Positif,3,Cool,reading | learning  | prayer | fasting  | walk | meditation  | shower | Audio books  | writing | Watching series  | good meal | reddit | language learning  | streaming  | youtube | movies | cooking | holotropic  | research  | new things  | power nap | Documentary  | penpal | coding  | Tutorial,25,0,1,1,1
2021-01-25,Monday,2,Positif,3,excited,reading | learning  | fasting  | walk | shower | Audio books  | writing | Watching series  | News Update | good meal | reddit | language learning  | shave  | streaming  | youtube | cooking | cleaning | research  | new things  | power nap | Documentary  | penpal | coding  | Tutorial  | love,25,0,0,1,1
2021-01-24,Sunday,21,Positif,3,blessed,Write dairy  | fasting  | walk | meditation  | shower | Audio books  | writing | Watching series  | reddit | language learning  | streaming  | youtube | cooking | cleaning | research  | new things  | power nap | Documentary  | penpal | coding  | Tutorial  | love,22,1,1,1,1
2021-01-23,Saturday,13,Positif,3,Chill,reading | prayer | fasting  | walk | Audio books  | writing | Watching series  | reddit | language learning  | streaming  | youtube | cooking | cleaning | research  | new things  | power nap | Documentary  | penpal | coding  | Tutorial,20,1,0,1,1
2021-01-21,Thursday,13,Positif,3,focused,reading | learning  | fasting  | walk | meditation  | shower | writing | Watching series  | reddit | language learning  | streaming  | youtube | cooking | cleaning | research  | new things  | power nap | Documentary  | penpal | coding  | Tutorial,21,0,1,1,1
2021-01-20,Wednesday,13,Positif,3,focused,reading | learning  | fasting  | walk | shower | Audio books  | writing | good meal | language learning  | streaming  | youtube | cooking | cleaning | new things  | power nap | songs | designing  | Documentary  | penpal | coding  | Tutorial,21,0,0,1,1
2021-01-18,Monday,22,Positif,3,yolo,reading | prayer | fasting  | meditation  | shower | Dota 2 | podcast | Audio books  | writing | good meal | streaming  | youtube | movies | cooking | cleaning | research  | power nap | Documentary  | penpal | coding  | Tutorial,21,0,1,0,1
2021-01-17,Sunday,23,Positif,3,focused,learning  | Art | fasting  | meditation  | shower | Audio books  | writing | Watching series  | reddit | language learning  | streaming  | youtube | cleaning | research  | family | power nap | coding  | love,18,1,1,0,1
2021-01-16,Saturday,21,Positif,3,focused,reading | prayer | fasting  | meditation  | shower | Audio books  | writing | Watching series  | News Update | good meal | reddit | language learning  | streaming  | youtube | cooking | travel | research  | new things  | power nap | Documentary  | penpal | coding  | Tutorial,23,1,1,0,1
2021-01-15,Friday,21,Positif,3,excited,reading | learning  | prayer | fasting  | meditation  | shower | Dota 2 | Audio books  | writing | Watching series  | News Update | reddit | streaming  | youtube | cooking | cleaning | research  | power nap | Documentary  | penpal | coding  | Tutorial,22,0,1,0,1
2021-01-14,Thursday,21,Positif,3,yolo,reading | learning  | prayer | fasting  | Exercise  | walk | meditation  | Audio books  | writing | Watching series  | News Update | good meal | reddit | language learning  | streaming  | youtube | cooking | cleaning | research  | new things  | power nap | songs | Documentary  | penpal | coding  | Tutorial  | Recording,27,0,1,1,1
2021-01-12,Tuesday,21,Positif,3,Cool,learning  | walk | streaming  | youtube | cooking | research  | new things  | Documentary  | coding,9,0,0,1,1
2021-01-11,Monday,21,Positif,3,Cool,reading | fasting  | meditation  | shower | Audio books  | writing | Watching series  | News Update | good meal | reddit | language learning  | yoga | streaming  | youtube | cleaning | research  | family | power nap | repair | Documentary  | penpal | coding  | Tutorial  | love,24,0,1,1,1
2021-01-10,Sunday,23,Positif,3,focused,reading | learning  | Art | prayer | fasting  | meditation  | shower | writing | Watching series  | reddit | language learning  | yoga | streaming  | youtube | cooking | travel | cleaning | research  | new things  | family | power nap | songs | Documentary  | penpal | coding,25,1,1,1,1
2021-01-09,Saturday,21,Positif,3,focused,reading | learning  | Art | fasting  | meditation  | shower | Audio books  | writing | Watching series  | News Update | good meal | reddit | language learning  | streaming  | youtube | movies | cooking | cleaning | research  | new things  | power nap | Documentary  | penpal | coding  | Tutorial  | love,26,1,1,0,1
2021-01-08,Friday,18,Positif,3,happiest day,reading | learning  | prayer | fasting  | walk | meditation  | shower | podcast | Audio books  | writing | Watching series  | News Update | good meal | reddit | language learning  | yoga | streaming  | youtube | movies | cooking | holotropic  | travel | cleaning | research  | new things  | family | power nap | songs | designing  | repair | Documentary  | penpal | coding  | Tutorial,34,0,1,1,1
2021-01-07,Thursday,17,Positif,3,over the moon,reading | learning  | prayer | fasting  | walk | meditation  | shower | Audio books  | writing | Watching series  | News Update | good meal | reddit | language learning  | streaming  | youtube | cooking | cleaning | research  | new things  | power nap | songs | Documentary  | coding  | Tutorial,25,0,1,1,1
2021-01-06,Wednesday,17,Positif,3,blessed,reading | Art | fasting  | walk | meditation  | shower | Audio books  | writing | Watching series  | News Update | good meal | reddit | language learning  | streaming  | youtube | cooking | cleaning | research  | new things  | power nap | repair | Documentary  | penpal | coding  | Tutorial  | love,26,0,1,1,1
2021-01-04,Monday,17,Positif,3,over the moon,reading | learning  | prayer | fasting  | meditation  | shower | Audio books  | writing | Watching series  | News Update | reddit | language learning  | streaming  | youtube | cooking | cleaning | research  | new things  | penpal | coding  | Tutorial  | love,22,0,1,0,1
2021-01-03,Sunday,17,Positif,3,excited,reading | prayer | fasting  | meditation  | shower | Audio books  | writing | Watching series  | good meal | reddit | language learning  | Poetry  | streaming  | youtube | cooking | research  | new things  | family | Documentary  | penpal | coding  | Tutorial,22,1,1,0,1
2021-01-02,Saturday,17,Positif,3,focused,reading | learning  | prayer | fasting  | walk | shower | Audio books  | writing | Watching series  | News Update | good meal | reddit | language learning  | streaming  | youtube | movies | cooking | research  | new things  | power nap | Documentary  | penpal | coding  | Tutorial,24,1,0,1,1
2021-01-01,Friday,17,Positif,3,yolo,reading | learning  | Art | prayer | fasting  | walk | meditation  | shower | Audio books  | writing | Watching series  | News Update | good meal | reddit | language learning  | streaming  | youtube | movies | cooking | cleaning | research  | power nap | songs | repair | penpal | coding  | Tutorial,27,0,1,1,1
2020-12-31,Thursday,12,Positif,3,excited,reading | learning  | Art | prayer | fasting  | meditation  | shower | Audio books  | writing | Watching series  | News Update | good meal | reddit | streaming  | youtube | cooking | cleaning | research  | new things  | power nap | repair | Documentary  | penpal | coding  | Tutorial,25,0,1,0,1
2020-12-29,Tuesday,12,Positif,3,focused,reading | learning  | prayer | fasting  | meditation  | shower | Audio books  | writing | Watching series  | News Update | good meal | reddit | language learning  | streaming  | youtube | cooking | cleaning | research  | new things  | power nap | songs | repair | Documentary  | penpal | coding  | Tutorial  | love,27,0,1,0,1
2020-12-28,Monday,21,Positif,3,yolo,reading | fasting  | shower | Audio books  | writing | Watching series  | language learning  | streaming  | youtube | cooking | travel | research  | new things  | power nap | Documentary  | penpal | coding  | Tutorial,18,0,0,0,1
2020-12-27,Sunday,22,Positif,3,blessed,reading | learning  | prayer | fasting  | walk | shower | Audio books  | writing | Watching series  | News Update | good meal | reddit | streaming  | youtube | cooking | cleaning | research  | new things  | power nap | songs | Documentary  | penpal | coding  | Tutorial,24,1,0,1,1
2020-12-25,Friday,19,Positif,3,focused,reading | learning  | prayer | fasting  | shower | Audio books  | writing | Watching series  | News Update | good meal | reddit | streaming  | youtube | cooking | travel | cleaning | new things  | power nap | penpal,19,0,0,0,1
2020-12-24,Thursday,21,Positif,3,focused,reading | Art | fasting  | walk | shower | podcast | Audio books  | writing | Watching series  | News Update | good meal | reddit | language learning  | streaming  | youtube | cooking | research  | new things  | power nap | songs | Documentary  | penpal | coding  | Tutorial  | love,25,0,0,1,1
2020-12-23,Wednesday,21,Positif,3,focused,reading | learning  | prayer | meditation  | shower | Dota 2 | podcast | Audio books  | writing | Watching series  | good meal | reddit | language learning  | streaming  | youtube | cooking | cleaning | research  | new things  | power nap | repair | Documentary  | penpal | coding  | Tutorial  | love,26,0,1,0,1
2020-12-22,Tuesday,3,Positif,3,focused,reading | learning  | Art | fasting  | shower | Audio books  | writing | Watching series  | good meal | reddit | language learning  | streaming  | youtube | cooking | travel | research  | power nap | Documentary  | penpal | coding  | Tutorial  | love,22,0,0,0,1
2020-12-21,Monday,3,Positif,3,Chill,reading | learning  | shower | Audio books  | writing | Watching series  | News Update | good meal | reddit | language learning  | streaming  | youtube | cooking | cleaning | research  | new things  | power nap | Documentary  | penpal | coding  | Tutorial,21,0,0,0,1
2020-12-20,Sunday,3,Positif,3,focused,reading | learning  | Art | Write dairy  | prayer | fasting  | walk | shower | writing | reddit | language learning  | streaming  | youtube | cooking | research  | new things  | power nap | songs | Documentary  | penpal | coding  | Tutorial,22,1,0,1,1
2020-12-19,Saturday,21,Positif,3,focused,reading | learning  | fasting  | Audio books  | writing | Watching series  | good meal | reddit | language learning  | streaming  | youtube | cooking | cleaning | research  | new things  | power nap | penpal | party | coding  | Tutorial  | love,21,1,0,0,1
2020-12-16,Wednesday,20,Positif,3,focused,reading | learning  | prayer | fasting  | shower | Audio books  | writing | Watching series  | good meal | reddit | language learning  | streaming  | youtube | cooking | cleaning | research  | new things  | power nap | repair | penpal | coding  | Tutorial  | love,23,0,0,0,1
2020-12-15,Tuesday,21,Positif,3,focused,reading | fasting  | Quran  | walk | Audio books  | writing | Watching series  | News Update | good meal | reddit | language learning  | streaming  | youtube | cooking | cleaning | research  | power nap | penpal | coding  | Tutorial  | love,21,0,0,1,1
2020-12-14,Monday,22,Positif,3,blessed,reading | learning  | fasting  | walk | Audio books  | writing | Watching series  | good meal | reddit | language learning  | streaming  | youtube | cooking | cleaning | research  | new things  | power nap | Documentary  | penpal | coding  | Tutorial  | love,22,0,0,1,1
2020-12-13,Sunday,21,Positif,3,focused,reading | learning  | Art | prayer | fasting  | walk | shower | Audio books  | writing | Watching series  | News Update | good meal | reddit | language learning  | streaming  | youtube | cooking | cleaning | new things  | power nap | penpal | coding  | Tutorial,23,1,0,1,1
2020-12-10,Thursday,21,Positif,3,focused,reading | Art | prayer | fasting  | walk | shower | Audio books  | writing | Watching series  | News Update | reddit | language learning  | streaming  | youtube | movies | cooking | research  | new things  | power nap | Documentary  | penpal | coding  | Tutorial  | love,24,0,0,1,1
2020-12-09,Wednesday,22,Positif,3,focused,reading | Art | fasting  | walk | shower | Watching series  | News Update | reddit | language learning  | streaming  | youtube | cooking | research  | new things  | power nap | Documentary  | penpal | coding  | Tutorial,19,0,0,1,1
2020-12-07,Monday,20,Positif,3,yolo,reading | learning  | Art | fasting  | walk | shower | podcast | Audio books  | writing | Watching series  | News Update | good meal | reddit | language learning  | streaming  | youtube | cooking | cleaning | research  | new things  | power nap | Documentary  | penpal | coding  | Tutorial  | love,26,0,0,1,1
2020-12-05,Saturday,21,Positif,3,blessed,reading | learning  | prayer | fasting  | walk | shower | Dota 2 | podcast | Audio books  | writing | Watching series  | News Update | good meal | reddit | language learning  | streaming  | youtube | cooking | research  | new things  | power nap | songs | repair | Documentary  | penpal | coding  | Tutorial  | love | Recording,29,1,0,1,1
2020-12-04,Friday,22,Positif,3,focused,reading | Art | prayer | fasting  | Quran  | walk | meditation  | shower | Audio books  | writing | Watching series  | News Update | good meal | reddit | language learning  | streaming  | youtube | cooking | travel | new things  | power nap | songs | penpal | coding  | Tutorial  | love,26,0,1,1,1
2020-12-03,Thursday,22,Positif,3,focused,reading | learning  | prayer | fasting  | walk | meditation  | shower | Audio books  | writing | Watching series  | News Update | good meal | reddit | language learning  | streaming  | youtube | cooking | research  | new things  | power nap | songs | Documentary  | penpal | coding  | Tutorial  | love | Recording,27,0,1,1,1
2020-12-01,Tuesday,21,Positif,3,focused,reading | learning  | prayer | fasting  | Quran  | walk | meditation  | shower | podcast | Audio books  | writing | Watching series  | good meal | reddit | language learning  | streaming  | youtube | cooking | cleaning | research  | new things  | power nap | Documentary  | penpal | coding  | Tutorial  | love,27,0,1,1,1
2020-11-30,Monday,10,Positif,3,focused,reading | learning  | Art | fasting  | Quran  | shower | Audio books  | writing | Watching series  | good meal | reddit | language learning  | streaming  | youtube | cooking | cleaning | research  | new things  | power nap | Documentary  | penpal | coding  | Tutorial  | love,24,0,0,0,1
2020-11-28,Saturday,10,Positif,3,focused,reading | prayer | fasting  | walk | meditation  | shower | Audio books  | writing | Watching series  | News Update | good meal | reddit | streaming  | youtube | cooking | cleaning | research  | power nap | songs | penpal | coding  | Tutorial  | love,23,1,1,1,1
2020-11-26,Thursday,23,Positif,3,focused,reading | prayer | fasting  | meditation  | shower | writing | reddit | language learning  | streaming  | youtube | cooking | new things  | power nap | songs | designing  | Documentary  | penpal | coding  | Tutorial  | love,20,0,1,0,1
2020-11-25,Wednesday,21,Positif,3,focused,reading | Art | fasting  | Audio books  | writing | good meal | reddit | language learning  | yoga | streaming  | youtube | cooking | research  | new things  | power nap | repair | Documentary  | penpal | coding  | Tutorial  | love,21,0,0,1,1
2020-11-24,Tuesday,21,Positif,3,yolo,learning  | prayer | fasting  | shower | Audio books  | writing | Watching series  | News Update | good meal | reddit | language learning  | streaming  | youtube | cooking | research  | new things  | power nap | Documentary  | penpal | coding  | Tutorial  | love,22,0,0,0,1
2020-11-23,Monday,22,Positif,3,focused,Art | fasting  | shower | Audio books  | writing | Watching series  | good meal | language learning  | streaming  | youtube | cooking | cleaning | research  | new things  | power nap | songs | penpal | coding  | Tutorial  | love | Recording,21,0,0,0,1
2020-11-22,Sunday,22,Positif,3,blessed,reading | learning  | fasting  | walk | Audio books  | writing | Watching series  | News Update | reddit | language learning  | streaming  | youtube | cooking | travel | new things  | power nap | designing  | repair | Documentary  | penpal | coding  | Tutorial  | jobs | love,24,1,0,1,1
2020-11-21,Saturday,11,Positif,3,blessed,learning  | Art | fasting  | shower | Audio books  | writing | Watching series  | reddit | language learning  | streaming  | youtube | cooking | research  | new things  | power nap | Documentary  | penpal | coding  | Tutorial,19,1,0,0,1
2020-11-20,Friday,21,Positif,3,focused,learning  | Art | Write dairy  | prayer | fasting  | walk | shower | Dota 2 | podcast | Audio books  | writing | Watching series  | good meal | reddit | yoga | Poetry  | streaming  | youtube | cooking | cleaning | research  | new things  | power nap | songs | designing  | Documentary  | penpal | coding  | Tutorial,29,0,0,1,1
2020-11-19,Thursday,22,Positif,3,Cool,reading | Art | prayer | fasting  | walk | shower | podcast | Audio books  | writing | Watching series  | News Update | good meal | reddit | language learning  | streaming  | youtube | cooking | cleaning | research  | new things  | power nap | songs | designing  | Documentary  | penpal | coding  | Tutorial,27,0,0,1,1
2020-11-18,Wednesday,22,Positif,3,excited,learning  | prayer | fasting  | meditation  | shower | Audio books  | writing | Watching series  | News Update | good meal | reddit | language learning  | streaming  | youtube | cooking | cleaning | research  | new things  | power nap | Documentary  | penpal | coding  | Tutorial  | love,24,0,1,0,1
2020-11-18,Wednesday,22,Positif,3,blessed,learning  | prayer | fasting  | walk | meditation  | shower | Audio books  | writing | Watching series  | News Update | good meal | reddit | language learning  | streaming  | youtube | cooking | cleaning | new things  | power nap | songs | designing  | Documentary  | penpal | coding  | Tutorial  | love,26,0,1,1,1
2020-11-17,Tuesday,22,Positif,3,focused,reading | walk | meditation  | shower | Audio books  | writing | Watching series  | News Update | reddit | language learning  | streaming  | youtube | cooking | cleaning | research  | new things  | power nap | designing  | repair | Documentary  | penpal | coding  | Tutorial  | love | Recording,25,0,1,1,1
2020-11-16,Monday,22,Positif,3,focused,learning  | Art | prayer | fasting  | walk | meditation  | shower | podcast | Audio books  | Watching series  | News Update | good meal | reddit | language learning  | streaming  | youtube | cooking | cleaning | research  | new things  | power nap | designing  | repair | Documentary  | penpal | coding  | Tutorial  | love | Recording,29,0,1,1,1
2020-11-15,Sunday,23,Positif,3,yolo,learning  | Art | fasting  | shower | Audio books  | writing | Watching series  | News Update | good meal | reddit | streaming  | youtube | cooking | cleaning | research  | new things  | power nap | Email | songs | repair | Documentary  | penpal | coding  | Tutorial  | love,25,1,0,0,1
2020-11-14,Saturday,21,Positif,3,hungry,learning  | Art | fasting  | walk | shower | Audio books  | writing | Watching series  | News Update | good meal | reddit | language learning  | streaming  | youtube | cooking | cleaning | new things  | power nap | songs | designing  | repair | penpal | coding  | Tutorial  | love | Recording,26,1,0,1,1
2020-11-13,Friday,21,Positif,3,yolo,learning  | Art | prayer | fasting  | walk | shower | Audio books  | writing | Watching series  | reddit | language learning  | Poetry  | streaming  | youtube | cooking | holotropic  | cleaning | research  | new things  | power nap | songs | designing  | repair | Documentary  | penpal | coding  | Tutorial  | jobs | Recording  | weight log,30,0,0,1,1
2020-11-12,Thursday,22,Positif,3,focused,fasting  | Audio books  | writing | Watching series  | good meal | reddit | language learning  | yoga | streaming  | youtube | cooking | research  | power nap | songs | designing  | repair | penpal | coding  | Tutorial  | jobs,20,0,0,1,1
2020-11-11,Wednesday,5,Positif,3,excited,learning  | Art | prayer | fasting  | walk | shower | Audio books  | writing | Watching series  | News Update | good meal | reddit | language learning  | streaming  | youtube | cooking | travel | research  | new things  | power nap | Email | songs | designing  | Documentary  | penpal | coding  | Tutorial  | love | Recording,29,0,0,1,1
2020-11-10,Tuesday,5,Positif,3,focused,Art | fasting  | Quran  | walk | shower | Audio books  | writing | Watching series  | News Update | good meal | reddit | language learning  | streaming  | youtube | cooking | cleaning | research  | new things  | power nap | songs | designing  | Documentary  | penpal | coding  | Tutorial  | love | Recording,27,0,0,1,1
2020-11-09,Monday,21,Positif,3,good,learning  | prayer | fasting  | Quran  | walk | meditation  | shower | Dota 2 | podcast | Audio books  | writing | Watching series  | News Update | good meal | reddit | language learning  | shave  | streaming  | youtube | cooking | cleaning | research  | new things  | power nap | songs | designing  | repair | Documentary  | penpal | coding  | Tutorial,31,0,1,1,1
2020-11-08,Sunday,22,Positif,3,yolo,learning  | prayer | fasting  | shower | Audio books  | writing | Watching series  | News Update | good meal | reddit | language learning  | streaming  | youtube | cooking | research  | new things  | family | power nap | songs | penpal | coding  | Tutorial  | love,23,1,0,0,1
2020-11-07,Saturday,21,Positif,3,excited,learning  | fasting  | walk | Audio books  | writing | Watching series  | News Update | good meal | reddit | language learning  | streaming  | youtube | cooking | cleaning | research  | new things  | power nap | songs | designing  | repair | Documentary  | penpal | coding  | Tutorial  | love,25,1,0,1,1
2020-11-06,Friday,21,Positif,3,focused,learning  | prayer | fasting  | walk | Audio books  | writing | Watching series  | News Update | good meal | reddit | language learning  | streaming  | youtube | cooking | cleaning | research  | new things  | power nap | songs | Documentary  | penpal | coding  | Tutorial  | Recording,24,0,0,1,1
2020-11-05,Thursday,21,Positif,3,focused,reading | Art | fasting  | shower | Audio books  | writing | Watching series  | News Update | good meal | reddit | language learning  | streaming  | youtube | cooking | cleaning | research  | new things  | power nap | designing  | Documentary  | penpal | coding  | Tutorial  | love,24,0,0,0,1
2020-11-04,Wednesday,21,Positif,3,focused,learning  | Art | fasting  | walk | Audio books  | writing | Watching series  | News Update | good meal | reddit | language learning  | streaming  | youtube | cooking | cleaning | research  | new things  | power nap | songs | designing  | Documentary  | penpal | coding  | Tutorial  | jobs | love | Recording,27,0,0,1,1
2020-11-03,Tuesday,21,Positif,3,Cool,learning  | Art | prayer | fasting  | shower | Audio books  | writing | Watching series  | News Update | good meal | reddit | language learning  | streaming  | youtube | cooking | research  | new things  | power nap | songs | designing  | Documentary  | penpal | coding  | Tutorial  | love | Recording,26,0,0,0,1
2020-11-02,Monday,21,Positif,3,Cool,learning  | shower | podcast | Audio books  | writing | News Update | good meal | reddit | language learning  | streaming  | youtube | movies | cooking | cleaning | research  | new things  | power nap | songs | designing  | Documentary  | penpal | coding  | Tutorial  | love | Recording,25,0,0,0,1
2020-11-01,Sunday,21,Positif,3,focused,learning  | Art | fasting  | Audio books  | writing | Watching series  | News Update | good meal | reddit | language learning  | streaming  | youtube | cooking | cleaning | research  | new things  | power nap | Email | designing  | Documentary  | penpal | coding  | Tutorial,23,1,0,0,1
2020-10-31,Saturday,21,Positif,3,hungry,fasting  | walk | meditation  | Audio books  | writing | Watching series  | News Update | good meal | reddit | language learning  | streaming  | youtube | cooking | research  | new things  | power nap | songs | designing  | Documentary  | coding  | Tutorial  | love,22,1,1,1,1
2020-10-30,Friday,21,Positif,3,yolo,learning  | prayer | fasting  | Exercise  | walk | meditation  | shower | Dota 2 | Audio books  | writing | Watching series  | News Update | good meal | reddit | language learning  | streaming  | youtube | cleaning | research  | power nap | designing  | Documentary  | coding  | Tutorial  | love,25,0,1,1,1
2020-10-29,Thursday,21,Positif,3,hungry,reading | learning  | fasting  | walk | meditation  | shower | podcast | Audio books  | writing | Watching series  | News Update | good meal | reddit | language learning  | streaming  | youtube | cooking | cleaning | research  | new things  | power nap | Documentary  | coding  | Tutorial,24,0,1,1,1
2020-10-28,Wednesday,21,Positif,3,blessed,fasting  | walk | shower | Audio books  | writing | Watching series  | News Update | good meal | reddit | language learning  | streaming  | youtube | movies | cooking | research  | power nap | Documentary  | coding  | Tutorial  | love | Recording,21,0,0,1,1
2020-10-27,Tuesday,21,Positif,3,focused,prayer | Quran  | walk | meditation  | shower | Audio books  | writing | Watching series  | News Update | good meal | reddit | language learning  | streaming  | youtube | cooking | research  | power nap | designing  | repair | Documentary  | coding  | Tutorial  | love | Recording,24,0,1,1,1
2020-10-25,Sunday,19,Positif,3,blessed,learning  | fasting  | walk | Watching series  | News Update | good meal | reddit | language learning  | streaming  | youtube | cooking | research  | new things  | power nap | coding  | Tutorial,16,1,0,1,1
2020-10-24,Saturday,23,Positif,3,yolo,learning  | prayer | fasting  | walk | meditation  | Audio books  | writing | Watching series  | News Update | good meal | reddit | language learning  | streaming  | youtube | movies | cooking | cleaning | research  | power nap | songs | penpal | coding  | Tutorial  | jobs,24,1,1,1,1
2020-10-22,Thursday,21,Positif,3,focused,learning  | prayer | fasting  | Quran  | walk | meditation  | shower | Audio books  | writing | Watching series  | News Update | good meal | reddit | language learning  | streaming  | youtube | cooking | research  | new things  | power nap | songs | Documentary  | penpal | coding  | Tutorial,25,0,1,1,1
2020-10-21,Wednesday,14,Positif,3,blessed,learning  | fasting  | Exercise  | meditation  | shower | Dota 2 | podcast | Audio books  | writing | Watching series  | News Update | good meal | reddit | language learning  | streaming  | youtube | cooking | cleaning | research  | power nap | songs | Documentary  | coding  | Tutorial,24,0,1,1,1
2020-10-18,Sunday,21,Positif,3,focused,fasting  | Exercise  | Quran  | walk | meditation  | Audio books  | writing | Watching series  | News Update | good meal | reddit | language learning  | streaming  | youtube | cooking | cleaning | research  | power nap | Email | coding  | Tutorial,21,1,1,1,1
2020-10-17,Saturday,21,Positif,3,focused,prayer | fasting  | Exercise  | walk | meditation  | shower | Audio books  | writing | Watching series  | News Update | good meal | reddit | language learning  | streaming  | youtube | research  | new things  | Email | songs | repair | Documentary  | penpal | coding  | Tutorial,24,1,1,1,1
2020-10-15,Thursday,21,Positif,3,focused,learning  | prayer | fasting  | Quran  | walk | meditation  | shower | Audio books  | writing | Watching series  | News Update | good meal | reddit | language learning  | streaming  | youtube | cooking | cleaning | research  | new things  | power nap | Documentary  | penpal | coding  | Tutorial,25,0,1,1,1
2020-10-14,Wednesday,21,Positif,3,focused,learning  | fasting  | walk | meditation  | shower | Audio books  | writing | Watching series  | News Update | good meal | reddit | language learning  | Poetry  | streaming  | youtube | cooking | cleaning | research  | new things  | power nap | Email | songs | repair | penpal | coding  | Tutorial,26,0,1,1,1
2020-10-13,Tuesday,21,Positif,3,focused,learning  | prayer | fasting  | Quran  | walk | meditation  | shower | Audio books  | writing | Watching series  | News Update | good meal | reddit | language learning  | streaming  | youtube | cooking | cleaning | research  | new things  | power nap | Documentary  | penpal | coding  | Tutorial,25,0,1,1,1
2020-10-12,Monday,21,Positif,3,focused,learning  | prayer | fasting  | walk | meditation  | shower | Dota 2 | Audio books  | writing | Watching series  | News Update | good meal | reddit | language learning  | streaming  | youtube | cooking | cleaning | research  | new things  | power nap | Email | Documentary  | penpal | coding  | Tutorial,26,0,1,1,1
2020-10-01,Thursday,14,Positif,3,focused,learning  | Art | prayer | fasting  | walk | meditation  | shower | Audio books  | writing | Watching series  | News Update | good meal | reddit | language learning  | Poetry  | streaming  | youtube | cooking | cleaning | research  | power nap | songs | Documentary  | penpal | coding  | Tutorial  | jobs,27,0,1,1,1
2020-09-27,Sunday,21,Positif,3,Chill,prayer | fasting  | Exercise  | Quran  | walk | meditation  | Audio books  | Watching series  | News Update | good meal | reddit | language learning  | streaming  | youtube | cooking | cleaning | research  | new things  | power nap | Documentary  | penpal | coding  | Tutorial,23,1,1,1,1
2020-09-26,Saturday,12,Positif,3,blessed,reading | learning  | prayer | fasting  | Quran  | walk | shower | Audio books  | Watching series  | News Update | good meal | reddit | language learning  | streaming  | youtube | cleaning | research  | new things  | power nap | repair | Documentary  | penpal | coding  | Tutorial,24,1,0,1,1
2020-09-21,Monday,21,Positif,3,focused,learning  | prayer | fasting  | Quran  | walk | meditation  | shower | Audio books  | Watching series  | good meal | reddit | language learning  | streaming  | youtube | cooking | cleaning | research  | new things  | power nap | Documentary  | penpal | coding  | Tutorial,23,0,1,1,1
2020-09-20,Sunday,21,Positif,3,focused,learning  | prayer | fasting  | walk | meditation  | shower | Audio books  | Watching series  | News Update | good meal | reddit | language learning  | streaming  | youtube | cooking | cleaning | research  | new things  | power nap | songs | penpal | coding  | Tutorial,23,1,1,1,1
2020-09-17,Thursday,22,Positif,3,focused,reading | prayer | fasting  | Quran  | walk | meditation  | Audio books  | Watching series  | News Update | good meal | reddit | language learning  | streaming  | youtube | new things  | songs | designing  | penpal | coding  | Tutorial  | love,21,0,1,1,1
2020-09-15,Tuesday,22,Positif,3,focused,learning  | News Update | good meal | reddit | language learning  | streaming  | youtube | cooking | research  | new things  | power nap | penpal | coding  | Tutorial  | love | Recording,16,0,0,0,1
2020-09-13,Sunday,20,Positif,3,hungry,learning  | walk | meditation  | Audio books  | Watching series  | News Update | good meal | reddit | language learning  | streaming  | youtube | cooking | research  | new things  | power nap | Documentary  | penpal | coding  | Tutorial,19,1,1,1,1
2020-09-12,Saturday,20,Positif,3,excited,learning  | Art | prayer | fasting  | Quran  | walk | meditation  | podcast | Audio books  | Watching series  | News Update | good meal | reddit | language learning  | streaming  | youtube | research  | songs | penpal | coding  | Tutorial  | Recording,22,1,1,1,1
2020-09-11,Friday,21,Positif,3,focused,learning  | prayer | fasting  | Quran  | walk | meditation  | shower | Audio books  | Watching series  | News Update | good meal | reddit | language learning  | streaming  | youtube | holotropic  | cleaning | research  | new things  | Documentary  | penpal | coding  | Tutorial  | Recording,24,0,1,1,1
2020-09-10,Thursday,20,Positif,3,excited,reading | learning  | Art | prayer | fasting  | Quran  | walk | meditation  | shower | Audio books  | writing | Watching series  | News Update | good meal | reddit | language learning  | yoga | shave  | trimming  | Poetry  | streaming  | youtube | cooking | holotropic  | cleaning | research  | new things  | songs | Documentary  | penpal | coding  | Tutorial  | Recording,33,0,1,1,1
2020-09-09,Wednesday,21,Positif,3,Cool,learning  | prayer | Quran  | walk | meditation  | shower | Audio books  | writing | Watching series  | News Update | good meal | reddit | language learning  | shave  | Poetry  | streaming  | youtube | cooking | research  | new things  | family | Email | songs | Documentary  | shopping | coding  | Tutorial  | Recording,28,0,1,1,1
2020-09-08,Tuesday,20,Positif,3,Cool,learning  | prayer | fasting  | Quran  | walk | meditation  | shower | Audio books  | writing | Watching series  | News Update | good meal | reddit | language learning  | streaming  | youtube | holotropic  | new things  | songs | penpal | coding  | Tutorial  | jobs | Recording,24,0,1,1,1
2020-09-07,Monday,21,Positif,3,excited,prayer | fasting  | Quran  | walk | meditation  | shower | Audio books  | Watching series  | News Update | good meal | reddit | language learning  | shave  | streaming  | youtube | cooking | cleaning | power nap | songs | Documentary  | penpal | coding  | Tutorial  | jobs | Recording,25,0,1,1,1
2020-09-06,Sunday,21,Positif,3,over the moon,Art | fasting  | Quran  | walk | meditation  | Audio books  | writing | Watching series  | News Update | good meal | reddit | language learning  | streaming  | youtube | cooking | holotropic  | research  | new things  | power nap | Documentary  | penpal | coding  | Tutorial  | Recording,24,1,1,1,1
2020-09-05,Saturday,21,Positif,3,focused,learning  | Art | fasting  | Quran  | walk | meditation  | Audio books  | writing | Watching series  | News Update | good meal | reddit | language learning  | streaming  | youtube | research  | new things  | power nap | Email | Documentary  | penpal | coding  | Tutorial  | Recording,24,1,1,1,1
2020-09-04,Friday,19,Positif,3,focused,learning  | Art | prayer | fasting  | Quran  | walk | meditation  | shower | podcast | Audio books  | writing | Watching series  | News Update | good meal | reddit | language learning  | shave  | streaming  | youtube | cooking | holotropic  | power nap | Documentary  | penpal | coding  | Tutorial  | Recording,27,0,1,1,1
2020-09-03,Thursday,21,Positif,3,blessed,Art | prayer | fasting  | Quran  | walk | meditation  | shower | podcast | Audio books  | writing | Watching series  | News Update | good meal | reddit | language learning  | streaming  | youtube | cooking | research  | power nap | songs | Documentary  | penpal | shopping | coding  | Recording,26,0,1,1,1
2020-09-01,Tuesday,19,Positif,3,Chill,reading | learning  | Art | fasting  | Quran  | walk | meditation  | Audio books  | writing | Watching series  | News Update | good meal | reddit | language learning  | streaming  | youtube | movies | power nap | songs | Documentary  | penpal | coding  | Tutorial  | Recording,24,0,1,1,1
2020-08-23,Sunday,21,Positif,3,good,reading | Art | prayer | fasting  | Exercise  | Quran  | walk | meditation  | shower | Dota 2 | Audio books  | writing | Watching series  | News Update | good meal | reddit | language learning  | streaming  | youtube | cleaning | research  | new things  | family | designing  | Documentary  | friends | penpal | coding  | Tutorial  | love | Recording,31,1,1,1,1
2020-08-21,Friday,21,Positif,3,hungry,reading | Art | prayer | fasting  | Quran  | walk | meditation  | shower | Dota 2 | Audio books  | News Update | good meal | reddit | language learning  | Poetry  | streaming  | youtube | songs | Documentary  | shopping | coding  | Tutorial  | Recording,23,0,1,1,1
2020-08-09,Sunday,21,Positif,3,hungry,reading | prayer | fasting  | Quran  | walk | meditation  | shower | Dota 2 | podcast | Audio books  | writing | Watching series  | News Update | good meal | reddit | language learning  | streaming  | youtube | power nap | songs | love,21,1,1,1,1
2020-08-08,Saturday,21,Positif,3,Chill,fasting  | Quran  | meditation  | shower | Dota 2 | podcast | writing | Watching series  | News Update | good meal | reddit | language learning  | streaming  | youtube | Documentary  | love,16,1,1,0,1
2020-08-03,Monday,21,Positif,3,blessed,Art | Write dairy  | prayer | fasting  | Quran  | walk | meditation  | shower | Dota 2 | podcast | Audio books  | writing | Watching series  | News Update | good meal | reddit | language learning  | streaming  | youtube | cleaning | power nap | songs | designing  | love,24,0,1,1,1
2020-07-31,Friday,21,Positif,3,blessed,reading | Art | Write dairy  | prayer | fasting  | Quran  | walk | meditation  | shower | Dota 2 | podcast | Audio books  | writing | Watching series  | News Update | good meal | reddit | language learning  | streaming  | youtube | movies | cleaning | research  | new things  | power nap | songs | designing  | Documentary  | Tutorial  | love | Recording,31,0,1,1,1
2020-07-28,Tuesday,22,Positif,3,yolo,learning  | prayer | fasting  | Quran  | walk | meditation  | shower | Dota 2 | Audio books  | writing | Watching series  | News Update | good meal | reddit | language learning  | streaming  | youtube | power nap | songs | designing  | love,21,0,1,1,1
2020-07-27,Monday,21,Positif,3,focused,learning  | Art | prayer | fasting  | Quran  | walk | meditation  | shower | Dota 2 | podcast | Audio books  | writing | Watching series  | News Update | good meal | reddit | language learning  | shave  | trimming  | streaming  | youtube | cleaning | research  | power nap | songs | love | kaballah,27,0,1,1,1
2020-07-23,Thursday,19,Positif,3,over the moon,learning  | Art | prayer | fasting  | Quran  | walk | meditation  | shower | Dota 2 | Audio books  | writing | Watching series  | News Update | good meal | language learning  | streaming  | youtube | cleaning | research  | Documentary  | Tutorial  | love,22,0,1,1,1
2020-07-22,Wednesday,21,Positif,3,Chill,learning  | Art | Write dairy  | prayer | fasting  | Quran  | walk | meditation  | Dota 2 | Audio books  | writing | Watching series  | News Update | good meal | reddit | language learning  | streaming  | youtube | research  | new things  | family | power nap | songs | designing  | Tutorial  | Recording,26,0,1,1,1
2020-07-21,Tuesday,21,Positif,3,hungry,reading | learning  | Write dairy  | prayer | Quran  | walk | meditation  | shower | Dota 2 | podcast | Audio books  | writing | Watching series  | News Update | good meal | reddit | language learning  | streaming  | youtube | movies | cleaning | research  | new things  | power nap | songs | designing,26,0,1,1,1
2020-07-18,Saturday,21,Positif,3,blessed,reading | learning  | Art | prayer | fasting  | Quran  | walk | meditation  | shower | podcast | Audio books  | writing | Watching series  | News Update | good meal | reddit | language learning  | streaming  | youtube | movies | power nap | songs | Documentary  | love,24,1,1,1,1
2020-07-16,Thursday,21,Positif,3,hungry,learning  | Art | Write dairy  | prayer | fasting  | Quran  | walk | meditation  | shower | podcast | Audio books  | writing | Watching series  | News Update | good meal | reddit | language learning  | streaming  | youtube | movies | power nap | songs | designing  | love | Recording,25,0,1,1,1
2020-07-15,Wednesday,1,Positif,3,blessed,learning  | Art | prayer | fasting  | Quran  | walk | meditation  | shower | Dota 2 | podcast | Audio books  | writing | Watching series  | News Update | good meal | reddit | language learning  | streaming  | youtube | movies | power nap | songs | Documentary  | love,24,0,1,1,1
2020-07-14,Tuesday,20,Positif,3,blessed,reading | Art | prayer | Quran  | walk | meditation  | shower | Dota 2 | Audio books  | writing | Watching series  | News Update | good meal | reddit | language learning  | shave  | streaming  | youtube | movies | research  | new things  | power nap | songs | Tutorial  | love | weight log,26,0,1,1,1
2020-07-12,Sunday,21,Positif,3,focused,Art | Write dairy  | prayer | fasting  | Quran  | walk | meditation  | shower | Dota 2 | podcast | Audio books  | writing | Watching series  | News Update | good meal | reddit | language learning  | streaming  | youtube | new things  | family | power nap | songs | designing  | penpal | love | Recording,27,1,1,1,1
2020-07-11,Saturday,21,Positif,3,excited,reading | learning  | Art | Write dairy  | prayer | Quran  | walk | meditation  | shower | Dota 2 | podcast | Audio books  | writing | Watching series  | News Update | good meal | reddit | language learning  | shave  | streaming  | youtube | movies | cleaning | research  | family | power nap | Email | designing  | Documentary  | Tutorial  | love,31,1,1,1,1
2020-07-10,Friday,19,Positif,3,focused,reading | learning  | Art | Write dairy  | prayer | fasting  | Quran  | walk | meditation  | shower | Dota 2 | Audio books  | writing | News Update | good meal | reddit | language learning  | streaming  | youtube | songs | love | Recording,22,0,1,1,1
2020-07-09,Thursday,22,Positif,3,good,reading | learning  | Art | Write dairy  | prayer | Quran  | meditation  | shower | Audio books  | writing | Watching series  | News Update | good meal | reddit | language learning  | streaming  | youtube | research  | family | power nap | songs | Documentary  | Tutorial  | love | Recording,25,0,1,0,1
2020-07-08,Wednesday,19,Positif,3,Chill,reading | prayer | Quran  | walk | meditation  | Audio books  | writing | Watching series  | News Update | good meal | reddit | language learning  | streaming  | youtube | cleaning | family | power nap | songs,18,0,1,1,1
2020-07-06,Monday,10,Positif,3,Chill,reading | prayer | walk | shower | Dota 2 | podcast | Watching series  | good meal | reddit | language learning  | shave  | trimming  | streaming  | youtube | power nap | Email | songs | love,18,0,0,1,1
2020-07-02,Thursday,22,Positif,3,blessed,reading | learning  | prayer | Quran  | walk | meditation  | shower | podcast | Audio books  | writing | Watching series  | News Update | good meal | reddit | language learning  | streaming  | youtube | research  | family | power nap | songs | Documentary  | penpal,23,0,1,1,1
2020-07-01,Wednesday,20,Positif,3,blessed,reading | learning  | prayer | fasting  | Quran  | walk | meditation  | shower | Dota 2 | Audio books  | writing | News Update | good meal | reddit | language learning  | streaming  | youtube | family | power nap | Email | songs | love,22,0,1,1,1
2020-06-30,Tuesday,21,Positif,3,yolo,Art | prayer | fasting  | walk | shower | Audio books  | writing | Watching series  | News Update | good meal | reddit | streaming  | youtube | power nap | love,15,0,0,1,1
2020-06-27,Saturday,21,Positif,3,excited,reading | learning  | Art | prayer | fasting  | Quran  | walk | meditation  | shower | Audio books  | writing | Watching series  | News Update | good meal | reddit | streaming  | youtube | movies | family | power nap | songs | Documentary  | Tutorial  | love,24,1,1,1,1
2020-06-25,Thursday,21,Positif,3,over the moon,reading | learning  | Art | prayer | fasting  | Quran  | walk | meditation  | shower | News Update | good meal | reddit | language learning  | streaming  | youtube | power nap | Email | songs | love | Recording,20,0,1,1,1
2020-06-24,Wednesday,21,Positif,3,good,reading | Art | Write dairy  | prayer | Quran  | walk | meditation  | shower | Audio books  | writing | Watching series  | News Update | good meal | reddit | streaming  | youtube | cleaning | power nap | Email | songs | designing  | friends | love,23,0,1,1,1
2020-06-21,Sunday,23,Positif,3,blessed,reading | learning  | Art | Write dairy  | prayer | fasting  | Quran  | walk | meditation  | shower | Audio books  | writing | Watching series  | News Update | good meal | reddit | streaming  | youtube | family | songs | Documentary  | shopping | Tutorial  | Recording  | video editing,25,1,1,1,1
2020-06-19,Friday,21,Positif,3,happiest day,reading | Art | prayer | fasting  | Quran  | walk | meditation  | shower | Dota 2 | podcast | Audio books  | writing | Watching series  | News Update | good meal | reddit | streaming  | youtube | power nap | songs | Documentary  | penpal | love,23,0,1,1,1
2020-06-18,Thursday,22,Positif,3,good,reading | learning  | Art | prayer | fasting  | Quran  | walk | meditation  | shower | Dota 2 | podcast | Audio books  | News Update | good meal | reddit | language learning  | streaming  | youtube | research  | new things  | power nap | songs | friends | penpal | love,25,0,1,1,1
2020-06-17,Wednesday,11,Positif,3,blessed,reading | prayer | fasting  | Quran  | walk | meditation  | Dota 2 | Audio books  | Watching series  | News Update | good meal | reddit | streaming  | youtube | movies | cleaning | Email | songs | penpal | love,20,0,1,1,1
2020-06-16,Tuesday,21,Positif,3,blessed,reading | learning  | walk | meditation  | Dota 2 | writing | Watching series  | good meal | reddit | language learning  | streaming  | youtube | power nap | songs | penpal | love,16,0,1,1,1
2020-06-15,Monday,21,Positif,3,blessed,Art | walk | Dota 2 | Audio books  | Watching series  | News Update | good meal | reddit | streaming  | youtube | movies | research  | new things  | family | Documentary  | penpal | love,17,0,0,1,1
2020-06-14,Sunday,21,Positif,3,over the moon,reading | walk | shower | Dota 2 | writing | Watching series  | News Update | good meal | reddit | streaming  | youtube | movies | family | Documentary  | friends | penpal | love,17,1,0,1,1
2020-06-13,Saturday,6,Positif,3,over the moon,walk | shower | Audio books  | writing | Watching series  | News Update | good meal | reddit | language learning  | streaming  | youtube | new things  | power nap | songs | penpal,15,1,0,1,1
2020-06-12,Friday,22,Positif,3,yolo,walk | shower | Audio books  | Watching series  | News Update | good meal | reddit | language learning  | streaming  | youtube | power nap | songs,12,0,0,1,1
2020-06-10,Wednesday,11,Positif,3,blessed,Art | Quran  | walk | meditation  | shower | writing | Watching series  | good meal | reddit | language learning  | streaming  | youtube | power nap | songs | penpal,15,0,1,1,1
2020-06-09,Tuesday,23,Positif,3,yolo,learning  | walk | shower | Audio books  | News Update | good meal | reddit | language learning  | streaming  | youtube | power nap | songs | penpal,13,0,0,1,1
2020-06-01,Monday,21,Positif,3,yolo,learning  | Write dairy  | prayer | Quran  | walk | meditation  | shower | writing | Watching series  | News Update | good meal | reddit | language learning  | streaming  | youtube | power nap | songs,17,0,1,1,1
2020-05-28,Thursday,22,Positif,3,yolo,learning  | Write dairy  | prayer | fasting  | Quran  | walk | meditation  | shower | Audio books  | writing | Watching series  | News Update | good meal | reddit | language learning  | streaming  | youtube | new things  | power nap | songs | penpal,21,0,1,1,1
2020-05-27,Wednesday,0,Positif,3,excited,prayer | shower | podcast | Audio books  | News Update | good meal | reddit | streaming  | youtube | songs,10,0,0,0,1
2020-05-26,Tuesday,22,Positif,3,excited,reading | learning  | Art | prayer | Quran  | walk | meditation  | shower | writing | Watching series  | good meal | reddit | language learning  | streaming  | youtube | new things  | Email | songs | designing  | penpal,20,0,1,1,1
2020-05-25,Monday,23,Positif,3,excited,reading | learning  | Art | Write dairy  | prayer | Quran  | walk | meditation  | shower | writing | Watching series  | News Update | good meal | reddit | language learning  | streaming  | youtube | new things  | songs | penpal,20,0,1,1,1
2020-05-24,Sunday,23,Positif,3,excited,prayer | shower | News Update | good meal | reddit | streaming  | youtube | new things  | songs,9,1,0,0,1
2020-05-23,Saturday,23,Positif,3,yolo,reading | learning  | Art | prayer | fasting  | Quran  | walk | meditation  | shower | writing | Watching series  | News Update | good meal | reddit | language learning  | streaming  | youtube | new things  | power nap | songs,20,1,1,1,1
2020-05-22,Friday,21,Positif,3,blessed,prayer | Quran  | walk | shower | good meal | streaming  | youtube,7,0,0,1,1
2020-05-18,Monday,21,Positif,3,excited,learning  | Art | prayer | fasting  | Exercise  | Quran  | walk | meditation  | shower | Dota 2 | podcast | Audio books  | Watching series  | News Update | good meal | reddit | language learning  | streaming  | youtube | new things  | songs | Tutorial,22,0,1,1,1
2020-05-17,Sunday,21,Positif,3,excited,reading | learning  | Art | prayer | fasting  | Quran  | walk | meditation  | shower | podcast | Audio books  | writing | Watching series  | News Update | good meal | reddit | language learning  | streaming  | youtube | research  | new things  | power nap | Email | songs,24,1,1,1,1
2020-05-16,Saturday,13,Positif,3,excited,reading | learning  | Art | prayer | fasting  | Exercise  | Quran  | walk | meditation  | shower | writing | Watching series  | News Update | good meal | reddit | language learning  | streaming  | youtube | power nap | songs,20,1,1,1,1
2020-05-15,Friday,22,Positif,3,blessed,reading | learning  | Art | Write dairy  | prayer | fasting  | Quran  | walk | meditation  | shower | podcast | Audio books  | writing | Watching series  | News Update | good meal | reddit | language learning  | streaming  | youtube | songs | Tutorial,22,0,1,1,1
2020-05-14,Thursday,22,Positif,3,excited,reading | learning  | Art | Write dairy  | prayer | fasting  | Exercise  | Quran  | walk | meditation  | shower | Audio books  | writing | Watching series  | News Update | good meal | reddit | language learning  | streaming  | youtube | power nap | songs | designing  | Tutorial  | weight log,25,0,1,1,1
2020-05-13,Wednesday,23,Positif,3,excited,reading | learning  | Art | Write dairy  | prayer | fasting  | Exercise  | Quran  | walk | meditation  | shower | Audio books  | writing | News Update | good meal | reddit | language learning  | streaming  | youtube | new things  | songs | Tutorial  | weight log,23,0,1,1,1
2020-05-12,Tuesday,21,Positif,3,excited,reading | learning  | Art | Write dairy  | prayer | fasting  | Exercise  | Quran  | walk | meditation  | shower | podcast | Audio books  | writing | Watching series  | News Update | good meal | reddit | language learning  | streaming  | youtube | new things  | family | Email | songs | Tutorial  | weight log,27,0,1,1,1
2020-05-11,Monday,22,Positif,3,Cool,reading | learning  | Art | Write dairy  | prayer | fasting  | Quran  | walk | meditation  | shower | Audio books  | writing | Watching series  | News Update | good meal | reddit | streaming  | youtube | movies | new things  | family | power nap | Email | songs | designing  | Tutorial,26,0,1,1,1
2020-05-10,Sunday,11,Positif,3,over the moon,reading | learning  | Art | Write dairy  | prayer | fasting  | Quran  | walk | meditation  | shower | Audio books  | News Update | good meal | reddit | streaming  | youtube | new things  | Email | songs | Tutorial  | weight log,21,1,1,1,1
2020-05-09,Saturday,11,Positif,3,yolo,reading | learning  | Art | Write dairy  | prayer | fasting  | Quran  | walk | meditation  | shower | Audio books  | writing | News Update | good meal | reddit | streaming  | youtube | research  | new things  | songs | Tutorial,21,1,1,1,1
2020-05-08,Friday,10,Positif,3,Cool,reading | learning  | Art | Write dairy  | prayer | fasting  | Quran  | walk | meditation  | shower | Audio books  | writing | News Update | good meal | reddit | language learning  | streaming  | youtube | movies | research  | new things  | Email | songs | designing  | Tutorial  | weight log,26,0,1,1,1
2020-05-07,Thursday,21,Positif,3,excited,reading | learning  | Art | Write dairy  | prayer | fasting  | Quran  | walk | meditation  | shower | Audio books  | writing | News Update | good meal | reddit | streaming  | youtube | research  | power nap | songs | designing,21,0,1,1,1
2020-05-06,Wednesday,21,Positif,3,excited,learning  | Art | Write dairy  | prayer | fasting  | Quran  | walk | meditation  | shower | Audio books  | News Update | good meal | reddit | streaming  | youtube | power nap | songs,17,0,1,1,1
2020-05-05,Tuesday,21,Positif,3,yolo,learning  | Art | Write dairy  | prayer | fasting  | Quran  | walk | meditation  | shower | Audio books  | News Update | good meal | reddit | streaming  | youtube | power nap | songs,17,0,1,1,1
2020-05-04,Monday,20,Positif,3,blessed,reading | learning  | Art | prayer | fasting  | Quran  | walk | meditation  | shower | Audio books  | Watching series  | News Update | good meal | reddit | streaming  | youtube | new things  | power nap | songs,19,0,1,1,1
2020-05-02,Saturday,21,Positif,3,excited,reading | learning  | prayer | fasting  | Quran  | walk | meditation  | shower | Watching series  | News Update | good meal | reddit | streaming  | youtube | power nap | songs,16,1,1,1,1
2020-05-01,Friday,21,Positif,3,blessed,reading | learning  | prayer | fasting  | Quran  | walk | meditation  | podcast | Audio books  | Watching series  | good meal | reddit | streaming  | youtube | power nap | songs | designing,17,0,1,1,1
2020-04-30,Thursday,8,Positif,3,focused,reading | learning  | prayer | fasting  | Quran  | walk | meditation  | Audio books  | News Update | good meal | reddit | streaming  | youtube | research  | new things  | songs,16,0,1,1,1
2020-04-28,Tuesday,21,Positif,3,yolo,reading | learning  | Write dairy  | prayer | fasting  | Quran  | walk | meditation  | shower | Audio books  | Watching series  | News Update | good meal | reddit | streaming  | youtube | power nap | songs | designing  | penpal | weight log,21,0,1,1,1
2020-04-27,Monday,19,Positif,3,Cool,reading | learning  | prayer | fasting  | Quran  | walk | meditation  | shower | Audio books  | writing | Watching series  | News Update | good meal | reddit | streaming  | youtube | power nap | songs,18,0,1,1,1
2020-04-26,Sunday,21,Positif,3,over the moon,reading | learning  | Write dairy  | prayer | fasting  | Quran  | walk | meditation  | shower | Audio books  | writing | Watching series  | News Update | good meal | reddit | streaming  | youtube | cleaning | research  | new things  | power nap | songs,22,1,1,1,1
2020-04-25,Saturday,21,Positif,3,blessed,Write dairy  | prayer | fasting  | Quran  | walk | meditation  | shower | writing | Watching series  | News Update | good meal | reddit | streaming  | youtube | power nap | songs | designing  | penpal,18,1,1,1,1
2020-04-24,Friday,23,Positif,3,focused,walk | Watching series  | News Update | good meal | reddit | streaming  | youtube | songs | penpal,9,0,0,1,1
2020-04-23,Thursday,21,Positif,3,excited,prayer | fasting  | walk | meditation  | shower | Dota 2 | writing | Watching series  | News Update | good meal | reddit | streaming  | youtube | songs | designing  | penpal,16,0,1,1,1
2020-04-21,Tuesday,21,Positif,3,excited,prayer | fasting  | Quran  | walk | meditation  | shower | Dota 2 | Audio books  | Watching series  | News Update | good meal | reddit | streaming  | youtube | power nap | songs | penpal,17,0,1,1,1
2020-04-20,Monday,21,Positif,3,yolo,prayer | Quran  | meditation  | shower | Audio books  | Watching series  | News Update | good meal | reddit | streaming  | youtube | power nap | songs | penpal,14,0,1,0,1
2020-04-18,Saturday,21,Positif,3,hungry,prayer | Quran  | walk | meditation  | shower | Dota 2 | podcast | writing | Watching series  | News Update | good meal | reddit | streaming  | youtube | power nap | songs | designing  | penpal,18,1,1,1,1
2020-04-17,Friday,21,Positif,3,yolo,prayer | walk | meditation  | shower | Dota 2 | Audio books  | writing | Watching series  | News Update | good meal | reddit | streaming  | youtube | power nap | songs | penpal,16,0,1,1,1
2020-04-16,Thursday,22,Positif,3,Cool,prayer | walk | meditation  | shower | Dota 2 | Watching series  | News Update | good meal | reddit | streaming  | youtube | family | power nap | songs | penpal | weight log,16,0,1,1,1
2020-04-15,Wednesday,21,Positif,3,Cool,prayer | fasting  | walk | meditation  | shower | Dota 2 | Audio books  | writing | Watching series  | News Update | good meal | reddit | streaming  | youtube | power nap | songs | penpal,17,0,1,1,1
2020-04-14,Tuesday,21,Positif,3,excited,Art | prayer | walk | meditation  | Audio books  | Watching series  | News Update | good meal | reddit | streaming  | youtube | new things  | power nap | songs | penpal,15,0,1,1,1
2020-04-13,Monday,21,Positif,3,excited,prayer | fasting  | walk | meditation  | shower | Audio books  | Watching series  | News Update | good meal | reddit | streaming  | youtube | new things  | songs | penpal,15,0,1,1,1
2020-04-12,Sunday,21,Positif,3,yolo,prayer | walk | meditation  | shower | Watching series  | News Update | good meal | reddit | streaming  | youtube | power nap | songs | penpal,13,1,1,1,1
2020-04-10,Friday,21,Positif,3,blessed,Art | prayer | shower | podcast | Audio books  | writing | Watching series  | News Update | good meal | reddit | streaming  | youtube | power nap | songs | penpal | keto,16,0,0,0,1
2020-04-08,Wednesday,19,Positif,3,excited,prayer | fasting  | Exercise  | Quran  | walk | meditation  | shower | podcast | Audio books  | writing | Watching series  | News Update | good meal | reddit | streaming  | youtube | family | power nap | songs | penpal,20,0,1,1,1
2020-04-06,Monday,21,Positif,3,hungry,Art | prayer | walk | meditation  | shower | Dota 2 | podcast | Audio books  | writing | Watching series  | News Update | good meal | reddit | streaming  | youtube | power nap | songs | designing  | penpal,19,0,1,1,1
2020-04-05,Sunday,21,Positif,3,over the moon,Art | fasting  | walk | meditation  | Audio books  | writing | Watching series  | News Update | good meal | reddit | streaming  | youtube | cleaning | power nap | songs | penpal,16,1,1,1,1
2020-04-04,Saturday,21,Positif,3,excited,Art | prayer | walk | meditation  | shower | writing | Watching series  | News Update | good meal | reddit | streaming  | youtube | cleaning | power nap | songs,15,1,1,1,1
2020-04-03,Friday,21,Positif,3,excited,prayer | shower | Dota 2 | Audio books  | writing | Watching series  | good meal | reddit | streaming  | youtube | power nap | songs | penpal,13,0,0,0,1
2020-04-02,Thursday,21,Positif,3,excited,prayer | walk | meditation  | shower | Audio books  | writing | Watching series  | News Update | good meal | reddit | streaming  | youtube | cleaning | power nap | songs | penpal | weight log,17,0,1,1,1
2020-04-01,Wednesday,22,Positif,3,over the moon,Art | prayer | walk | meditation  | shower | Audio books  | Watching series  | News Update | good meal | reddit | streaming  | youtube | power nap | songs | penpal,15,0,1,1,1
2020-03-31,Tuesday,21,Positif,3,Cool,fasting  | walk | meditation  | Audio books  | Watching series  | News Update | good meal | reddit | streaming  | youtube | power nap | songs | penpal,13,0,1,1,1
2020-03-30,Monday,21,Positif,3,yolo,prayer | walk | meditation  | shower | Watching series  | News Update | good meal | reddit | streaming  | youtube | power nap | songs | penpal,13,0,1,1,1
2020-03-29,Sunday,21,Positif,3,over the moon,prayer | fasting  | walk | meditation  | shower | Dota 2 | Audio books  | Watching series  | News Update | good meal | reddit | streaming  | youtube | power nap | songs | penpal,16,1,1,1,1
2020-03-28,Saturday,21,Positif,3,excited,prayer | walk | meditation  | Audio books  | Watching series  | News Update | good meal | reddit | streaming  | youtube | power nap | songs | phd,13,1,1,1,1
2020-03-27,Friday,23,Positif,3,Cool,prayer | fasting  | meditation  | shower | Audio books  | Watching series  | News Update | good meal | reddit | streaming  | youtube | power nap | songs | penpal,14,0,1,0,1
2020-03-26,Thursday,21,Positif,3,excited,prayer | fasting  | walk | meditation  | shower | podcast | Audio books  | Watching series  | News Update | good meal | reddit | streaming  | youtube | power nap | songs | penpal | weight log,17,0,1,1,1
2020-03-25,Wednesday,20,Positif,3,excited,prayer | fasting  | walk | meditation  | shower | podcast | Audio books  | writing | Watching series  | News Update | good meal | reddit | streaming  | youtube | power nap | songs | penpal | weight log,18,0,1,1,1
2020-03-24,Tuesday,20,Positif,3,excited,prayer | walk | meditation  | Dota 2 | podcast | Audio books  | News Update | good meal | reddit | streaming  | youtube | power nap | songs | designing  | penpal,15,0,1,1,1
2020-03-23,Monday,20,Positif,3,excited,prayer | walk | meditation  | shower | podcast | Audio books  | writing | Watching series  | News Update | good meal | reddit | streaming  | youtube | power nap | songs | penpal,16,0,1,1,1
2020-03-22,Sunday,21,Positif,3,excited,prayer | fasting  | walk | meditation  | Audio books  | Watching series  | News Update | good meal | reddit | streaming  | youtube | family | power nap | songs,14,1,1,1,1
2020-03-21,Saturday,21,Positif,3,Cool,prayer | walk | meditation  | shower | Dota 2 | Audio books  | Watching series  | News Update | good meal | reddit | streaming  | youtube | power nap | songs | penpal,15,1,1,1,1
2020-03-19,Thursday,21,Positif,3,Cool,prayer | walk | meditation  | Dota 2 | Audio books  | Watching series  | News Update | good meal | reddit | streaming  | youtube | power nap | songs | penpal | keto,15,0,1,1,1
2020-03-18,Wednesday,21,Positif,3,excited,prayer | fasting  | Quran  | walk | meditation  | shower | Audio books  | Watching series  | News Update | good meal | reddit | streaming  | youtube | power nap | songs | penpal,16,0,1,1,1
2020-03-17,Tuesday,21,Positif,3,excited,prayer | fasting  | walk | meditation  | shower | Dota 2 | Audio books  | Watching series  | News Update | good meal | reddit | streaming  | youtube | power nap | songs | penpal | weight log,17,0,1,1,1
2020-03-16,Monday,21,Positif,3,excited,prayer | fasting  | walk | meditation  | shower | Audio books  | Watching series  | News Update | good meal | reddit | streaming  | youtube | power nap | songs | designing  | penpal,16,0,1,1,1
2020-03-15,Sunday,20,Positif,3,excited,prayer | fasting  | walk | meditation  | Audio books  | Watching series  | News Update | good meal | reddit | streaming  | youtube | power nap | songs | penpal,14,1,1,1,1
2020-03-14,Saturday,20,Positif,3,excited,Art | prayer | fasting  | walk | meditation  | shower | Dota 2 | Audio books  | Watching series  | News Update | good meal | reddit | streaming  | youtube | phd,15,1,1,1,1
2020-03-13,Friday,20,Positif,3,excited,Art | prayer | walk | meditation  | shower | Dota 2 | podcast | Audio books  | News Update | good meal | reddit | streaming  | youtube | songs | penpal,15,0,1,1,1
2020-03-12,Thursday,21,Positif,3,over the moon,fasting  | walk | meditation  | Dota 2 | Audio books  | Watching series  | News Update | good meal | reddit | streaming  | youtube | songs | penpal,13,0,1,1,1
2020-03-11,Wednesday,21,Positif,3,excited,prayer | fasting  | walk | meditation  | shower | Dota 2 | Audio books  | Watching series  | News Update | good meal | reddit | streaming  | youtube | power nap | songs | penpal,16,0,1,1,1
2020-03-10,Tuesday,21,Positif,3,over the moon,Art | prayer | fasting  | walk | meditation  | podcast | Audio books  | Watching series  | News Update | good meal | reddit | streaming  | youtube | power nap | songs | penpal | keto,17,0,1,1,1
2020-03-09,Monday,21,Positif,3,excited,Write dairy  | prayer | fasting  | walk | meditation  | shower | Watching series  | News Update | good meal | reddit | streaming  | youtube | power nap | songs | penpal,15,0,1,1,1
2020-03-08,Sunday,21,Positif,3,excited,Art | prayer | fasting  | walk | meditation  | Dota 2 | Audio books  | Watching series  | News Update | good meal | reddit | streaming  | youtube | songs | designing  | penpal,16,1,1,1,1
2020-03-07,Saturday,21,Positif,3,excited,prayer | fasting  | walk | meditation  | podcast | Audio books  | writing | Watching series  | News Update | good meal | reddit | streaming  | youtube | songs | penpal,15,1,1,1,1
2020-03-06,Friday,21,Positif,3,excited,prayer | fasting  | walk | meditation  | shower | Audio books  | writing | Watching series  | News Update | good meal | reddit | streaming  | youtube | power nap | songs | penpal,16,0,1,1,1
2020-03-05,Thursday,21,Positif,3,Cool,Art | prayer | fasting  | walk | meditation  | Dota 2 | Audio books  | Watching series  | News Update | good meal | reddit | streaming  | youtube | family | power nap | songs | penpal | weight log,18,0,1,1,1
2020-03-04,Wednesday,22,Positif,3,over the moon,fasting  | walk | meditation  | shower | Dota 2 | Watching series  | News Update | good meal | reddit | streaming  | youtube | power nap | Email | songs | penpal,15,0,1,1,1
2020-03-03,Tuesday,22,Positif,3,Cool,prayer | fasting  | walk | meditation  | shower | Dota 2 | Watching series  | News Update | good meal | reddit | streaming  | youtube | family | power nap | songs | penpal | weight log,17,0,1,1,1
2020-03-02,Monday,21,Positif,3,excited,prayer | fasting  | Quran  | walk | meditation  | shower | Dota 2 | Audio books  | Watching series  | News Update | good meal | reddit | streaming  | youtube | power nap | songs | friends | penpal | keto,19,0,1,1,1
2020-03-01,Sunday,21,Positif,3,excited,prayer | fasting  | walk | meditation  | shower | Watching series  | News Update | good meal | reddit | streaming  | youtube | power nap | songs | penpal | keto,15,1,1,1,1
2020-02-29,Saturday,21,Positif,3,excited,prayer | walk | meditation  | Watching series  | News Update | good meal | reddit | streaming  | youtube | power nap | songs | penpal,12,1,1,1,1
2020-02-28,Friday,22,Positif,3,excited,Art | prayer | fasting  | walk | meditation  | Dota 2 | Watching series  | News Update | good meal | reddit | streaming  | youtube | power nap | designing  | penpal | keto,16,0,1,1,1
2020-02-27,Thursday,21,Positif,3,excited,Art | prayer | fasting  | walk | meditation  | shower | Audio books  | Watching series  | News Update | good meal | reddit | streaming  | youtube | power nap | songs | designing  | keto | weight log,18,0,1,1,1
2020-02-26,Wednesday,21,Positif,3,blessed,prayer | fasting  | walk | meditation  | Dota 2 | podcast | Audio books  | Watching series  | News Update | good meal | reddit | streaming  | youtube | songs | penpal | keto | weight log,17,0,1,1,1
2020-02-25,Tuesday,20,Positif,3,over the moon,prayer | walk | meditation  | Dota 2 | podcast | Watching series  | News Update | good meal | reddit | streaming  | youtube | power nap | weight log,13,0,1,1,1
2020-02-23,Sunday,21,Positif,3,excited,prayer | fasting  | walk | meditation  | shower | Dota 2 | podcast | Watching series  | News Update | good meal | reddit | streaming  | youtube | power nap | penpal | keto | weight log,17,1,1,1,1
2020-02-22,Saturday,15,Positif,3,Cool,prayer | fasting  | walk | meditation  | shower | podcast | Audio books  | Watching series  | News Update | good meal | reddit | streaming  | youtube | power nap | songs | penpal | keto,17,1,1,1,1
2020-02-21,Friday,15,Positif,3,excited,prayer | fasting  | walk | meditation  | shower | Dota 2 | Audio books  | Watching series  | News Update | good meal | reddit | streaming  | youtube | power nap | songs | keto | weight log,17,0,1,1,1
2020-02-20,Thursday,21,Positif,3,excited,Art | Write dairy  | prayer | fasting  | walk | meditation  | shower | Dota 2 | Audio books  | News Update | good meal | reddit | streaming  | youtube | movies | power nap,16,0,1,1,1
2020-02-19,Wednesday,21,Positif,3,yolo,Art | prayer | walk | meditation  | shower | Dota 2 | writing | News Update | reddit | streaming  | youtube | penpal,12,0,1,1,1
2020-02-18,Tuesday,21,Positif,3,yolo,prayer | walk | meditation  | shower | Dota 2 | podcast | Audio books  | Watching series  | News Update | good meal | reddit | streaming  | youtube | research  | songs | designing  | penpal | keto,18,0,1,1,1
2020-02-17,Monday,21,Positif,3,blessed,prayer | fasting  | walk | meditation  | Audio books  | News Update | good meal | reddit | streaming  | youtube | penpal | keto,12,0,1,1,1
2020-02-16,Sunday,21,Positif,3,Cool,prayer | fasting  | walk | meditation  | shower | Audio books  | News Update | good meal | reddit | streaming  | youtube,11,1,1,1,1
2020-02-15,Saturday,22,Positif,3,Cool,fasting  | walk | meditation  | podcast | Watching series  | News Update | good meal | reddit | streaming  | youtube | keto,11,1,1,1,1
2020-02-14,Friday,21,Positif,3,excited,prayer | fasting  | Quran  | walk | meditation  | shower | Dota 2 | podcast | writing | Watching series  | News Update | good meal | reddit | streaming  | youtube | power nap | songs | keto,18,0,1,1,1
2020-02-13,Thursday,22,Positif,3,yolo,fasting  | walk | meditation  | Watching series  | News Update | good meal | reddit | streaming  | youtube | penpal | keto | weight log,12,0,1,1,1
2020-02-12,Wednesday,21,Positif,3,excited,fasting  | walk | meditation  | Dota 2 | Audio books  | Watching series  | News Update | reddit | streaming  | youtube | power nap | penpal,12,0,1,1,1
2020-02-11,Tuesday,21,Positif,3,excited,fasting  | walk | meditation  | shower | Dota 2 | Watching series  | News Update | good meal | reddit | streaming  | youtube | penpal | weight log,13,0,1,1,1
2020-02-10,Monday,21,Positif,3,over the moon,walk | meditation  | Dota 2 | Watching series  | News Update | good meal | reddit | streaming  | youtube | power nap | songs | penpal | keto,13,0,1,1,1
2020-02-09,Sunday,21,Positif,3,blessed,fasting  | walk | meditation  | Dota 2 | podcast | Audio books  | Watching series  | News Update | good meal | reddit | streaming  | youtube | penpal | keto,14,1,1,1,1
2020-02-08,Saturday,22,Positif,3,yolo,fasting  | walk | meditation  | Dota 2 | Audio books  | Watching series  | News Update | good meal | reddit | streaming  | youtube | movies | penpal,13,1,1,1,1
2020-02-06,Thursday,19,Positif,3,yolo,Write dairy  | fasting  | walk | meditation  | Dota 2 | Audio books  | Watching series  | News Update | good meal | reddit | streaming  | youtube | movies | friends | penpal,15,0,1,1,1
2020-02-05,Wednesday,21,Positif,3,yolo,fasting  | walk | meditation  | Dota 2 | Audio books  | Watching series  | News Update | good meal | reddit | streaming  | youtube | penpal | keto,13,0,1,1,1
2020-02-04,Tuesday,21,Positif,3,yolo,fasting  | walk | meditation  | Dota 2 | podcast | Audio books  | Watching series  | News Update | good meal | reddit | streaming  | youtube | penpal,13,0,1,1,1
2020-02-02,Sunday,21,Positif,3,focused,fasting  | walk | meditation  | Audio books  | Watching series  | News Update | good meal | reddit | streaming  | youtube | songs | penpal | keto,13,1,1,1,1
2020-02-01,Saturday,22,Positif,3,focused,fasting  | walk | meditation  | Dota 2 | podcast | Audio books  | Watching series  | News Update | good meal | reddit | streaming  | youtube | keto,13,1,1,1,1
2020-01-31,Friday,21,Positif,3,yolo,prayer | fasting  | walk | meditation  | shower | Dota 2 | Audio books  | Watching series  | News Update | good meal | reddit | streaming  | youtube,13,0,1,1,1
2020-01-30,Thursday,21,Positif,3,yolo,Write dairy  | fasting  | walk | meditation  | Dota 2 | Audio books  | Watching series  | News Update | good meal | reddit | streaming  | youtube | cleaning | new things  | penpal | keto | weight log,17,0,1,1,1
2020-01-29,Wednesday,21,Positif,3,excited,fasting  | walk | meditation  | Dota 2 | podcast | Audio books  | Watching series  | News Update | good meal | reddit | streaming  | youtube | keto | weight log,14,0,1,1,1
2020-01-28,Tuesday,21,Positif,3,focused,fasting  | walk | meditation  | shower | Dota 2 | Audio books  | News Update | good meal | reddit | streaming  | youtube | keto,12,0,1,1,1
2020-01-27,Monday,0,Positif,3,focused,fasting  | walk | meditation  | podcast | Audio books  | Watching series  | News Update | good meal | reddit | streaming  | youtube | keto,12,0,1,1,1
2020-01-26,Sunday,21,Positif,3,yolo,fasting  | walk | meditation  | Audio books  | writing | Watching series  | News Update | good meal | reddit | streaming  | youtube | keto | weight log,13,1,1,1,1
2020-01-25,Saturday,21,Positif,3,yolo,prayer | fasting  | walk | meditation  | shower | Audio books  | Watching series  | News Update | reddit | streaming  | youtube | keto,12,1,1,1,1
2020-01-24,Friday,21,Positif,3,yolo,fasting  | walk | meditation  | Audio books  | Watching series  | News Update | good meal | reddit | streaming  | youtube | gaming | keto,12,0,1,1,1
2020-01-23,Thursday,21,Positif,3,focused,fasting  | walk | meditation  | Dota 2 | Audio books  | Watching series  | News Update | good meal | reddit | streaming  | youtube | weight log,12,0,1,1,1
2020-01-21,Tuesday,21,Positif,3,blessed,fasting  | walk | meditation  | shower | Dota 2 | Audio books  | Watching series  | News Update | good meal | reddit | streaming  | youtube | keto,13,0,1,1,1
2020-01-20,Monday,22,Positif,3,excited,fasting  | walk | meditation  | podcast | Audio books  | Watching series  | News Update | good meal | reddit | streaming  | youtube,11,0,1,1,1
2020-01-19,Sunday,22,Positif,3,excited,fasting  | walk | meditation  | Dota 2 | Audio books  | Watching series  | News Update | streaming  | youtube | keto,10,1,1,1,1
2020-01-18,Saturday,21,Positif,3,excited,fasting  | walk | meditation  | podcast | Audio books  | Watching series  | good meal | reddit | streaming  | youtube | keto,11,1,1,1,1
2020-01-17,Friday,21,Positif,3,yolo,prayer | fasting  | walk | meditation  | shower | podcast | Watching series  | News Update | good meal | reddit | streaming  | youtube | keto | weight log,14,0,1,1,1
2020-01-16,Thursday,20,Positif,3,blessed,fasting  | walk | meditation  | Dota 2 | podcast | Audio books  | Watching series  | News Update | good meal | reddit | streaming  | youtube | new things  | songs | keto | weight log,16,0,1,1,1
2020-01-14,Tuesday,21,Positif,3,blessed,fasting  | walk | meditation  | Audio books  | Watching series  | News Update | good meal | reddit | streaming  | youtube | keto,11,0,1,1,1
2020-01-13,Monday,21,Positif,3,excited,fasting  | walk | meditation  | Dota 2 | Audio books  | Watching series  | News Update | reddit | streaming  | youtube,10,0,1,1,1
2020-01-12,Sunday,21,Positif,3,yolo,fasting  | walk | meditation  | Dota 2 | podcast | Audio books  | Watching series  | News Update | good meal | reddit | streaming  | youtube,12,1,1,1,1
2020-01-11,Saturday,21,Positif,3,focused,fasting  | walk | meditation  | Dota 2 | podcast | Audio books  | News Update | good meal | reddit | streaming  | youtube | power nap | keto,13,1,1,1,1
2020-01-10,Friday,21,Positif,3,excited,prayer | fasting  | walk | meditation  | shower | Dota 2 | podcast | Audio books  | News Update | good meal | reddit | streaming  | youtube | keto | weight log,15,0,1,1,1
2020-01-09,Thursday,21,Positif,3,blessed,fasting  | walk | meditation  | podcast | Audio books  | Watching series  | News Update | good meal | reddit | streaming  | youtube | power nap | keto,13,0,1,1,1
2020-01-08,Wednesday,21,Positif,3,Cool,reading | fasting  | walk | meditation  | shower | Audio books  | News Update | good meal | reddit | streaming  | youtube | keto | weight log,13,0,1,1,1
2020-01-07,Tuesday,21,Positif,3,excited,reading | Art | fasting  | walk | meditation  | Dota 2 | Audio books  | good meal | reddit | streaming  | youtube | gaming | keto,13,0,1,1,1
2020-01-06,Monday,23,Positif,3,hungry,reading | Art | Write dairy  | fasting  | walk | meditation  | Dota 2 | Audio books  | News Update | good meal | reddit | streaming  | youtube | new things  | songs,15,0,1,1,1
2020-01-05,Sunday,21,Positif,3,focused,fasting  | walk | meditation  | shower | Dota 2 | Audio books  | Watching series  | News Update | good meal | streaming  | youtube | keto | weight log,13,1,1,1,1
2020-01-04,Saturday,21,Positif,3,over the moon,reading | fasting  | walk | meditation  | Dota 2 | podcast | Audio books  | Watching series  | News Update | reddit | streaming  | youtube | keto,13,1,1,1,1
2020-01-03,Friday,21,Positif,3,yolo,prayer | fasting  | walk | meditation  | shower | Dota 2 | podcast | Audio books  | Watching series  | good meal | streaming  | youtube | research  | keto | weight log,15,0,1,1,1
2020-01-02,Thursday,21,Positif,3,focused,reading | fasting  | walk | meditation  | Dota 2 | podcast | Audio books  | Watching series  | good meal | streaming  | youtube | research  | keto,13,0,1,1,1
2020-01-01,Wednesday,2,Positif,3,excited,fasting  | walk | meditation  | Dota 2 | podcast | Audio books  | Watching series  | News Update | good meal | reddit | streaming  | youtube | keto,13,0,1,1,1
2019-12-31,Tuesday,21,Positif,3,excited,reading | fasting  | walk | meditation  | shower | podcast | Audio books  | Watching series  | News Update | good meal | reddit | streaming  | youtube | research  | keto | weight log,16,0,1,1,1
2019-12-30,Monday,21,Positif,3,over the moon,fasting  | walk | meditation  | podcast | Audio books  | Watching series  | News Update | good meal | reddit | streaming  | youtube | keto,12,0,1,1,1
2019-12-29,Sunday,21,Positif,3,yolo,fasting  | walk | meditation  | Audio books  | Watching series  | News Update | good meal | reddit | streaming  | youtube | keto,11,1,1,1,1
2019-12-28,Saturday,21,Positif,3,hungry,fasting  | walk | meditation  | shower | podcast | Audio books  | writing | Watching series  | News Update | good meal | reddit | streaming  | youtube | movies | keto | weight log,16,1,1,1,1
2019-12-27,Friday,21,Positif,3,excited,fasting  | walk | meditation  | shower | podcast | Audio books  | Watching series  | News Update | good meal | reddit | streaming  | youtube | movies | research  | keto | weight log,16,0,1,1,1
2019-12-26,Thursday,21,Positif,3,yolo,Write dairy  | fasting  | walk | meditation  | podcast | Audio books  | writing | Watching series  | News Update | good meal | reddit | streaming  | youtube | movies | research  | power nap | keto,17,0,1,1,1
2019-12-25,Wednesday,20,Positif,3,Cool,fasting  | walk | meditation  | shower | Audio books  | Watching series  | News Update | good meal | reddit | streaming  | youtube | keto,12,0,1,1,1
2019-12-24,Tuesday,18,Positif,3,yolo,fasting  | walk | meditation  | shower | Audio books  | Watching series  | News Update | good meal | reddit | streaming  | youtube | keto | weight log,13,0,1,1,1
2019-12-23,Monday,21,Positif,3,excited,fasting  | walk | meditation  | Audio books  | Watching series  | News Update | good meal | reddit | streaming  | youtube | power nap | keto,12,0,1,1,1
2019-12-22,Sunday,21,Positif,3,Cool,fasting  | walk | meditation  | Audio books  | Watching series  | News Update | good meal | reddit | streaming  | youtube | research  | keto,12,1,1,1,1
2019-12-21,Saturday,21,Positif,3,excited,fasting  | walk | meditation  | Audio books  | Watching series  | News Update | good meal | reddit | streaming  | youtube | keto,11,1,1,1,1
2019-12-20,Friday,21,Positif,3,focused,prayer | fasting  | walk | meditation  | shower | Dota 2 | Audio books  | Watching series  | News Update | reddit | streaming  | youtube | power nap | keto | weight log,15,0,1,1,1
2019-12-19,Thursday,21,Positif,3,focused,fasting  | walk | meditation  | shower | Dota 2 | Audio books  | News Update | good meal | reddit | streaming  | youtube | keto | weight log,13,0,1,1,1
2019-12-18,Wednesday,23,Positif,3,yolo,fasting  | walk | meditation  | Audio books  | reddit | streaming  | youtube | keto,8,0,1,1,1
2019-12-17,Tuesday,21,Positif,3,focused,fasting  | walk | meditation  | Audio books  | News Update | reddit | streaming  | youtube | movies | keto,10,0,1,1,1
2019-12-16,Monday,21,Positif,3,focused,prayer | fasting  | walk | meditation  | shower | Audio books  | Watching series  | News Update | reddit | streaming  | youtube | movies | cleaning | power nap | songs,15,0,1,1,1
2019-12-15,Sunday,19,Positif,3,over the moon,fasting  | Exercise  | walk | meditation  | Audio books  | Watching series  | News Update | good meal | reddit | streaming  | youtube | keto | weight log,13,1,1,1,1
2019-12-14,Saturday,21,Positif,3,excited,fasting  | Exercise  | walk | meditation  | Audio books  | Watching series  | News Update | reddit | streaming  | youtube | keto | weight log,12,1,1,1,1
2019-12-13,Friday,21,Positif,3,over the moon,reading | prayer | fasting  | Exercise  | walk | meditation  | shower | Audio books  | Watching series  | News Update | good meal | reddit | streaming  | youtube | keto,15,0,1,1,1
2019-12-12,Thursday,18,Positif,3,hungry,fasting  | Exercise  | walk | meditation  | Audio books  | writing | Watching series  | reddit | streaming  | youtube | cleaning | new things  | songs | penpal | coding  | keto | weight log,17,0,1,1,1
2019-12-11,Wednesday,0,Positif,3,blessed,fasting  | walk | meditation  | Dota 2 | Audio books  | writing | Watching series  | reddit | streaming  | youtube | movies | power nap | keto | weight log,14,0,1,1,1
2019-12-10,Tuesday,21,Positif,3,excited,reading | fasting  | walk | meditation  | podcast | Audio books  | News Update | good meal | reddit | streaming  | youtube | family | keto | weight log,14,0,1,1,1
2019-12-09,Monday,22,Positif,3,hungry,fasting  | walk | meditation  | podcast | Audio books  | Watching series  | News Update | good meal | reddit | streaming  | youtube | power nap | keto | weight log,14,0,1,1,1
2019-12-08,Sunday,21,Positif,3,blessed,fasting  | walk | meditation  | shower | Audio books  | Watching series  | good meal | reddit | streaming  | youtube | research  | power nap | keto,13,1,1,1,1
2019-12-07,Saturday,21,Positif,3,yolo,fasting  | walk | meditation  | podcast | Audio books  | Watching series  | News Update | good meal | reddit | streaming  | youtube | keto,12,1,1,1,1
2019-12-06,Friday,21,Positif,3,hungry,fasting  | walk | meditation  | shower | Dota 2 | Audio books  | Watching series  | News Update | reddit | streaming  | youtube | keto,12,0,1,1,1
2019-12-05,Thursday,21,Positif,3,over the moon,fasting  | walk | meditation  | Audio books  | Watching series  | News Update | reddit | streaming  | youtube | keto,10,0,1,1,1
2019-12-04,Wednesday,21,Positif,3,focused,fasting  | walk | meditation  | Audio books  | Watching series  | reddit | streaming  | youtube | keto,9,0,1,1,1
2019-12-03,Tuesday,21,Positif,3,Cool,fasting  | walk | meditation  | shower | Audio books  | Watching series  | good meal | reddit | streaming  | youtube | travel | power nap | keto | weight log,14,0,1,1,1
2019-12-02,Monday,22,Positif,3,excited,fasting  | walk | meditation  | podcast | Audio books  | writing | Watching series  | good meal | reddit | streaming  | youtube | Email | keto,13,0,1,1,1
2019-12-01,Sunday,21,Positif,3,hungry,fasting  | walk | meditation  | Audio books  | Watching series  | reddit | streaming  | youtube | travel,9,1,1,1,1
2019-11-30,Saturday,20,Positif,3,focused,fasting  | walk | meditation  | Dota 2 | Audio books  | Watching series  | reddit | streaming  | youtube | keto,10,1,1,1,1
2019-11-29,Friday,21,Positif,3,blessed,fasting  | walk | meditation  | shower | Audio books  | Watching series  | News Update | reddit | streaming  | youtube | keto,11,0,1,1,1
2019-11-28,Thursday,21,Positif,3,hungry,fasting  | walk | meditation  | Audio books  | Watching series  | good meal | reddit | streaming  | youtube | keto,10,0,1,1,1
2019-11-27,Wednesday,21,Positif,3,focused,fasting  | walk | meditation  | Audio books  | Watching series  | reddit | streaming  | youtube | keto,9,0,1,1,1
2019-11-26,Tuesday,21,Positif,3,yolo,fasting  | walk | meditation  | podcast | Audio books  | Watching series  | News Update | good meal | reddit | streaming  | youtube | songs | keto,13,0,1,1,1
2019-11-25,Monday,21,Positif,3,hungry,fasting  | walk | meditation  | shower | Audio books  | good meal | reddit | streaming  | youtube | keto | weight log,11,0,1,1,1
2019-11-24,Sunday,21,Positif,3,yolo,fasting  | walk | meditation  | Audio books  | good meal | reddit | streaming  | youtube | keto | weight log,10,1,1,1,1
2019-11-23,Saturday,21,Positif,3,yolo,fasting  | walk | meditation  | Audio books  | Watching series  | good meal | reddit | streaming  | youtube | keto | weight log,11,1,1,1,1
2019-11-21,Thursday,22,Positif,3,focused,fasting  | walk | meditation  | good meal | reddit | streaming  | youtube | keto | weight log,9,0,1,1,1
2019-11-20,Wednesday,20,Positif,3,focused,prayer | fasting  | meditation  | shower | Audio books  | Watching series  | News Update | reddit | streaming  | youtube | keto | weight log,12,0,1,0,1
2019-11-19,Tuesday,21,Positif,3,yolo,reading | fasting  | walk | meditation  | Dota 2 | Audio books  | Watching series  | News Update | reddit | streaming  | youtube | keto | weight log,13,0,1,1,1
2019-11-17,Sunday,21,Positif,3,blessed,fasting  | walk | meditation  | Dota 2 | Audio books  | Watching series  | News Update | good meal | youtube | keto | weight log,11,1,1,1,1
2019-11-16,Saturday,21,Positif,3,Chill,prayer | fasting  | walk | meditation  | shower | Audio books  | Watching series  | News Update | good meal | reddit | streaming  | youtube | hiking  | keto | weight log,15,1,1,1,1
2019-11-15,Friday,20,Positif,3,blessed,fasting  | walk | meditation  | Audio books  | Watching series  | News Update | good meal | reddit | youtube | keto | weight log,11,0,1,1,1
2019-11-14,Thursday,21,Positif,3,hungry,fasting  | walk | meditation  | shower | Dota 2 | Audio books  | writing | Watching series  | News Update | good meal | reddit | streaming  | kaballah | keto | weight log,15,0,1,1,1
2019-11-12,Tuesday,20,Positif,3,good,prayer | fasting  | walk | meditation  | shower | Dota 2 | podcast | Audio books  | Watching series  | News Update | good meal | reddit | streaming  | youtube | new things  | coding  | kaballah | keto | weight log,19,0,1,1,1
2019-11-11,Monday,20,Positif,3,blessed,Write dairy  | fasting  | walk | meditation  | podcast | Audio books  | News Update | streaming  | youtube | new things  | power nap | coding  | kaballah | keto,14,0,1,1,1
2019-11-10,Sunday,21,Positif,3,blessed,fasting  | walk | meditation  | Watching series  | News Update | good meal | reddit | streaming  | youtube | travel | family | hiking  | kaballah | keto | weight log,15,1,1,1,1
2019-11-09,Saturday,20,Positif,3,Chill,Write dairy  | prayer | fasting  | walk | meditation  | podcast | Audio books  | News Update | good meal | reddit | youtube | kaballah | keto | weight log,14,1,1,1,1
2019-11-07,Thursday,18,Positif,3,blessed,Write dairy  | prayer | fasting  | walk | meditation  | Audio books  | Watching series  | reddit | streaming  | youtube | kaballah | keto | weight log,13,0,1,1,1
2019-11-06,Wednesday,19,Positif,3,over the moon,Write dairy  | prayer | fasting  | walk | meditation  | podcast | Audio books  | Watching series  | News Update | reddit | streaming  | youtube | songs | kaballah | keto | weight log,16,0,1,1,1
2019-11-05,Tuesday,21,Positif,3,yolo,prayer | fasting  | walk | meditation  | Dota 2 | Audio books  | Watching series  | News Update | good meal | reddit | streaming  | youtube | power nap | kaballah | keto | weight log,16,0,1,1,1
2019-11-04,Monday,21,Positif,3,blessed,fasting  | walk | meditation  | shower | Audio books  | Watching series  | News Update | good meal | reddit | youtube | new things  | keto | weight log,13,0,1,1,1
2019-11-03,Sunday,21,Positif,3,Cool,fasting  | walk | meditation  | Audio books  | Watching series  | good meal | streaming  | youtube | power nap,9,1,1,1,1
2019-11-02,Saturday,21,Positif,3,blessed,fasting  | walk | meditation  | podcast | Audio books  | good meal | streaming  | youtube | research  | new things,10,1,1,1,1
2019-11-01,Friday,21,Positif,3,excited,prayer | fasting  | walk | meditation  | shower | Dota 2 | News Update | good meal | reddit | streaming  | youtube | travel | hiking,13,0,1,1,1
2019-10-31,Thursday,23,Positif,3,blessed,fasting  | walk | meditation  | Dota 2 | podcast | Watching series  | good meal | streaming  | youtube | power nap,10,0,1,1,1
2019-10-31,Thursday,12,Positif,3,yolo,fasting  | walk | meditation  | Dota 2 | podcast | Audio books  | writing | Watching series  | News Update | reddit | designing,11,0,1,1,1
2019-10-30,Wednesday,12,Positif,3,blessed,fasting  | walk | meditation  | shower | Dota 2 | podcast | News Update | good meal | reddit | streaming  | youtube | Email | weight log,13,0,1,1,1
2019-10-29,Tuesday,14,Positif,3,yolo,fasting  | walk | meditation  | Dota 2 | News Update | good meal | reddit | power nap,8,0,1,1,1
2019-10-28,Monday,14,Positif,3,blessed,reading | Write dairy  | fasting  | walk | meditation  | Dota 2 | podcast | reddit | youtube | gaming | Email | penpal,12,0,1,1,1
2019-06-15,Saturday,12,Positif,3,blessed,good meal | reddit | streaming  | youtube | gaming | songs | penpal,7,1,0,0,1
2019-06-14,Friday,13,Positif,3,blessed,prayer | fasting  | meditation  | shower | Watching series  | reddit | streaming  | youtube | movies | penpal,10,0,1,0,1
2019-06-13,Thursday,10,Positif,3,blessed,reading | fasting  | meditation  | shower | podcast | Watching series  | reddit | songs | penpal | weight log,10,0,1,0,1
2019-05-09,Thursday,12,Positif,3,yolo,reading | prayer | fasting  | shower | podcast | Watching series  | News Update | streaming  | youtube | research  | penpal | weight log,12,0,0,0,1
2019-05-08,Wednesday,10,Positif,3,hungry,prayer | fasting  | Quran  | podcast | News Update | reddit | streaming  | youtube | penpal,9,0,0,0,1
2019-05-07,Tuesday,19,Positif,3,yolo,fasting  | Quran  | podcast | Audio books  | News Update | good meal | streaming  | youtube | family | penpal,10,0,0,0,1
2019-05-07,Tuesday,14,Positif,3,blessed,prayer | fasting  | Quran  | Audio books  | News Update | penpal,6,0,0,0,1
2019-05-06,Monday,20,Positif,3,blessed,podcast | Audio books  | News Update | reddit | streaming  | youtube | gaming | power nap | Email | designing  | penpal | weight log,12,0,0,0,1
2019-05-03,Friday,21,Positif,3,yolo,prayer | fasting  | walk | shower | News Update | good meal | reddit | streaming  | youtube | movies | gaming | travel | family | Email | penpal,15,0,0,1,1
2019-04-30,Tuesday,10,Positif,3,yolo,walk | Dota 2 | podcast | Audio books  | News Update | good meal | reddit | streaming  | youtube | Email | designing  | weight log,12,0,0,1,1
2019-04-29,Monday,13,Positif,3,hungry,shower | Dota 2 | podcast | Audio books  | Watching series  | News Update | good meal | reddit | streaming  | youtube | designing  | weight log,12,0,0,0,1
2019-04-28,Sunday,19,Positif,3,blessed,Dota 2 | Audio books  | News Update | good meal | reddit | youtube | designing  | weight log,8,1,0,0,1
2019-02-28,Thursday,10,Positif,3,blessed,Write dairy  | meditation  | shower | podcast | Audio books  | Watching series  | reddit | youtube | penpal,9,0,1,0,1
2019-02-27,Wednesday,9,Positif,3,blessed,Write dairy  | meditation  | Dota 2 | podcast | News Update | good meal | reddit | streaming  | youtube | designing  | penpal,11,0,1,0,1
2019-01-13,Sunday,20,Positif,3,blessed,walk | Watching series  | News Update | good meal | streaming  | youtube | gaming | power nap | Email | designing  | penpal,11,1,0,1,1
2019-01-08,Tuesday,14,Positif,3,blessed,walk | Dota 2 | podcast | News Update | good meal | reddit | streaming  | youtube | movies | gaming | penpal,11,0,0,1,1
2019-01-06,Sunday,19,Positif,3,blessed,prayer | walk | shower | good meal | reddit | streaming  | youtube | movies | gaming | cleaning | power nap | Email | designing,13,1,0,1,1
2019-01-05,Saturday,19,Positif,3,over the moon,walk | Dota 2 | News Update | good meal | streaming  | youtube | penpal,7,1,0,1,1
2019-01-03,Thursday,12,Positif,3,blessed,meditation  | podcast | News Update | good meal | youtube | gaming,6,0,1,0,1
2019-01-02,Wednesday,13,Positif,3,yolo,podcast | good meal | reddit | youtube | gaming | Email,6,0,0,0,1
2019-01-01,Tuesday,19,Positif,3,blessed,walk | meditation  | podcast | Audio books  | reddit | youtube | movies | gaming | Email,9,0,1,1,1
2018-12-31,Monday,20,Positif,3,blessed,prayer | walk | meditation  | shower | Dota 2 | podcast | News Update | reddit | streaming  | youtube | gaming | penpal,12,0,1,1,1
2018-12-30,Sunday,19,Positif,3,blessed,walk | meditation  | podcast | Audio books  | News Update | good meal | streaming  | youtube | gaming | penpal,10,1,1,1,1
2018-12-30,Sunday,13,Positif,3,yolo,podcast | News Update | streaming  | youtube | gaming,5,1,0,0,1
2018-12-29,Saturday,13,Positif,3,hungry,walk | meditation  | Dota 2 | podcast | News Update | good meal | streaming  | youtube | gaming | designing  | penpal,11,1,1,1,1
2018-12-28,Friday,11,Positif,3,blessed,meditation  | News Update | good meal | streaming  | youtube,5,0,1,0,1
2018-12-27,Thursday,11,Positif,3,yolo,reading | walk | meditation  | Dota 2 | podcast | News Update | good meal | streaming  | youtube | gaming | songs,11,0,1,1,1
2018-12-26,Wednesday,19,Positif,3,hungry,meditation  | Dota 2 | News Update | good meal | streaming  | youtube | gaming | power nap,8,0,1,0,1
2018-12-24,Monday,17,Positif,3,blessed,reading | walk | meditation  | podcast | News Update | good meal | streaming  | youtube | gaming | new things  | songs | designing,12,0,1,1,1
2018-12-23,Sunday,12,Positif,3,hungry,reading | meditation  | podcast | News Update | good meal | streaming  | youtube | new things  | designing  | penpal,10,1,1,0,1
2018-12-22,Saturday,22,Positif,3,Chill,reading | meditation  | Dota 2 | podcast | Audio books  | News Update | good meal | streaming  | youtube | movies | gaming | new things  | family | power nap | songs | designing  | friends | penpal,18,1,1,0,1
2018-12-21,Friday,22,Positif,3,blessed,reading | prayer | walk | meditation  | shower | Dota 2 | podcast | Audio books  | Watching series  | good meal | streaming  | youtube | gaming,13,0,1,1,1
2018-12-20,Thursday,22,Positif,3,yolo,walk | meditation  | Dota 2 | podcast | Audio books  | News Update | good meal | streaming  | youtube | gaming | Email | penpal,12,0,1,1,1
2018-12-19,Wednesday,22,Positif,3,hungry,walk | meditation  | Dota 2 | podcast | Audio books  | News Update | good meal | streaming  | youtube | gaming | new things  | designing,12,0,1,1,1
2018-12-18,Tuesday,12,Positif,3,blessed,reading | meditation  | News Update | good meal | streaming  | youtube | gaming | designing,8,0,1,0,1
2018-12-17,Monday,12,Positif,3,blessed,meditation  | News Update | good meal | streaming  | youtube | movies | designing,7,0,1,0,1
2018-12-16,Sunday,19,Positif,3,hungry,reading | meditation  | Dota 2 | News Update | good meal | streaming  | youtube,7,1,1,0,1
2018-12-15,Saturday,12,Positif,3,blessed,reading | meditation  | penpal,3,1,1,0,1
2018-12-14,Friday,19,Positif,3,yolo,reading | prayer | meditation  | shower | News Update | streaming  | youtube | penpal,8,0,1,0,1
2018-12-13,Thursday,11,Positif,3,blessed,meditation  | Dota 2 | News Update,3,0,1,0,1
2018-12-12,Wednesday,11,Positif,3,hungry,meditation  | shower | Dota 2 | podcast | News Update | good meal | streaming  | youtube | gaming | designing  | penpal,11,0,1,0,1
2018-12-11,Tuesday,11,Positif,3,Chill,Exercise  | walk | meditation  | podcast | Audio books  | News Update | good meal | streaming  | youtube | movies | Email | designing  | penpal,13,0,1,1,1
2018-12-10,Monday,11,Positif,3,yolo,meditation  | podcast | Audio books  | News Update | streaming  | youtube | new things  | Email | designing  | jobs | weight log,11,0,1,0,1
2018-12-09,Sunday,19,Positif,3,hungry,Dota 2 | podcast | Audio books  | News Update | good meal | streaming  | youtube | designing  | party | weight log,10,1,0,0,1
2018-12-09,Sunday,12,Positif,3,blessed,meditation  | News Update | weight log,3,1,1,0,1
2018-12-08,Saturday,19,Positif,3,blessed,podcast | Audio books  | Watching series  | News Update | good meal | youtube | gaming | designing,8,1,0,0,1
2018-12-08,Saturday,12,Positif,3,blessed,meditation  | shower | Audio books  | News Update | good meal | streaming  | youtube | designing  | penpal,9,1,1,0,1
2018-12-07,Friday,16,Positif,3,blessed,reading | prayer | meditation  | Audio books  | Watching series  | News Update | good meal | streaming  | youtube | new things  | Email | designing  | jobs | weight log,14,0,1,0,1
2018-12-06,Thursday,16,Positif,3,hungry,meditation  | Dota 2 | podcast | News Update | good meal | streaming  | youtube | new things  | Email | penpal,10,0,1,0,1
2018-12-05,Wednesday,12,Positif,3,yolo,meditation  | podcast | News Update | good meal | youtube | new things  | Email | designing  | penpal | jobs,10,0,1,0,1
2018-12-04,Tuesday,12,Positif,3,blessed,meditation  | Audio books  | News Update | youtube | new things  | designing,6,0,1,0,1
2018-12-03,Monday,12,Positif,3,over the moon,meditation  | Audio books  | News Update | good meal | youtube | power nap,6,0,1,0,1
2018-12-02,Sunday,12,Positif,3,hungry,walk | meditation  | Audio books  | youtube | power nap,5,1,1,1,1
2018-12-01,Saturday,12,Positif,3,blessed,meditation  | podcast | Audio books  | News Update | good meal | youtube | gaming | penpal | weight log,9,1,1,0,1
2018-11-30,Friday,12,Positif,3,yolo,prayer | meditation  | shower | Audio books  | News Update | good meal | youtube | new things  | weight log,9,0,1,0,1
2018-11-29,Thursday,19,Positif,3,blessed,walk | shower | Audio books  | good meal | gaming | travel | songs | designing,8,0,0,1,1
2018-11-29,Thursday,15,Positif,3,yolo,meditation  | shower | podcast | News Update | streaming  | youtube | gaming | designing,8,0,1,0,1
2018-11-28,Wednesday,12,Positif,3,blessed,meditation  | Audio books  | News Update | youtube | new things  | designing  | repair | penpal | weight log,9,0,1,0,1
2018-11-27,Tuesday,12,Positif,3,yolo,reading | meditation  | Audio books  | good meal | youtube | gaming | new things  | Email | designing,9,0,1,0,1
2018-11-26,Monday,19,Positif,3,blessed,prayer | shower | Audio books  | News Update | good meal | streaming  | youtube | new things  | designing,9,0,0,0,1
2018-11-26,Monday,12,Positif,3,over the moon,meditation  | shower | Audio books  | Watching series  | News Update | good meal | youtube | gaming | designing  | penpal,10,0,1,0,1
2018-11-24,Saturday,12,Positif,3,blessed,meditation  | podcast | Audio books  | good meal | streaming  | gaming,6,1,1,0,1
2018-11-23,Friday,12,Positif,3,blessed,prayer | meditation  | Audio books  | News Update,4,0,1,0,1
2018-11-22,Thursday,10,Positif,3,over the moon,fasting  | walk | meditation  | Audio books  | News Update,5,0,1,1,1
2018-11-21,Wednesday,10,Positif,3,blessed,fasting  | meditation  | Dota 2 | podcast | Audio books  | News Update | good meal | streaming  | youtube | gaming | travel | penpal | party | weight log,14,0,1,0,1
2018-11-20,Tuesday,12,Positif,3,yolo,meditation  | podcast | Audio books  | News Update | youtube | gaming | cleaning | Email | penpal | weight log,10,0,1,0,1
2018-11-19,Monday,13,Positif,3,blessed,fasting  | meditation  | shower | Audio books  | Watching series  | News Update | youtube | gaming | designing  | penpal | jobs | weight log,12,0,1,0,1
2018-11-18,Sunday,12,Positif,3,hungry,reading | prayer | meditation  | shower | Dota 2 | podcast | Audio books  | News Update | youtube | movies | weight log,11,1,1,0,1
2018-11-17,Saturday,19,Positif,3,hungry,reading | meditation  | Audio books  | News Update | good meal | streaming  | youtube | penpal | weight log,9,1,1,0,1
2018-11-16,Friday,20,Positif,3,yolo,prayer | shower | Audio books  | Watching series  | News Update | youtube | gaming | penpal,8,0,0,0,1
2018-11-15,Thursday,12,Positif,3,blessed,reading | meditation  | podcast | Audio books  | Watching series  | News Update | good meal | youtube | gaming | Email | penpal,11,0,1,0,1
2018-11-14,Wednesday,12,Positif,3,yolo,fasting  | meditation  | podcast | Audio books  | News Update | good meal | Email | penpal,8,0,1,0,1
2018-11-13,Tuesday,19,Positif,3,hungry,reading | meditation  | Audio books  | Watching series  | News Update | streaming  | youtube,7,0,1,0,1
2018-11-13,Tuesday,12,Positif,3,yolo,reading | meditation  | Audio books  | penpal,4,0,1,0,1
2018-11-12,Monday,13,Positif,3,Cool,reading | meditation  | Watching series  | News Update | good meal | streaming  | youtube | penpal,8,0,1,0,1
2018-11-11,Sunday,12,Positif,3,yolo,reading | meditation  | Dota 2 | podcast | Watching series  | News Update | good meal | streaming  | youtube | power nap,10,1,1,0,1
2018-11-10,Saturday,13,Positif,3,yolo,reading | Write dairy  | meditation  | Watching series  | good meal | streaming  | youtube | movies | Email | penpal,10,1,1,0,1
2018-11-08,Thursday,22,Positif,3,blessed,reading | Audio books  | streaming  | youtube | movies,5,0,0,0,1
2018-11-08,Thursday,12,Positif,3,blessed,reading | meditation  | News Update | good meal,4,0,1,0,1
2018-11-07,Wednesday,12,Positif,3,yolo,reading | meditation  | shower | News Update | good meal | songs | penpal,7,0,1,0,1
2018-11-06,Tuesday,13,Positif,3,blessed,reading | meditation  | News Update | good meal | streaming  | youtube | new things  | designing  | penpal,9,0,1,0,1
2018-11-05,Monday,12,Positif,3,blessed,meditation  | News Update | youtube | penpal,4,0,1,0,1
2018-11-04,Sunday,10,Positif,3,yolo,reading | meditation  | podcast | Audio books  | News Update | good meal | streaming  | youtube | gaming | new things  | designing  | penpal | weight log,13,1,1,0,1
2018-11-03,Saturday,10,Positif,3,blessed,reading | walk | meditation  | podcast | Audio books  | News Update | youtube | movies | new things  | Email | penpal | jobs | weight log,13,1,1,1,1
2018-11-02,Friday,13,Positif,3,blessed,reading | prayer | meditation  | shower | News Update | streaming  | cleaning | weight log,8,0,1,0,1
2018-11-01,Thursday,23,Positif,3,blessed,reading | fasting  | meditation  | Audio books  | Watching series  | good meal | streaming  | youtube | movies | songs | penpal | weight log,12,0,1,0,1
2018-10-31,Wednesday,15,Positif,3,blessed,reading | Write dairy  | meditation  | podcast | Watching series  | News Update | youtube | gaming | cleaning | penpal | weight log,11,0,1,0,1
2018-10-30,Tuesday,10,Positif,3,blessed,reading | meditation  | podcast | Audio books  | News Update | gaming | penpal | shopping,8,0,1,0,1
2018-10-29,Monday,12,Positif,3,blessed,reading | fasting  | meditation  | News Update | penpal,5,0,1,0,1
2018-10-28,Sunday,19,Positif,3,blessed,reading | Write dairy  | meditation  | shower | Dota 2 | podcast | Audio books  | News Update | streaming  | youtube | research  | power nap | Email | penpal,14,1,1,0,1
2018-10-27,Saturday,11,Positif,3,yolo,reading | meditation  | News Update | penpal,4,1,1,0,1
2018-10-26,Friday,10,Positif,3,focused,reading | meditation  | News Update,3,0,1,0,1
2018-10-25,Thursday,19,Positif,3,hungry,reading | walk | Watching series  | youtube | Email | penpal,6,0,0,1,1
2018-10-25,Thursday,11,Positif,3,good,meditation  | penpal,2,0,1,0,1
2018-10-24,Wednesday,19,Positif,3,yolo,shower | Watching series  | good meal | streaming  | youtube | new things  | power nap | penpal,8,0,0,0,1
2018-10-23,Tuesday,10,Positif,3,yolo,Exercise  | meditation  | podcast,3,0,1,1,1
2018-10-22,Monday,19,Positif,3,blessed,podcast | streaming  | youtube | gaming | penpal,5,0,0,0,1
2018-10-21,Sunday,19,Positif,3,blessed,prayer | Audio books  | youtube | new things  | penpal,5,1,0,0,1
2018-10-21,Sunday,10,Positif,3,blessed,meditation  | News Update | penpal,3,1,1,0,1
2018-10-20,Saturday,16,Positif,3,hungry,streaming  | youtube | gaming | new things  | power nap,5,1,0,0,1
2018-10-20,Saturday,10,Positif,3,good,Write dairy  | meditation  | research  | penpal | coding,5,1,1,0,1
2018-10-19,Friday,11,Positif,3,blessed,meditation  | Watching series  | good meal | youtube | penpal | Tutorial,6,0,1,0,1
2018-09-17,Monday,19,Positif,3,blessed,prayer | walk | shower | Dota 2 | podcast | Audio books  | News Update | new things  | Email | songs,10,0,0,1,1
2018-09-16,Sunday,19,Positif,3,blessed,Dota 2 | News Update | streaming  | youtube,4,1,0,0,1
2018-09-14,Friday,20,Positif,3,blessed,prayer | Dota 2 | podcast | News Update,4,0,0,0,1
2018-09-13,Thursday,21,Positif,3,blessed,News Update,1,0,0,0,1
2018-09-11,Tuesday,19,Positif,3,Chill,Dota 2 | News Update | youtube,3,0,0,0,1
2018-09-11,Tuesday,15,Positif,3,hungry,Dota 2 | Watching series  | good meal,3,0,0,0,1
2018-09-10,Monday,19,Positif,3,blessed,walk | Dota 2 | streaming  | youtube | songs,5,0,0,1,1
2018-09-09,Sunday,23,Positif,3,over the moon,walk | shower | Dota 2 | podcast | Watching series  | News Update | good meal | youtube | travel | new things  | family | friends | penpal,13,1,0,1,1
2018-07-16,Monday,14,Positif,3,hungry,Dota 2 | podcast | Audio books  | streaming  | youtube | weight log,6,0,0,0,1
2018-07-10,Tuesday,19,Positif,3,Chill,shower | Dota 2 | good meal | streaming  | youtube | phd | jobs,7,0,0,0,1
2018-07-05,Thursday,19,Positif,3,good,meditation  | shower | Dota 2 | good meal | streaming  | youtube | Email | weight log,8,0,1,0,1
2018-07-05,Thursday,10,Positif,3,blessed,meditation  | shower | weight log,3,0,1,0,1
2018-07-04,Wednesday,11,Positif,3,blessed,meditation,1,0,1,0,1
2018-07-03,Tuesday,11,Positif,3,yolo,reading | meditation  | shower | Dota 2 | podcast | Audio books  | Watching series  | streaming  | youtube | family | Email,11,0,1,0,1
2018-06-30,Saturday,15,Positif,3,hungry,podcast | Audio books  | Watching series  | streaming  | youtube | Email | songs | weight log,8,1,0,0,1
2018-06-29,Friday,19,Positif,3,yolo,streaming  | movies,2,0,0,0,1
2018-06-29,Friday,16,Positif,3,blessed,reading | Write dairy  | prayer | meditation  | shower | Audio books  | Watching series  | streaming  | youtube | movies | new things  | Email | weight log,13,0,1,0,1
2018-06-28,Thursday,10,Positif,3,blessed,Write dairy  | meditation  | streaming  | youtube | cleaning,5,0,1,0,1
2018-06-26,Tuesday,19,Positif,3,blessed,Audio books  | Watching series  | good meal | streaming  | youtube | Email | party,7,0,0,0,1
2018-06-26,Tuesday,14,Positif,3,excited,reading | Write dairy  | prayer | shower | Audio books  | Watching series  | new things  | Email | weight log,9,0,0,0,1
2018-06-24,Sunday,15,Positif,3,Chill,fasting  | shower | Audio books  | streaming  | youtube | songs,6,1,0,0,1
2018-06-23,Saturday,15,Positif,3,blessed,Write dairy  | fasting  | Audio books  | streaming  | youtube | Email | songs | weight log,8,1,0,0,1
2018-06-22,Friday,14,Positif,3,blessed,prayer,1,0,0,0,1
2018-06-22,Friday,10,Positif,3,hungry,Dota 2 | streaming  | youtube | songs,4,0,0,0,1
2018-06-20,Wednesday,14,Positif,3,blessed,Watching series  | streaming,2,0,0,0,1
2018-06-19,Tuesday,14,Positif,3,Chill,Dota 2 | Watching series,2,0,0,0,1
2018-06-15,Friday,19,Positif,3,blessed,Dota 2 | Watching series  | streaming  | youtube | movies,5,0,0,0,1
2018-06-12,Tuesday,19,Positif,3,hungry,prayer | shower | Dota 2 | Audio books,4,0,0,0,1
2018-06-12,Tuesday,12,Positif,3,hungry,reading | fasting  | shower | Dota 2 | Audio books  | youtube,6,0,0,0,1
2018-06-11,Monday,15,Positif,3,yolo,Dota 2 | youtube,2,0,0,0,1
2018-06-10,Sunday,19,Positif,3,blessed,Dota 2 | Audio books  | streaming,3,1,0,0,1
2018-06-10,Sunday,14,Positif,3,hungry,Dota 2 | streaming,2,1,0,0,1
2018-06-09,Saturday,19,Positif,3,yolo,prayer | fasting  | Dota 2 | Audio books  | streaming,5,1,0,0,1
2018-06-09,Saturday,13,Positif,3,blessed,meditation  | shower | Dota 2 | streaming,4,1,1,0,1
2018-05-28,Monday,14,Positif,3,Cool,youtube | Email | jobs,3,0,0,0,1
2018-05-27,Sunday,19,Positif,3,blessed,prayer | fasting  | Dota 2 | podcast | streaming  | youtube | Email | jobs,8,1,0,0,1
2018-05-27,Sunday,14,Positif,3,blessed,Dota 2 | streaming  | Email,3,1,0,0,1
2018-05-23,Wednesday,19,Positif,3,hungry,prayer | fasting  | streaming  | youtube,4,0,0,0,1
2018-05-23,Wednesday,13,Positif,3,blessed,reading | Write dairy  | fasting  | meditation  | shower | podcast | Audio books  | weight log,8,0,1,0,1
2018-05-22,Tuesday,20,Positif,3,blessed,prayer | Audio books  | youtube,3,0,0,0,1
2018-05-22,Tuesday,14,Positif,3,blessed,prayer | fasting  | meditation  | Dota 2 | podcast | youtube,6,0,1,0,1
2018-05-21,Monday,19,Positif,3,blessed,prayer | fasting  | walk | podcast | Audio books  | streaming  | youtube | Email | songs,9,0,0,1,1
2018-05-21,Monday,14,Positif,3,blessed,prayer | fasting  | meditation  | shower | Audio books  | youtube | new things  | Email,8,0,1,0,1
2018-05-10,Thursday,10,Positif,3,blessed,Audio books,1,0,0,0,1
2018-05-09,Wednesday,14,Positif,3,blessed,streaming  | youtube | Email,3,0,0,0,1
2018-05-08,Tuesday,14,Positif,3,blessed,prayer | shower | youtube | Email | songs,5,0,0,0,1
2018-05-07,Monday,20,Positif,3,blessed,podcast | Watching series  | youtube,3,0,0,0,1
2018-05-07,Monday,14,Positif,3,blessed,Dota 2 | Audio books  | youtube | Email,4,0,0,0,1
2018-05-06,Sunday,19,Positif,3,blessed,streaming,1,1,0,0,1
2018-05-05,Saturday,19,Positif,3,blessed,Watching series  | streaming  | youtube | research,4,1,0,0,1
2018-05-04,Friday,19,Positif,3,blessed,Dota 2 | podcast | Watching series  | streaming  | youtube,5,0,0,0,1
2018-05-04,Friday,14,Positif,3,hungry,prayer | shower | streaming  | youtube | research  | new things  | weight log,7,0,0,0,1
2018-05-03,Thursday,19,Positif,3,blessed,prayer | shower | Dota 2 | podcast | youtube,5,0,0,0,1
2018-04-30,Monday,21,Positif,3,blessed,meditation  | shower | podcast | Watching series  | good meal | streaming  | youtube | Email | designing,9,0,1,0,1
2018-04-29,Sunday,14,Positif,3,blessed,Write dairy  | Watching series  | good meal | streaming  | youtube | new things,6,1,0,0,1
2018-04-28,Saturday,14,Positif,3,yolo,Watching series  | good meal | streaming  | youtube | Email,5,1,0,0,1
2018-04-27,Friday,14,Positif,3,Cool,good meal | streaming  | youtube | Email | phd | jobs,6,0,0,0,1
2018-04-26,Thursday,14,Positif,3,yolo,Dota 2 | good meal | streaming  | youtube | Email,5,0,0,0,1
2018-04-25,Wednesday,15,Positif,3,blessed,prayer | Dota 2 | Watching series  | streaming  | youtube | movies | Email,7,0,0,0,1
2018-04-23,Monday,19,Positif,3,blessed,Watching series  | streaming  | youtube,3,0,0,0,1
2018-04-23,Monday,14,Positif,3,hungry,Dota 2 | Watching series  | streaming  | youtube,4,0,0,0,1
2018-04-20,Friday,14,Positif,3,hungry,prayer | shower | Dota 2 | streaming  | youtube | new things,6,0,0,0,1
2018-04-20,Friday,10,Positif,3,good,shower | power nap,2,0,0,0,1
2018-04-06,Friday,14,Positif,3,blessed,prayer | Dota 2 | good meal | streaming,4,0,0,0,1
2018-04-01,Sunday,19,Positif,3,blessed,shower | streaming  | youtube | gaming | new things,5,1,0,0,1
2018-03-30,Friday,19,Positif,3,excited,prayer | shower | Audio books  | streaming  | youtube | new things  | weight log,7,0,0,0,1
2018-03-29,Thursday,19,Positif,3,blessed,prayer | shower | streaming,3,0,0,0,1
2018-03-29,Thursday,11,Positif,3,Chill,meditation  | Dota 2 | good meal | streaming  | youtube | songs,6,0,1,0,1
2018-03-28,Wednesday,19,Positif,3,over the moon,Dota 2 | good meal | streaming  | youtube,4,0,0,0,1
2018-03-28,Wednesday,10,Positif,3,blessed,Write dairy  | walk | meditation  | Audio books  | new things  | songs,6,0,1,1,1
2018-03-27,Tuesday,18,Positif,3,Chill,Write dairy  | shower | Dota 2 | Audio books  | good meal | streaming  | youtube | family | jobs,9,0,0,0,1
2018-03-26,Monday,10,Positif,3,blessed,Dota 2 | streaming,2,0,0,0,1
2018-03-24,Saturday,14,Positif,3,yolo,Watching series  | streaming  | youtube,3,1,0,0,1
2018-03-23,Friday,19,Positif,3,excited,travel,1,0,0,0,1
2018-03-23,Friday,14,Positif,3,good,Watching series  | youtube,2,0,0,0,1
2018-03-23,Friday,10,Positif,3,blessed,Dota 2 | streaming  | youtube,3,0,0,0,1
2018-03-22,Thursday,14,Positif,3,Chill,Dota 2 | streaming  | youtube,3,0,0,0,1
2018-03-22,Thursday,10,Positif,3,excited,shower | good meal | streaming  | youtube | Email,5,0,0,0,1
2018-03-21,Wednesday,11,Positif,3,blessed,walk | meditation  | streaming  | youtube,4,0,1,1,1
2018-03-19,Monday,19,Positif,3,Cool,Dota 2,1,0,0,0,1
2018-03-19,Monday,15,Positif,3,excited,prayer | Watching series  | streaming  | youtube | new things  | Email,6,0,0,0,1
2018-03-18,Sunday,10,Positif,3,blessed,meditation  | shower | Dota 2 | streaming  | research  | new things,6,1,1,0,1
2018-03-16,Friday,14,Positif,3,yolo,Dota 2 | streaming,2,0,0,0,1
2018-03-16,Friday,10,Positif,3,blessed,shower | good meal | travel | cleaning | Email,5,0,0,0,1
2018-03-14,Wednesday,14,Positif,3,yolo,Dota 2 | youtube | Email,3,0,0,0,1
2018-03-14,Wednesday,10,Positif,3,Chill,Email,1,0,0,0,1
2018-03-11,Sunday,14,Positif,3,blessed,Dota 2 | Watching series  | streaming  | youtube,4,1,0,0,1
2018-03-10,Saturday,14,Positif,3,focused,coding  | Tutorial,2,1,0,0,1
2018-03-08,Thursday,14,Positif,3,hungry,Dota 2 | Watching series  | streaming  | youtube | coding  | Tutorial,6,0,0,0,1
2018-03-08,Thursday,10,Positif,3,blessed,walk | Watching series  | power nap,3,0,0,1,1
2018-03-05,Monday,14,Positif,3,Chill,Dota 2,1,0,0,0,1
2018-03-04,Sunday,19,Positif,3,over the moon,Dota 2 | streaming,2,1,0,0,1
2018-03-04,Sunday,14,Positif,3,yolo,Dota 2 | streaming  | youtube | power nap,4,1,0,0,1
2018-03-03,Saturday,19,Positif,3,Chill,Dota 2 | streaming  | youtube,3,1,0,0,1
2018-03-03,Saturday,14,Positif,3,Cool,streaming  | youtube | research  | new things  | Email | phd,6,1,0,0,1
2018-03-03,Saturday,10,Positif,3,blessed,prayer | streaming  | youtube | power nap,4,1,0,0,1
2018-03-02,Friday,14,Positif,3,Chill,streaming  | youtube | movies | research  | Email | phd,6,0,0,0,1
2018-03-02,Friday,10,Positif,3,blessed,power nap,1,0,0,0,1
2018-02-28,Wednesday,10,Positif,3,blessed,prayer | power nap,2,0,0,0,1
2018-02-27,Tuesday,17,Positif,3,hungry,Dota 2 | good meal | streaming  | youtube | movies | gaming | weight log,7,0,0,0,1
2018-02-26,Monday,19,Positif,3,happiest day,Dota 2 | streaming  | cleaning | Email,4,0,0,0,1
2018-02-26,Monday,14,Positif,3,yolo,youtube | power nap,2,0,0,0,1
2018-02-26,Monday,7,Positif,3,over the moon,reading | prayer | research  | new things  | power nap,5,0,0,0,1
2018-02-25,Sunday,19,Positif,3,excited,Dota 2 | streaming  | youtube | movies,4,1,0,0,1
2018-02-25,Sunday,16,Positif,3,Chill,prayer | walk | good meal | youtube | movies | power nap | songs | friends,8,1,0,1,1
2018-02-24,Saturday,21,Positif,3,yolo,prayer | Dota 2 | Watching series  | good meal | streaming  | youtube,6,1,0,0,1
2018-02-21,Wednesday,10,Positif,3,blessed,Watching series  | streaming  | youtube | power nap,4,0,0,0,1
2018-02-19,Monday,20,Positif,3,good,Dota 2 | Watching series  | streaming  | youtube | designing,5,0,0,0,1
2018-02-19,Monday,10,Positif,3,good,walk | Audio books  | Watching series,3,0,0,1,1
2018-02-18,Sunday,19,Positif,3,good,Dota 2 | youtube | gaming,3,1,0,0,1
2018-02-18,Sunday,11,Positif,3,good,Write dairy  | prayer | shower | Dota 2 | good meal | streaming  | youtube | research  | power nap,9,1,0,0,1
2018-02-17,Saturday,19,Positif,3,good,streaming  | youtube | research  | power nap | songs | designing,6,1,0,0,1
2018-02-17,Saturday,9,Positif,3,blessed,walk | meditation  | Dota 2 | travel,4,1,1,1,1
2018-02-17,Saturday,6,Positif,3,blessed,prayer,1,1,0,0,1
2018-02-12,Monday,14,Positif,3,Chill,Dota 2 | streaming  | songs,3,0,0,0,1
2018-02-12,Monday,11,Positif,3,excited,Dota 2 | streaming  | youtube,3,0,0,0,1
2018-02-11,Sunday,19,Positif,3,blessed,prayer | walk | meditation  | shower | Dota 2 | good meal | streaming  | youtube,8,1,1,1,1
2018-02-11,Sunday,14,Positif,3,hungry,fasting  | meditation  | Dota 2 | streaming  | youtube | new things  | weight log,7,1,1,0,1
2018-02-10,Saturday,19,Positif,3,over the moon,reading | walk | Audio books  | good meal | travel | research  | songs,7,1,0,1,1
2018-02-10,Saturday,10,Positif,3,good,Write dairy  | Dota 2 | research  | Email,4,1,0,0,1
2018-02-09,Friday,19,Positif,3,blessed,walk | Audio books  | Email | songs,4,0,0,1,1
2018-02-08,Thursday,19,Positif,3,excited,walk | Audio books  | youtube | travel,4,0,0,1,1
2018-02-08,Thursday,15,Positif,3,blessed,good meal | streaming  | youtube | Email | shopping,5,0,0,0,1
2018-02-08,Thursday,12,Positif,3,good,reading | travel | research  | Email,4,0,0,0,1
2018-02-07,Wednesday,14,Positif,3,good,Dota 2 | Watching series  | youtube | travel | family | hospital,6,0,0,0,1
2018-02-05,Monday,17,Positif,3,happiest day,reading | shower | good meal | youtube | new things  | power nap | weight log,7,0,0,0,1
2018-02-05,Monday,11,Positif,3,blessed,fasting  | walk | meditation  | youtube,4,0,1,1,1
2018-02-04,Sunday,20,Positif,3,yolo,Write dairy  | walk | meditation  | Audio books  | good meal | streaming  | youtube | new things,8,1,1,1,1
2018-02-04,Sunday,6,Positif,3,blessed,prayer | good meal | youtube | movies,4,1,0,0,1
